v -3.008716 21.977921 -7.297823
v -3.199795 22.858181 -7.678848
v -2.912948 21.999327 -7.296904
v -3.103642 22.881168 -7.678602
v -2.818455 22.023882 -7.286973
v -3.008736 22.907167 -7.669204
v -2.726147 22.051353 -7.268127
v -2.915990 22.935923 -7.650743
v -2.636913 22.081474 -7.240548
v -2.826299 22.967155 -7.623397
v -2.551612 22.113953 -7.204501
v -2.740524 23.000566 -7.587429
v -2.471067 22.148481 -7.160333
v -2.659492 23.035833 -7.543185
v -2.396051 22.184723 -7.108469
v -2.583984 23.072615 -7.491090
v -2.327290 22.222330 -7.049410
v -2.514727 23.110559 -7.431647
v -2.265442 22.260941 -6.983723
v -2.452388 23.149300 -7.365429
v -2.211107 22.300182 -6.912042
v -2.397568 23.188469 -7.293075
v -2.164805 22.339678 -6.835056
v -2.350795 23.227690 -7.215281
v -2.126983 22.379045 -6.753508
v -2.312520 23.266586 -7.132798
v -2.098006 22.417910 -6.668181
v -2.283112 23.304787 -7.046421
v -2.078152 22.455891 -6.579900
v -2.262856 23.341928 -6.956984
v -2.067612 22.492628 -6.489511
v -2.251946 23.377653 -6.865348
v -2.066489 22.527763 -6.397889
v -2.250489 23.411621 -6.772397
v -2.074792 22.560963 -6.305914
v -2.258500 23.443508 -6.679028
v -2.092443 22.591902 -6.214471
v -2.275901 23.473009 -6.586141
v -2.119271 22.620287 -6.124443
v -2.302525 23.499842 -6.494629
v -2.155016 22.645842 -6.036695
v -2.338117 23.523746 -6.405376
v -2.199337 22.668322 -5.952072
v -2.382333 23.544498 -6.319242
v -2.251804 22.687510 -5.871391
v -2.434748 23.561895 -6.237056
v -2.311914 22.703222 -5.795427
v -2.494857 23.575768 -6.159608
v -2.379087 22.715305 -5.724913
v -2.562081 23.585985 -6.087646
v -2.452677 22.723644 -5.660527
v -2.635772 23.592443 -6.021860
v -2.531974 22.728159 -5.602890
v -2.715220 23.595081 -5.962886
v -2.616216 22.728806 -5.552556
v -2.799661 23.593872 -5.911288
v -2.704590 22.725576 -5.510009
v -2.888278 23.588820 -5.867564
v -2.796246 22.718506 -5.475662
v -2.980220 23.579977 -5.832133
v -2.890300 22.707659 -5.449843
v -3.074600 23.567421 -5.805336
v -2.985848 22.693142 -5.432802
v -3.170507 23.551273 -5.787430
v -3.081969 22.675095 -5.424702
v -3.267019 23.531687 -5.778585
v -3.177737 22.653688 -5.425622
v -3.363204 23.508846 -5.778888
v -3.272230 22.629133 -5.435552
v -3.458138 23.482967 -5.788333
v -3.364538 22.601662 -5.454398
v -3.550904 23.454304 -5.806829
v -3.453772 22.571541 -5.481977
v -3.640609 23.423126 -5.834198
v -3.539073 22.539062 -5.518024
v -3.726389 23.389736 -5.870176
v -3.619618 22.504534 -5.562192
v -3.807418 23.354454 -5.914415
v -3.694633 22.468292 -5.614056
v -3.882915 23.317619 -5.966492
v -3.763395 22.430685 -5.673115
v -3.952154 23.279589 -6.025903
v -3.825242 22.392075 -5.738802
v -4.014468 23.240728 -6.092078
v -3.879578 22.352833 -5.810483
v -4.069258 23.201416 -6.164378
v -3.925880 22.313337 -5.887469
v -4.115995 23.162029 -6.242110
v -3.963701 22.273970 -5.969018
v -4.154231 23.122953 -6.324526
v -3.992679 22.235107 -6.054344
v -4.183598 23.084564 -6.410831
v -4.012533 22.197124 -6.142626
v -4.203813 23.047235 -6.500197
v -4.023072 22.160387 -6.233013
v -4.214682 23.011332 -6.591764
v -4.024196 22.125252 -6.324636
v -4.216102 22.977196 -6.684651
v -4.015893 22.092052 -6.416612
v -4.208058 22.945160 -6.777963
v -3.998242 22.061113 -6.508054
v -4.190630 22.915539 -6.870804
v -3.971415 22.032728 -6.598083
v -4.163986 22.888617 -6.962279
v -3.935669 22.007174 -6.685830
v -4.128381 22.864655 -7.051509
v -3.891348 21.984694 -6.770452
v -4.084159 22.843882 -7.137634
v -3.838881 21.965506 -6.851134
v -4.031747 22.826502 -7.219825
v -3.778771 21.949793 -6.927098
v -3.971649 22.812681 -7.297292
v -3.711597 21.937710 -6.997612
v -3.904443 22.802553 -7.369285
v -3.638008 21.929371 -7.061998
v -3.830777 22.796211 -7.435114
v -3.558710 21.924856 -7.119636
v -3.751359 22.793718 -7.494143
v -3.474469 21.924210 -7.169970
v -3.666955 22.795094 -7.545802
v -3.386095 21.927439 -7.212516
v -3.578377 22.800323 -7.589594
v -3.294439 21.934509 -7.246863
v -3.486476 22.809355 -7.625095
v -3.200384 21.945356 -7.272682
v -3.392138 22.822098 -7.651964
v -3.104836 21.959873 -7.289723
v -3.296270 22.838427 -7.669940
v -3.457374 24.194918 -8.230042
v -3.552383 24.174454 -8.231094
v -3.363517 24.218018 -8.219860
v -3.271714 24.243532 -8.200646
v -3.182851 24.271214 -8.172585
v -3.097782 24.300797 -8.135944
v -3.017326 24.331997 -8.091078
v -2.942259 24.364510 -8.038419
v -2.873304 24.398024 -7.978474
v -2.811126 24.432217 -7.911823
v -2.756322 24.466761 -7.839106
v -2.709420 24.501326 -7.761021
v -2.670875 24.535576 -7.678326
v -2.641063 24.569180 -7.591828
v -2.620258 24.601828 -7.502337
v -2.608668 24.633198 -7.410726
v -2.606406 24.662991 -7.317879
v -2.613493 24.690920 -7.224693
v -2.629862 24.716719 -7.132063
v -2.655355 24.740139 -7.040884
v -2.689726 24.760956 -6.952031
v -2.732644 24.778969 -6.866361
v -2.783688 24.794014 -6.784685
v -2.842374 24.805941 -6.707803
v -2.908142 24.814629 -6.636465
v -2.980353 24.819996 -6.571346
v -3.058309 24.821991 -6.513072
v -3.141262 24.820589 -6.462207
v -3.228412 24.815805 -6.419239
v -3.318920 24.807686 -6.384583
v -3.411915 24.796307 -6.358572
v -3.506499 24.781775 -6.341456
v -3.601762 24.764231 -6.333398
v -3.696786 24.743841 -6.334476
v -3.790657 24.720802 -6.344681
v -3.882467 24.695335 -6.363909
v -3.971334 24.667683 -6.391977
v -4.056403 24.638115 -6.428617
v -4.136856 24.606913 -6.473479
v -4.211919 24.574377 -6.526131
v -4.280863 24.540821 -6.586056
v -4.343028 24.506573 -6.652683
v -4.397815 24.471960 -6.725372
v -4.444695 24.437317 -6.803419
v -4.483218 24.402979 -6.886075
v -4.513014 24.369276 -6.972546
v -4.533797 24.336536 -7.062000
v -4.545367 24.305077 -7.153577
v -4.547613 24.275198 -7.246394
v -4.540513 24.247189 -7.339560
v -4.524137 24.221323 -7.432176
v -4.498641 24.197849 -7.523350
v -4.464272 24.176992 -7.612206
v -4.421360 24.158958 -7.697887
v -4.370312 24.143927 -7.779555
v -4.311624 24.132034 -7.856435
v -4.245867 24.123388 -7.927793
v -4.173671 24.118078 -7.992935
v -4.095727 24.116159 -8.051232
v -4.012791 24.117643 -8.102125
v -3.925658 24.122517 -8.145123
v -3.835169 24.130732 -8.179812
v -3.742194 24.142204 -8.205856
v -3.647629 24.156826 -8.223006
v -3.868533 25.346745 -8.806228
v -3.961204 25.329048 -8.809087
v -3.776829 25.366837 -8.794315
v -3.686974 25.389130 -8.773459
v -3.599815 25.413433 -8.743830
v -3.516217 25.439476 -8.705758
v -3.436979 25.467012 -8.659597
v -3.362866 25.495771 -8.605797
v -3.294602 25.525467 -8.544891
v -3.232849 25.555807 -8.477475
v -3.178196 25.586504 -8.404191
v -3.131185 25.617254 -8.325768
v -3.092266 25.647764 -8.242958
v -3.061817 25.677742 -8.156563
v -3.040159 25.706879 -8.067466
v -3.027435 25.734957 -7.976409
v -3.023804 25.761675 -7.884331
v -3.029306 25.786777 -7.792131
v -3.043881 25.810032 -7.700681
v -3.067381 25.831219 -7.610851
v -3.099577 25.850143 -7.523501
v -3.140147 25.866638 -7.439450
v -3.188710 25.880539 -7.359528
v -3.244831 25.891695 -7.284557
v -3.307952 25.900005 -7.215233
v -3.377411 25.905413 -7.152125
v -3.452559 25.907850 -7.095878
v -3.532680 25.907293 -7.047050
v -3.616995 25.903749 -7.006094
v -3.704680 25.897257 -6.973385
v -3.794926 25.887863 -6.949298
v -3.886880 25.875647 -6.934097
v -3.979589 25.860752 -6.927808
v -4.072202 25.843306 -6.930564
v -4.163805 25.823483 -6.942303
v -4.253529 25.801462 -6.962934
v -4.340518 25.777458 -6.992270
v -4.423916 25.751720 -7.030000
v -4.502940 25.724468 -7.075791
v -4.576816 25.695974 -7.129185
v -4.644847 25.666500 -7.189690
v -4.706382 25.636328 -7.256730
v -4.760831 25.605745 -7.329664
v -4.807669 25.575047 -7.407790
v -4.846448 25.544525 -7.490359
v -4.876801 25.514473 -7.576588
v -4.898435 25.485174 -7.665647
v -4.911145 25.456915 -7.756681
v -4.914811 25.429966 -7.848818
v -4.909400 25.404581 -7.941176
v -4.894958 25.381016 -8.032855
v -4.871619 25.359501 -8.122963
v -4.839607 25.340250 -8.210630
v -4.799230 25.323452 -8.295012
v -4.750871 25.309277 -8.375286
v -4.694985 25.297874 -8.450661
v -4.632125 25.289333 -8.520436
v -4.562876 25.283775 -8.583904
v -4.487899 25.281260 -8.640443
v -4.407920 25.281797 -8.689516
v -4.323710 25.285385 -8.730654
v -4.236078 25.291983 -8.763453
v -4.145868 25.301529 -8.787600
v -4.053948 25.313927 -8.802860
v -4.148113 26.435169 -9.304730
v -4.241285 26.422161 -9.308320
v -4.055931 26.450100 -9.292125
v -3.965609 26.466820 -9.270593
v -3.878036 26.485157 -9.240374
v -3.794052 26.504940 -9.201756
v -3.714471 26.525974 -9.155117
v -3.640065 26.548061 -9.100917
v -3.571549 26.570990 -9.039675
v -3.509580 26.594536 -8.971977
v -3.454755 26.618477 -8.898474
v -3.407605 26.642578 -8.819880
v -3.368593 26.666603 -8.736966
v -3.338088 26.690321 -8.650520
v -3.316381 26.713509 -8.561370
v -3.303680 26.735939 -8.470373
v -3.300107 26.757397 -8.378403
v -3.305703 26.777676 -8.286358
v -3.320400 26.796579 -8.195101
v -3.344059 26.813923 -8.105514
v -3.376451 26.829544 -8.018456
v -3.417264 26.843288 -7.934770
v -3.466105 26.855019 -7.855258
v -3.522511 26.864624 -7.780703
v -3.585940 26.872011 -7.711820
v -3.655771 26.877106 -7.649257
v -3.731330 26.879864 -7.593615
v -3.811878 26.880260 -7.545408
v -3.896649 26.878288 -7.505119
v -3.984827 26.873964 -7.473135
v -4.075562 26.867331 -7.449765
v -4.167982 26.858452 -7.435235
v -4.261199 26.847412 -7.429688
v -4.354315 26.834320 -7.433181
v -4.446432 26.819304 -7.445673
v -4.536663 26.802507 -7.467048
v -4.624138 26.784096 -7.497097
v -4.708007 26.764254 -7.535517
v -4.787477 26.743166 -7.581962
v -4.861780 26.721039 -7.635983
v -4.930202 26.698086 -7.697062
v -4.992088 26.674530 -7.764617
v -5.046844 26.650597 -7.838002
v -5.093946 26.626516 -7.916512
v -5.132936 26.602520 -7.999387
v -5.163441 26.578844 -8.085833
v -5.185168 26.555712 -8.175018
v -5.197909 26.533344 -8.266087
v -5.201543 26.511955 -8.358161
v -5.196042 26.491745 -8.450371
v -5.181449 26.472910 -8.541808
v -5.157889 26.455639 -8.631567
v -5.125584 26.440098 -8.718773
v -5.084857 26.426426 -8.802610
v -5.036105 26.414753 -8.882275
v -4.979794 26.405190 -8.956995
v -4.916463 26.397823 -9.026048
v -4.846719 26.392735 -9.088761
v -4.771234 26.389969 -9.144532
v -4.690718 26.389561 -9.192794
v -4.605952 26.391514 -9.233091
v -4.517764 26.395802 -9.265059
v -4.427006 26.402382 -9.288389
v -4.334549 26.411196 -9.302855
v -4.337473 27.504780 -9.621893
v -4.434007 27.496582 -9.627719
v -4.241844 27.514652 -9.606647
v -4.148077 27.526098 -9.582191
v -4.057089 27.539007 -9.548786
v -3.969772 27.553255 -9.506776
v -3.886971 27.568707 -9.456576
v -3.809484 27.585217 -9.398672
v -3.738058 27.602631 -9.333620
v -3.673379 27.620773 -9.262044
v -3.616070 27.639475 -9.184632
v -3.566679 27.658550 -9.102125
v -3.525687 27.677809 -9.015326
v -3.493487 27.697058 -8.925068
v -3.470376 27.716114 -8.832197
v -3.456568 27.734789 -8.737593
v -3.452187 27.752901 -8.642151
v -3.457301 27.770262 -8.546835
v -3.471828 27.786709 -8.452507
v -3.495620 27.802074 -8.360060
v -3.528446 27.816216 -8.270381
v -3.569981 27.828985 -8.184320
v -3.619823 27.840263 -8.102701
v -3.677516 27.849924 -8.026354
v -3.742494 27.857883 -7.955995
v -3.814110 27.864069 -7.892262
v -3.891663 27.868425 -7.835753
v -3.974401 27.870914 -7.787002
v -4.061532 27.871510 -7.746489
v -4.152214 27.870216 -7.714595
v -4.245574 27.867044 -7.691629
v -4.340717 27.862034 -7.677823
v -4.436733 27.855232 -7.673318
v -4.532699 27.846714 -7.678160
v -4.627689 27.836569 -7.692301
v -4.720792 27.824898 -7.715610
v -4.811114 27.811827 -7.747866
v -4.897795 27.797478 -7.788776
v -4.980008 27.781994 -7.837963
v -5.056973 27.765526 -7.894969
v -5.127948 27.748234 -7.959246
v -5.192256 27.730286 -8.030186
v -5.249290 27.711849 -8.107125
v -5.298510 27.693094 -8.189340
v -5.339449 27.674200 -8.276051
v -5.371716 27.655342 -8.366428
v -5.395004 27.636696 -8.459608
v -5.409092 27.618431 -8.554699
v -5.413849 27.600716 -8.650794
v -5.409245 27.583700 -8.746993
v -5.395306 27.567551 -8.842337
v -5.372156 27.552416 -8.935893
v -5.339997 27.538445 -9.026724
v -5.299118 27.525770 -9.113917
v -5.249919 27.514502 -9.196644
v -5.192861 27.504749 -9.274086
v -5.128460 27.496616 -9.345442
v -5.057256 27.490215 -9.409883
v -4.980016 27.485582 -9.466927
v -4.897461 27.482769 -9.515991
v -4.810357 27.481819 -9.556547
v -4.719531 27.482754 -9.588189
v -4.625926 27.485538 -9.610725
v -4.530447 27.490158 -9.623949
v -4.401916 28.758244 -9.887995
v -4.506098 28.755184 -9.901874
v -4.299131 28.762192 -9.865204
v -4.198734 28.767008 -9.833715
v -4.101674 28.772678 -9.793804
v -4.008846 28.779175 -9.745786
v -3.921097 28.786465 -9.690042
v -3.839221 28.794502 -9.627024
v -3.763959 28.803223 -9.557248
v -3.695982 28.812557 -9.481300
v -3.635889 28.822426 -9.399814
v -3.584213 28.832733 -9.313494
v -3.541425 28.843370 -9.223124
v -3.507890 28.854229 -9.129496
v -3.483875 28.865210 -9.033411
v -3.469577 28.876190 -8.935738
v -3.465094 28.887066 -8.837348
v -3.470500 28.897709 -8.739244
v -3.485654 28.908014 -8.642211
v -3.510390 28.917864 -8.547154
v -3.544493 28.927135 -8.455028
v -3.587253 28.935867 -8.366057
v -3.638743 28.943775 -8.281940
v -3.698309 28.950832 -8.203211
v -3.765269 28.957005 -8.130443
v -3.838951 28.962234 -8.064287
v -3.918753 28.966433 -8.005569
v -4.003767 28.969604 -7.954611
v -4.093162 28.971735 -7.911885
v -4.186141 28.972786 -7.877911
v -4.281879 28.972736 -7.853138
v -4.379409 28.971619 -7.837727
v -4.477810 28.969456 -7.831860
v -4.576152 28.966286 -7.835622
v -4.673502 28.962154 -7.849001
v -4.768942 28.957123 -7.871903
v -4.861582 28.951252 -7.904159
v -4.950566 28.944611 -7.945518
v -5.035091 28.937271 -7.995678
v -5.114398 28.929300 -8.054249
v -5.187769 28.920780 -8.120747
v -5.254546 28.911793 -8.194615
v -5.314143 28.902412 -8.275246
v -5.366052 28.892712 -8.361967
v -5.409833 28.882767 -8.454058
v -5.445132 28.872643 -8.550741
v -5.471668 28.862404 -8.651192
v -5.489239 28.852114 -8.754534
v -5.497747 28.841822 -8.859896
v -5.497212 28.831558 -8.966438
v -5.487573 28.821424 -9.073021
v -5.468915 28.811487 -9.178604
v -5.441392 28.801821 -9.282130
v -5.405216 28.792498 -9.382503
v -5.360617 28.783607 -9.478556
v -5.307848 28.775274 -9.569057
v -5.247134 28.767641 -9.652645
v -5.178261 28.760979 -9.727129
v -5.099907 28.756001 -9.788355
v -5.010500 28.753456 -9.831704
v -4.915536 28.751961 -9.864785
v -4.816467 28.751400 -9.888212
v -4.714466 28.751751 -9.902136
v -4.610647 28.753014 -9.906653
v -4.402277 30.048134 -9.810736
v -4.497804 30.049805 -9.815429
v -4.307672 30.046486 -9.796703
v -4.214898 30.044870 -9.773465
v -4.124850 30.043308 -9.741245
v -4.038394 30.041813 -9.700356
v -3.956359 30.040396 -9.651189
v -3.879539 30.039070 -9.594217
v -3.808672 30.037851 -9.529991
v -3.744442 30.036747 -9.459129
v -3.687468 30.035770 -9.382313
v -3.638297 30.034927 -9.300282
v -3.597404 30.034229 -9.213827
v -3.565182 30.033676 -9.123781
v -3.541943 30.033279 -9.031010
v -3.527909 30.033041 -8.936408
v -3.523215 30.032961 -8.840886
v -3.527909 30.033041 -8.745364
v -3.541943 30.033279 -8.650763
v -3.565182 30.033676 -8.557991
v -3.597404 30.034229 -8.467945
v -3.638297 30.034927 -8.381490
v -3.687468 30.035770 -8.299459
v -3.744442 30.036747 -8.222643
v -3.808672 30.037851 -8.151781
v -3.879539 30.039070 -8.087555
v -3.956359 30.040396 -8.030583
v -4.038394 30.041813 -7.981417
v -4.124850 30.043308 -7.940526
v -4.214898 30.044870 -7.908307
v -4.307672 30.046486 -7.885069
v -4.402277 30.048134 -7.871037
v -4.497804 30.049805 -7.866343
v -4.593330 30.051479 -7.871037
v -4.687938 30.053143 -7.885069
v -4.780716 30.054775 -7.908307
v -4.870770 30.056362 -7.940526
v -4.957229 30.057890 -7.981417
v -5.039263 30.059343 -8.030583
v -5.116082 30.060707 -8.087555
v -5.186947 30.061966 -8.151781
v -5.251174 30.063110 -8.222643
v -5.308147 30.064127 -8.299459
v -5.357316 30.065006 -8.381490
v -5.398207 30.065735 -8.467945
v -5.430426 30.066313 -8.557991
v -5.453664 30.066729 -8.650763
v -5.467697 30.066980 -8.745364
v -5.472390 30.067064 -8.840886
v -5.467697 30.066980 -8.936408
v -5.453664 30.066729 -9.031010
v -5.430426 30.066313 -9.123781
v -5.398207 30.065735 -9.213827
v -5.357316 30.065006 -9.300282
v -5.308147 30.064127 -9.382313
v -5.251174 30.063110 -9.459129
v -5.186946 30.061966 -9.529991
v -5.116082 30.060707 -9.594217
v -5.039263 30.059343 -9.651189
v -4.957229 30.057890 -9.700356
v -4.870770 30.056362 -9.741245
v -4.780716 30.054773 -9.773465
v -4.687938 30.053143 -9.796703
v -4.593330 30.051479 -9.810736
v -4.392262 31.506134 -9.827703
v -4.489005 31.505800 -9.832479
v -4.296439 31.506462 -9.813425
v -4.202460 31.506783 -9.789781
v -4.111228 31.507095 -9.756998
v -4.023627 31.507397 -9.715392
v -3.940501 31.507683 -9.665365
v -3.862652 31.507948 -9.607397
v -3.790831 31.508194 -9.542048
v -3.725732 31.508415 -9.469946
v -3.667980 31.508617 -9.391785
v -3.618136 31.508787 -9.308319
v -3.576680 31.508928 -9.220352
v -3.544011 31.509041 -9.128730
v -3.520445 31.509121 -9.034336
v -3.506210 31.509171 -8.938079
v -3.501442 31.509186 -8.840886
v -3.506210 31.509171 -8.743693
v -3.520446 31.509121 -8.647436
v -3.544011 31.509041 -8.553042
v -3.576680 31.508928 -8.461420
v -3.618136 31.508787 -8.373453
v -3.667981 31.508614 -8.289988
v -3.725732 31.508415 -8.211826
v -3.790831 31.508194 -8.139725
v -3.862652 31.507948 -8.074375
v -3.940501 31.507683 -8.016407
v -4.023628 31.507397 -7.966380
v -4.111229 31.507095 -7.924775
v -4.202460 31.506783 -7.891992
v -4.296440 31.506458 -7.868347
v -4.392262 31.506134 -7.854069
v -4.489005 31.505802 -7.849294
v -4.585734 31.505468 -7.854069
v -4.681517 31.505138 -7.868347
v -4.775430 31.504818 -7.891992
v -4.866570 31.504505 -7.924775
v -4.954058 31.504204 -7.966380
v -5.037054 31.503920 -8.016407
v -5.114758 31.503654 -8.074375
v -5.186424 31.503407 -8.139725
v -5.251364 31.503185 -8.211826
v -5.308955 31.502989 -8.289988
v -5.358647 31.502819 -8.373453
v -5.399963 31.502676 -8.461420
v -5.432510 31.502563 -8.553042
v -5.455975 31.502483 -8.647436
v -5.470135 31.502434 -8.743693
v -5.474857 31.502419 -8.840886
v -5.470135 31.502434 -8.938079
v -5.455976 31.502481 -9.034336
v -5.432511 31.502563 -9.128730
v -5.399963 31.502676 -9.220352
v -5.358647 31.502819 -9.308319
v -5.308956 31.502987 -9.391785
v -5.251365 31.503185 -9.469946
v -5.186423 31.503408 -9.542048
v -5.114757 31.503654 -9.607397
v -5.037052 31.503922 -9.665365
v -4.954057 31.504208 -9.715392
v -4.866569 31.504505 -9.756998
v -4.775430 31.504818 -9.789781
v -4.681517 31.505138 -9.813425
v -4.585734 31.505468 -9.827703
v -4.344714 32.999290 -9.827703
v -4.441907 32.999290 -9.832479
v -4.248457 32.999290 -9.813425
v -4.154063 32.999290 -9.789781
v -4.062441 32.999290 -9.756998
v -3.974474 32.999290 -9.715392
v -3.891008 32.999290 -9.665365
v -3.812848 32.999290 -9.607397
v -3.740746 32.999290 -9.542048
v -3.675396 32.999290 -9.469946
v -3.617429 32.999290 -9.391785
v -3.567401 32.999290 -9.308319
v -3.525796 32.999290 -9.220352
v -3.493013 32.999290 -9.128730
v -3.469368 32.999290 -9.034336
v -3.455090 32.999290 -8.938079
v -3.450315 32.999290 -8.840886
v -3.455090 32.999290 -8.743693
v -3.469368 32.999290 -8.647436
v -3.493013 32.999290 -8.553042
v -3.525796 32.999290 -8.461420
v -3.567401 32.999290 -8.373453
v -3.617429 32.999290 -8.289988
v -3.675396 32.999290 -8.211826
v -3.740746 32.999290 -8.139725
v -3.812848 32.999290 -8.074375
v -3.891008 32.999290 -8.016407
v -3.974474 32.999290 -7.966380
v -4.062441 32.999290 -7.924775
v -4.154063 32.999290 -7.891992
v -4.248457 32.999290 -7.868347
v -4.344714 32.999290 -7.854069
v -4.441907 32.999290 -7.849294
v -4.539101 32.999290 -7.854069
v -4.635357 32.999290 -7.868347
v -4.729752 32.999290 -7.891992
v -4.821373 32.999290 -7.924775
v -4.909341 32.999290 -7.966380
v -4.992806 32.999290 -8.016407
v -5.070967 32.999290 -8.074375
v -5.143069 32.999290 -8.139725
v -5.208418 32.999290 -8.211826
v -5.266386 32.999290 -8.289988
v -5.316414 32.999290 -8.373453
v -5.358019 32.999290 -8.461420
v -5.390802 32.999290 -8.553042
v -5.414446 32.999290 -8.647436
v -5.428725 32.999290 -8.743693
v -5.433499 32.999290 -8.840886
v -5.428725 32.999290 -8.938079
v -5.414446 32.999290 -9.034336
v -5.390802 32.999290 -9.128730
v -5.358019 32.999290 -9.220352
v -5.316414 32.999290 -9.308319
v -5.266386 32.999290 -9.391785
v -5.208418 32.999290 -9.469946
v -5.143069 32.999290 -9.542048
v -5.070967 32.999290 -9.607397
v -4.992806 32.999290 -9.665365
v -4.909341 32.999290 -9.715392
v -4.821373 32.999290 -9.756998
v -4.729752 32.999290 -9.789781
v -4.635357 32.999290 -9.813425
v -4.539101 32.999290 -9.827703
v -4.351474 33.701843 -9.794552
v -4.445401 33.701847 -9.799167
v -4.258450 33.701843 -9.780754
v -4.167227 33.701847 -9.757904
v -4.078683 33.701847 -9.726222
v -3.993671 33.701847 -9.686014
v -3.913009 33.701843 -9.637668
v -3.837475 33.701843 -9.581647
v -3.767795 33.701843 -9.518493
v -3.704640 33.701847 -9.448812
v -3.648620 33.701843 -9.373279
v -3.600273 33.701843 -9.292617
v -3.560066 33.701843 -9.207604
v -3.528384 33.701843 -9.119061
v -3.505534 33.701843 -9.027838
v -3.491735 33.701843 -8.934814
v -3.487121 33.701843 -8.840886
v -3.491735 33.701843 -8.746958
v -3.505534 33.701843 -8.653934
v -3.528384 33.701843 -8.562712
v -3.560066 33.701843 -8.474168
v -3.600273 33.701843 -8.389156
v -3.648620 33.701843 -8.308494
v -3.704640 33.701843 -8.232960
v -3.767795 33.701843 -8.163280
v -3.837475 33.701843 -8.100125
v -3.913009 33.701843 -8.044106
v -3.993671 33.701843 -7.995758
v -4.078683 33.701843 -7.955550
v -4.167227 33.701843 -7.923869
v -4.258450 33.701843 -7.901019
v -4.351473 33.701843 -7.887220
v -4.445401 33.701843 -7.882606
v -4.539330 33.701843 -7.887220
v -4.632353 33.701843 -7.901019
v -4.723576 33.701843 -7.923869
v -4.812119 33.701843 -7.955550
v -4.897132 33.701843 -7.995758
v -4.977794 33.701843 -8.044106
v -5.053329 33.701843 -8.100125
v -5.123008 33.701843 -8.163280
v -5.186162 33.701843 -8.232960
v -5.242183 33.701843 -8.308494
v -5.290529 33.701843 -8.389156
v -5.330737 33.701843 -8.474168
v -5.362419 33.701843 -8.562712
v -5.385269 33.701843 -8.653934
v -5.399068 33.701843 -8.746958
v -5.403682 33.701843 -8.840886
v -5.399068 33.701843 -8.934814
v -5.385269 33.701843 -9.027838
v -5.362419 33.701843 -9.119061
v -5.330737 33.701843 -9.207604
v -5.290529 33.701843 -9.292617
v -5.242183 33.701843 -9.373279
v -5.186162 33.701843 -9.448812
v -5.123008 33.701843 -9.518493
v -5.053329 33.701847 -9.581647
v -4.977794 33.701843 -9.637668
v -4.897132 33.701847 -9.686014
v -4.812119 33.701843 -9.726222
v -4.723576 33.701843 -9.757904
v -4.632353 33.701847 -9.780754
v -4.539330 33.701847 -9.794552
v -4.270335 33.559776 -10.938727
v -4.476954 33.559776 -10.948878
v -4.065705 33.559776 -10.908374
v -3.865036 33.559776 -10.858109
v -3.670261 33.559776 -10.788417
v -3.483254 33.559776 -10.699969
v -3.305817 33.559776 -10.593617
v -3.139658 33.559776 -10.470387
v -2.986379 33.559776 -10.331462
v -2.847455 33.559776 -10.178183
v -2.724224 33.559776 -10.012024
v -2.617872 33.559776 -9.834587
v -2.529424 33.559776 -9.647580
v -2.459732 33.559776 -9.452805
v -2.409467 33.559776 -9.252135
v -2.379113 33.559776 -9.047506
v -2.368962 33.559776 -8.840887
v -2.379113 33.559776 -8.634268
v -2.409467 33.559776 -8.429638
v -2.459732 33.559776 -8.228969
v -2.529424 33.559776 -8.034193
v -2.617872 33.559776 -7.847186
v -2.724224 33.559776 -7.669749
v -2.847455 33.559776 -7.503591
v -2.986379 33.559776 -7.350311
v -3.139658 33.559776 -7.211387
v -3.305817 33.559776 -7.088156
v -3.483254 33.559776 -6.981804
v -3.670261 33.559776 -6.893356
v -3.865036 33.559776 -6.823664
v -4.065705 33.559776 -6.773399
v -4.270335 33.559776 -6.743046
v -4.476954 33.559776 -6.732895
v -4.683574 33.559776 -6.743046
v -4.888203 33.559776 -6.773399
v -5.088872 33.559776 -6.823664
v -5.283648 33.559776 -6.893356
v -5.470654 33.559776 -6.981804
v -5.648092 33.559776 -7.088156
v -5.814250 33.559776 -7.211387
v -5.967529 33.559776 -7.350311
v -6.106454 33.559776 -7.503591
v -6.229686 33.559776 -7.669749
v -6.336037 33.559776 -7.847186
v -6.424485 33.559776 -8.034193
v -6.494177 33.559776 -8.228969
v -6.544441 33.559776 -8.429638
v -6.574796 33.559776 -8.634268
v -6.584946 33.559776 -8.840887
v -6.574796 33.559776 -9.047506
v -6.544441 33.559776 -9.252135
v -6.494177 33.559776 -9.452805
v -6.424485 33.559776 -9.647580
v -6.336037 33.559776 -9.834587
v -6.229686 33.559776 -10.012024
v -6.106454 33.559776 -10.178183
v -5.967529 33.559776 -10.331462
v -5.814250 33.559776 -10.470387
v -5.648092 33.559776 -10.593617
v -5.470654 33.559776 -10.699969
v -5.283648 33.559776 -10.788417
v -5.088872 33.559776 -10.858109
v -4.888203 33.559776 -10.908374
v -4.683574 33.559776 -10.938727
v -4.054007 34.439278 -12.739761
v -4.438013 34.439278 -12.758627
v -3.673700 34.439278 -12.683348
v -3.300753 34.439278 -12.589930
v -2.938759 34.439278 -12.460405
v -2.591203 34.439278 -12.296024
v -2.261433 34.439278 -12.098368
v -1.952625 34.439278 -11.869339
v -1.667753 34.439278 -11.611147
v -1.409559 34.439278 -11.326274
v -1.180532 34.439278 -11.017466
v -0.982875 34.439278 -10.687696
v -0.818494 34.439278 -10.340141
v -0.688969 34.439278 -9.978146
v -0.595552 34.439278 -9.605200
v -0.539138 34.439278 -9.224892
v -0.520272 34.439278 -8.840887
v -0.539138 34.439278 -8.456881
v -0.595552 34.439278 -8.076573
v -0.688969 34.439278 -7.703627
v -0.818494 34.439278 -7.341632
v -0.982875 34.439278 -6.994077
v -1.180532 34.439278 -6.664307
v -1.409559 34.439278 -6.355498
v -1.667753 34.439278 -6.070626
v -1.952625 34.439278 -5.812432
v -2.261433 34.439278 -5.583405
v -2.591203 34.439278 -5.385748
v -2.938759 34.439278 -5.221367
v -3.300753 34.439278 -5.091843
v -3.673700 34.439278 -4.998425
v -4.054007 34.439278 -4.942012
v -4.438013 34.439278 -4.923146
v -4.822019 34.439278 -4.942012
v -5.202326 34.439278 -4.998425
v -5.575273 34.439278 -5.091843
v -5.937267 34.439278 -5.221367
v -6.284823 34.439278 -5.385748
v -6.614593 34.439278 -5.583405
v -6.923401 34.439278 -5.812432
v -7.208273 34.439278 -6.070626
v -7.466466 34.439278 -6.355498
v -7.695495 34.439278 -6.664307
v -7.893151 34.439278 -6.994077
v -8.057532 34.439278 -7.341632
v -8.187056 34.439278 -7.703627
v -8.280474 34.439278 -8.076573
v -8.336887 34.439278 -8.456881
v -8.355752 34.439278 -8.840887
v -8.336887 34.439278 -9.224892
v -8.280474 34.439278 -9.605200
v -8.187056 34.439278 -9.978146
v -8.057532 34.439278 -10.340141
v -7.893151 34.439278 -10.687696
v -7.695495 34.439278 -11.017466
v -7.466466 34.439278 -11.326274
v -7.208273 34.439278 -11.611147
v -6.923401 34.439278 -11.869339
v -6.614593 34.439278 -12.098368
v -6.284823 34.439278 -12.296024
v -5.937267 34.439278 -12.460405
v -5.575273 34.439278 -12.589930
v -5.202326 34.439278 -12.683348
v -4.822019 34.439278 -12.739761
v -4.191154 35.586380 -11.648020
v -4.467633 35.586380 -11.661604
v -3.917339 35.586380 -11.607403
v -3.648822 35.586380 -11.540144
v -3.388191 35.586380 -11.446888
v -3.137957 35.586380 -11.328536
v -2.900527 35.586380 -11.186226
v -2.678190 35.586380 -11.021330
v -2.473086 35.586380 -10.835434
v -2.287190 35.586376 -10.630330
v -2.122294 35.586380 -10.407992
v -1.979984 35.586380 -10.170563
v -1.861632 35.586380 -9.920328
v -1.768375 35.586380 -9.659697
v -1.701117 35.586376 -9.391181
v -1.660500 35.586380 -9.117365
v -1.646916 35.586376 -8.840886
v -1.660500 35.586380 -8.564407
v -1.701117 35.586376 -8.290592
v -1.768375 35.586380 -8.022076
v -1.861632 35.586380 -7.761445
v -1.979984 35.586380 -7.511209
v -2.122294 35.586380 -7.273780
v -2.287190 35.586376 -7.051443
v -2.473086 35.586380 -6.846339
v -2.678190 35.586376 -6.660443
v -2.900527 35.586376 -6.495546
v -3.137957 35.586376 -6.353237
v -3.388192 35.586376 -6.234884
v -3.648822 35.586376 -6.141629
v -3.917339 35.586376 -6.074370
v -4.191154 35.586380 -6.033753
v -4.467633 35.586376 -6.020170
v -4.744112 35.586380 -6.033753
v -5.017928 35.586376 -6.074370
v -5.286444 35.586376 -6.141629
v -5.547075 35.586376 -6.234884
v -5.797310 35.586376 -6.353237
v -6.034739 35.586376 -6.495546
v -6.257077 35.586376 -6.660443
v -6.462181 35.586380 -6.846339
v -6.648076 35.586380 -7.051443
v -6.812973 35.586380 -7.273780
v -6.955283 35.586376 -7.511209
v -7.073636 35.586380 -7.761445
v -7.166890 35.586380 -8.022076
v -7.234150 35.586380 -8.290592
v -7.274767 35.586380 -8.564407
v -7.288349 35.586380 -8.840886
v -7.274767 35.586380 -9.117365
v -7.234150 35.586380 -9.391181
v -7.166890 35.586380 -9.659697
v -7.073636 35.586380 -9.920328
v -6.955283 35.586376 -10.170563
v -6.812973 35.586380 -10.407992
v -6.648076 35.586380 -10.630330
v -6.462181 35.586380 -10.835434
v -6.257077 35.586380 -11.021330
v -6.034739 35.586380 -11.186226
v -5.797310 35.586380 -11.328536
v -5.547075 35.586380 -11.446888
v -5.286444 35.586380 -11.540144
v -5.017928 35.586380 -11.607403
v -4.744112 35.586380 -11.648020
v -4.365760 36.238228 -9.969857
v -4.476954 36.238228 -9.975320
v -4.255637 36.238228 -9.953522
v -4.147645 36.238228 -9.926472
v -4.042825 36.238228 -9.888966
v -3.942186 36.238228 -9.841368
v -3.846697 36.238228 -9.784133
v -3.757277 36.238228 -9.717815
v -3.674789 36.238228 -9.643052
v -3.600025 36.238228 -9.560563
v -3.533708 36.238228 -9.471144
v -3.476473 36.238228 -9.375654
v -3.428875 36.238228 -9.275015
v -3.391369 36.238228 -9.170195
v -3.364319 36.238228 -9.062203
v -3.347984 36.238228 -8.952080
v -3.342521 36.238228 -8.840887
v -3.347984 36.238228 -8.729692
v -3.364319 36.238228 -8.619570
v -3.391369 36.238228 -8.511578
v -3.428875 36.238228 -8.406757
v -3.476473 36.238228 -8.306118
v -3.533708 36.238228 -8.210629
v -3.600025 36.238228 -8.121209
v -3.674789 36.238228 -8.038721
v -3.757277 36.238228 -7.963958
v -3.846697 36.238228 -7.897639
v -3.942186 36.238228 -7.840405
v -4.042825 36.238228 -7.792807
v -4.147645 36.238228 -7.755301
v -4.255637 36.238228 -7.728251
v -4.365760 36.238228 -7.711916
v -4.476954 36.238228 -7.706453
v -4.588148 36.238228 -7.711916
v -4.698271 36.238228 -7.728251
v -4.806263 36.238228 -7.755301
v -4.911083 36.238228 -7.792807
v -5.011723 36.238228 -7.840405
v -5.107212 36.238228 -7.897639
v -5.196631 36.238228 -7.963958
v -5.279119 36.238228 -8.038721
v -5.353883 36.238228 -8.121209
v -5.420201 36.238228 -8.210629
v -5.477435 36.238228 -8.306118
v -5.525034 36.238228 -8.406757
v -5.562540 36.238228 -8.511578
v -5.589590 36.238228 -8.619570
v -5.605925 36.238228 -8.729692
v -5.611388 36.238228 -8.840887
v -5.605925 36.238228 -8.952080
v -5.589590 36.238228 -9.062203
v -5.562540 36.238228 -9.170195
v -5.525034 36.238228 -9.275015
v -5.477435 36.238228 -9.375654
v -5.420201 36.238228 -9.471144
v -5.353883 36.238228 -9.560563
v -5.279119 36.238228 -9.643052
v -5.196631 36.238228 -9.717815
v -5.107212 36.238228 -9.784133
v -5.011723 36.238228 -9.841368
v -4.911083 36.238228 -9.888966
v -4.806263 36.238228 -9.926472
v -4.698271 36.238228 -9.953522
v -4.588148 36.238228 -9.969857
v -4.473469 36.637497 -8.876293
v -4.476956 36.637497 -8.876465
v -4.470016 36.637497 -8.875782
v -4.466628 36.637497 -8.874933
v -4.463341 36.637497 -8.873756
v -4.460185 36.637497 -8.872264
v -4.457190 36.637497 -8.870469
v -4.454385 36.637497 -8.868389
v -4.451798 36.637497 -8.866044
v -4.449453 36.637497 -8.863457
v -4.447373 36.637497 -8.860653
v -4.445579 36.637497 -8.857658
v -4.444086 36.637497 -8.854502
v -4.442909 36.637497 -8.851214
v -4.442061 36.637497 -8.847828
v -4.441549 36.637497 -8.844374
v -4.441378 36.637497 -8.840886
v -4.441549 36.637497 -8.837399
v -4.442061 36.637497 -8.833945
v -4.442909 36.637497 -8.830559
v -4.444086 36.637497 -8.827271
v -4.445579 36.637497 -8.824115
v -4.447373 36.637497 -8.821119
v -4.449453 36.637497 -8.818316
v -4.451798 36.637497 -8.815728
v -4.454385 36.637497 -8.813383
v -4.457190 36.637497 -8.811304
v -4.460185 36.637497 -8.809508
v -4.463341 36.637497 -8.808016
v -4.466628 36.637497 -8.806839
v -4.470016 36.637497 -8.805991
v -4.473469 36.637497 -8.805479
v -4.476956 36.637497 -8.805307
v -4.480443 36.637497 -8.805479
v -4.483897 36.637497 -8.805991
v -4.487284 36.637497 -8.806839
v -4.490572 36.637497 -8.808016
v -4.493728 36.637497 -8.809508
v -4.496723 36.637497 -8.811304
v -4.499527 36.637497 -8.813383
v -4.502114 36.637497 -8.815728
v -4.504459 36.637497 -8.818316
v -4.506539 36.637497 -8.821119
v -4.508334 36.637497 -8.824115
v -4.509827 36.637497 -8.827271
v -4.511003 36.637497 -8.830559
v -4.511851 36.637497 -8.833945
v -4.512363 36.637497 -8.837399
v -4.512535 36.637497 -8.840886
v -4.512363 36.637497 -8.844374
v -4.511851 36.637497 -8.847828
v -4.511003 36.637497 -8.851214
v -4.509827 36.637497 -8.854502
v -4.508334 36.637497 -8.857658
v -4.506539 36.637497 -8.860653
v -4.504459 36.637497 -8.863457
v -4.502114 36.637497 -8.866044
v -4.499527 36.637497 -8.868389
v -4.496723 36.637497 -8.870469
v -4.493728 36.637497 -8.872264
v -4.490572 36.637497 -8.873756
v -4.487284 36.637497 -8.874933
v -4.483897 36.637497 -8.875782
v -4.480443 36.637497 -8.876293
v -5.894799 33.678284 -6.686584
v -6.136017 33.854858 -6.310396
v -6.382230 34.050743 -5.934208
v -6.657782 34.050747 -6.138572
v -6.375906 33.854065 -6.488311
v -6.099027 33.678284 -6.838049
v -2.061608 33.678284 -9.832403
v -1.633467 33.871540 -10.005543
v -1.210322 34.050743 -10.178683
v -1.094746 34.050747 -9.855673
v -1.532849 33.871544 -9.724337
v -1.975948 33.678284 -9.593001
v -6.911975 34.050747 -6.368960
v -6.597202 33.853359 -6.688881
v -6.287424 33.678284 -7.008802
v -1.011389 34.050747 -9.522890
v -1.460280 33.871540 -9.434624
v -1.914167 33.678284 -9.346357
v -7.142364 34.050747 -6.623154
v -6.797772 33.852741 -6.910177
v -6.458178 33.678284 -7.197200
v -0.961051 34.050747 -9.183538
v -1.416457 33.871540 -9.139192
v -1.876859 33.678284 -9.094845
v -7.346727 34.050747 -6.898706
v -6.975687 33.852211 -7.150067
v -6.609643 33.678284 -7.401427
v -0.944216 34.050747 -8.840887
v -1.401801 33.871544 -8.840887
v -1.864382 33.678284 -8.840887
v -7.523097 34.050747 -7.192963
v -7.129231 33.851765 -7.406240
v -6.740361 33.678284 -7.619517
v -0.961051 34.050747 -8.498235
v -1.416457 33.871540 -8.542582
v -1.876859 33.678284 -8.586928
v -7.669776 34.050747 -7.503089
v -7.256927 33.851402 -7.676229
v -6.849073 33.678284 -7.849370
v -1.011389 34.050747 -8.158884
v -1.460280 33.871540 -8.247149
v -1.914167 33.678284 -8.335416
v -7.785351 34.050747 -7.826100
v -7.357544 33.851120 -7.957436
v -6.934732 33.678284 -8.088771
v -1.094746 34.050747 -7.826100
v -1.532849 33.871544 -7.957436
v -1.975948 33.678284 -8.088771
v -7.868709 34.050747 -8.158884
v -7.430113 33.850918 -8.247149
v -6.996513 33.678284 -8.335416
v -1.210322 34.050747 -7.503089
v -1.633467 33.871540 -7.676229
v -2.061608 33.678284 -7.849370
v -7.919047 34.050747 -8.498235
v -7.473936 33.850800 -8.542582
v -7.033822 33.678284 -8.586928
v -1.357001 34.050747 -7.192963
v -1.761162 33.871544 -7.406240
v -2.170320 33.678284 -7.619517
v -7.935881 34.050747 -8.840887
v -7.488591 33.850758 -8.840887
v -7.046298 33.678284 -8.840887
v -1.533372 34.050747 -6.898706
v -1.914707 33.871540 -7.150067
v -2.301038 33.678284 -7.401427
v -7.919047 34.050747 -9.183538
v -7.473936 33.850800 -9.139192
v -7.033822 33.678284 -9.094845
v -1.737735 34.050747 -6.623154
v -2.092621 33.871544 -6.910177
v -2.452503 33.678284 -7.197200
v -7.868709 34.050747 -9.522890
v -7.430113 33.850918 -9.434624
v -6.996513 33.678284 -9.346357
v -1.968122 34.050747 -6.368960
v -2.293192 33.871544 -6.688881
v -2.623257 33.678284 -7.008802
v -7.785351 34.050747 -9.855673
v -7.357544 33.851120 -9.724337
v -6.934732 33.678284 -9.593001
v -2.222317 34.050747 -6.138572
v -2.514487 33.871544 -6.488311
v -2.811654 33.678284 -6.838049
v -7.669776 34.050747 -10.178683
v -7.256927 33.851402 -10.005543
v -6.849073 33.678284 -9.832403
v -2.497869 34.050747 -5.934208
v -2.754377 33.871544 -6.310396
v -3.015881 33.678284 -6.686584
v -7.523097 34.050747 -10.488810
v -7.129231 33.851765 -10.275533
v -6.740361 33.678284 -10.062256
v -2.792125 34.050747 -5.757838
v -3.010550 33.871544 -6.156852
v -3.233971 33.678284 -6.555866
v -4.455340 33.678284 -11.431845
v -4.445197 33.862267 -11.884281
v -4.440049 34.050743 -12.336720
v -4.097398 34.050747 -12.319885
v -4.146892 33.864323 -11.869627
v -4.201382 33.678284 -11.419368
v -7.346727 34.050747 -10.783067
v -6.975687 33.852211 -10.531706
v -6.609643 33.678284 -10.280346
v -3.102252 34.050747 -5.611159
v -3.280540 33.871544 -6.029156
v -3.463823 33.678284 -6.447154
v -3.758046 34.050747 -12.269547
v -3.851460 33.867233 -11.825804
v -3.949869 33.678284 -11.382060
v -7.142364 34.050747 -11.058619
v -6.797772 33.852741 -10.771595
v -6.458178 33.678284 -10.484573
v -3.425262 34.050747 -5.495584
v -3.561746 33.871544 -5.928538
v -3.703225 33.678284 -6.361494
v -3.425262 34.050747 -12.186190
v -3.561746 33.871540 -11.753233
v -3.703225 33.678284 -11.320278
v -6.911975 34.050747 -11.312813
v -6.597202 33.853355 -10.992891
v -6.287424 33.678284 -10.672970
v -3.758046 34.050747 -5.412226
v -3.851460 33.867241 -5.855969
v -3.949869 33.678284 -6.299713
v -3.102252 34.050747 -12.070614
v -3.280540 33.871540 -11.652617
v -3.463823 33.678284 -11.234619
v -6.657782 34.050747 -11.543201
v -6.375906 33.854065 -11.193462
v -6.099027 33.678284 -10.843723
v -4.097398 34.050747 -5.361889
v -4.146892 33.864323 -5.812147
v -4.201382 33.678284 -6.262405
v -2.792125 34.050747 -11.923935
v -3.010550 33.871544 -11.524921
v -3.233971 33.678284 -11.125907
v -6.382230 34.050747 -11.747564
v -6.136017 33.854858 -11.371376
v -5.894799 33.678284 -10.995189
v -4.440049 34.050747 -5.345054
v -4.445197 33.862270 -5.797491
v -4.455340 33.678284 -6.249928
v -2.497869 34.050747 -11.747564
v -2.754377 33.871540 -11.371376
v -3.015881 33.678284 -10.995189
v -6.087973 34.050747 -11.923935
v -5.879843 33.855759 -11.524921
v -5.676709 33.678284 -11.125907
v -4.782701 34.050747 -5.361889
v -4.743502 33.860588 -5.812147
v -4.709299 33.678284 -6.262405
v -2.222317 34.050747 -11.543201
v -2.514487 33.871544 -11.193462
v -2.811654 33.678284 -10.843723
v -5.777846 34.050747 -12.070614
v -5.609854 33.856762 -11.652617
v -5.446857 33.678284 -11.234619
v -5.122052 34.050747 -5.412226
v -5.038934 33.859154 -5.855969
v -4.960811 33.678284 -6.299713
v -1.968122 34.050747 -11.312813
v -2.293192 33.871544 -10.992891
v -2.623257 33.678284 -10.672970
v -5.454835 34.050747 -12.186190
v -5.328648 33.857887 -11.753233
v -5.207456 33.678284 -11.320278
v -5.454835 34.050747 -5.495584
v -5.328648 33.857887 -5.928538
v -5.207456 33.678284 -6.361494
v -1.737735 34.050747 -11.058619
v -2.092621 33.871544 -10.771595
v -2.452503 33.678284 -10.484573
v -5.122052 34.050747 -12.269547
v -5.038934 33.859150 -11.825804
v -4.960811 33.678284 -11.382060
v -5.777846 34.050747 -5.611159
v -5.609854 33.856766 -6.029156
v -5.446857 33.678284 -6.447154
v -1.533372 34.050747 -10.783067
v -1.914707 33.871540 -10.531706
v -2.301038 33.678284 -10.280346
v -4.782701 34.050747 -12.319885
v -4.743502 33.860588 -11.869627
v -4.709299 33.678284 -11.419368
v -6.087973 34.050747 -5.757838
v -5.879843 33.855759 -6.156852
v -5.676709 33.678284 -6.555866
v -1.357001 34.050747 -10.488810
v -1.761162 33.871540 -10.275533
v -2.170320 33.678284 -10.062256
v -4.875201 33.494583 -10.227774
v -4.937179 33.468285 -10.411146
v -4.780973 33.468285 -10.450274
v -4.737236 33.494583 -10.262332
v -4.875201 33.494583 -7.453999
v -4.937179 33.468285 -7.270627
v -5.088798 33.468285 -7.324878
v -5.009114 33.494583 -7.501914
v -3.334174 33.494583 -9.760308
v -3.192401 33.468285 -9.881872
v -3.096475 33.468285 -9.752531
v -3.249450 33.494583 -9.646070
v -4.621684 33.468285 -10.473902
v -4.596549 33.494583 -10.283201
v -5.234369 33.468285 -7.393727
v -5.137686 33.494583 -7.562723
v -3.013688 33.468285 -9.614408
v -3.176331 33.494583 -9.524078
v -4.460846 33.468285 -10.481803
v -4.454494 33.494583 -10.290180
v -5.372490 33.468285 -7.476515
v -5.259678 33.494583 -7.635843
v -2.944838 33.468285 -9.468838
v -3.115520 33.494583 -9.395507
v -5.501832 33.468285 -7.572441
v -5.373916 33.494583 -7.720567
v -2.890587 33.468285 -9.317219
v -3.067606 33.494583 -9.261594
v -5.621149 33.468285 -7.680583
v -5.479299 33.494583 -7.816081
v -2.851460 33.468285 -9.161014
v -3.033048 33.494583 -9.123630
v -5.729292 33.468285 -7.799900
v -5.574812 33.494583 -7.921464
v -2.827832 33.468285 -9.001724
v -3.012179 33.494583 -8.982943
v -5.825218 33.468285 -7.929242
v -5.659537 33.494583 -8.035702
v -2.819930 33.468285 -8.840887
v -3.005199 33.494583 -8.840886
v -5.908005 33.468285 -8.067364
v -5.732656 33.494583 -8.157694
v -2.827832 33.468285 -8.680048
v -3.012178 33.494583 -8.698831
v -5.976855 33.468285 -8.212934
v -5.793466 33.494583 -8.286265
v -2.851460 33.468285 -8.520760
v -3.033047 33.494583 -8.558144
v -6.031105 33.468285 -8.364553
v -5.841381 33.494583 -8.420178
v -2.890587 33.468285 -8.364553
v -3.067606 33.494583 -8.420178
v -6.070232 33.468285 -8.520760
v -5.875939 33.494583 -8.558144
v -2.944838 33.468285 -8.212934
v -3.115521 33.494583 -8.286265
v -6.093862 33.468285 -8.680048
v -5.896809 33.494583 -8.698831
v -3.013688 33.468285 -8.067364
v -3.176331 33.494583 -8.157694
v -6.101762 33.468285 -8.840887
v -5.903787 33.494583 -8.840886
v -3.096474 33.468285 -7.929242
v -3.249450 33.494583 -8.035702
v -6.093862 33.468285 -9.001724
v -5.896809 33.494583 -8.982943
v -3.192401 33.468285 -7.799900
v -3.334174 33.494583 -7.921464
v -6.070232 33.468285 -9.161014
v -5.875939 33.494583 -9.123630
v -3.300543 33.468285 -7.680583
v -3.429688 33.494583 -7.816081
v -6.031105 33.468285 -9.317219
v -5.841381 33.494583 -9.261594
v -3.419860 33.468285 -7.572441
v -3.535071 33.494583 -7.720567
v -5.976855 33.468285 -9.468838
v -5.793466 33.494583 -9.395507
v -3.549202 33.468285 -7.476515
v -3.649309 33.494583 -7.635843
v -5.908005 33.468285 -9.614408
v -5.732656 33.494583 -9.524078
v -3.687324 33.468285 -7.393727
v -3.771301 33.494583 -7.562723
v -4.300008 33.468285 -10.473902
v -4.312438 33.494583 -10.283201
v -5.825218 33.468285 -9.752531
v -5.659537 33.494583 -9.646070
v -3.832895 33.468285 -7.324878
v -3.899873 33.494583 -7.501914
v -4.140719 33.468285 -10.450274
v -4.171750 33.494583 -10.262332
v -5.729292 33.468285 -9.881872
v -5.574812 33.494583 -9.760308
v -3.984513 33.468285 -7.270627
v -4.033785 33.494583 -7.453999
v -3.984514 33.468285 -10.411145
v -4.033786 33.494583 -10.227774
v -5.621149 33.468285 -10.001189
v -5.479298 33.494583 -9.865692
v -4.140719 33.468285 -7.231500
v -4.171750 33.494583 -7.419440
v -3.832895 33.468285 -10.356895
v -3.899873 33.494583 -10.179859
v -5.501832 33.468285 -10.109331
v -5.373915 33.494583 -9.961205
v -4.300008 33.468285 -7.207872
v -4.312438 33.494583 -7.398571
v -3.687324 33.468285 -10.288045
v -3.771301 33.494583 -10.119049
v -5.372491 33.468285 -10.205258
v -5.259678 33.494583 -10.045930
v -4.460846 33.468285 -7.199970
v -4.454494 33.494583 -7.391593
v -3.549202 33.468285 -10.205258
v -3.649309 33.494583 -10.045930
v -5.234369 33.468285 -10.288045
v -5.137686 33.494583 -10.119049
v -4.621684 33.468285 -7.207872
v -4.596549 33.494583 -7.398571
v -3.419860 33.468285 -10.109331
v -3.535071 33.494583 -9.961205
v -5.088798 33.468285 -10.356895
v -5.009114 33.494583 -10.179859
v -4.780973 33.468285 -7.231500
v -4.737236 33.494583 -7.419440
v -3.300543 33.468285 -10.001189
v -3.429688 33.494583 -9.865692
v -3.561512 30.486729 -8.840886
v -3.578959 31.001265 -8.840886
v -3.583704 31.001198 -8.744250
v -3.566216 30.486713 -8.744807
v -5.403788 30.486092 -8.378811
v -5.433696 30.975395 -8.376132
v -5.475048 30.974819 -8.463595
v -5.444878 30.486130 -8.465770
v -3.597896 31.001001 -8.648544
v -3.580300 30.486683 -8.649653
v -5.507631 30.974365 -8.554691
v -5.477256 30.486160 -8.556341
v -3.621396 31.000673 -8.554691
v -3.603629 30.486633 -8.556341
v -5.531132 30.974037 -8.648544
v -5.500610 30.486181 -8.649653
v -3.653980 31.000219 -8.463595
v -3.635979 30.486572 -8.465770
v -5.545323 30.973839 -8.744250
v -5.514716 30.486193 -8.744807
v -3.695332 30.999641 -8.376132
v -3.677037 30.486496 -8.378811
v -5.550069 30.973774 -8.840886
v -5.519438 30.486195 -8.840886
v -3.745055 30.998949 -8.293144
v -3.726410 30.486412 -8.296302
v -5.545323 30.973839 -8.937522
v -5.514716 30.486193 -8.936965
v -3.802670 30.998146 -8.215432
v -3.783622 30.486324 -8.219038
v -5.531132 30.974037 -9.033228
v -5.500610 30.486181 -9.032119
v -3.867621 30.997238 -8.143744
v -3.848122 30.486229 -8.147762
v -5.507631 30.974365 -9.127081
v -5.477256 30.486160 -9.125431
v -3.939285 30.996239 -8.078768
v -3.919290 30.486137 -8.083161
v -5.475048 30.974819 -9.218177
v -5.444878 30.486130 -9.216002
v -4.016970 30.995155 -8.021132
v -3.996439 30.486050 -8.025858
v -5.433696 30.975395 -9.305640
v -5.403788 30.486092 -9.302961
v -4.099927 30.993999 -7.971392
v -4.078823 30.485966 -7.976404
v -4.540250 30.485723 -9.821112
v -4.564515 30.987518 -9.826796
v -4.467914 30.988867 -9.822047
v -4.444293 30.485744 -9.816392
v -5.383973 30.976089 -9.388628
v -5.354383 30.486046 -9.385470
v -4.187359 30.992779 -7.930025
v -4.165648 30.485889 -7.935276
v -4.372243 30.990200 -9.807851
v -4.349267 30.485779 -9.802277
v -5.326359 30.976894 -9.466340
v -5.297137 30.486000 -9.462734
v -4.278423 30.991508 -7.897430
v -4.256085 30.485826 -7.902869
v -4.278423 30.991508 -9.784342
v -4.256085 30.485826 -9.778904
v -5.261407 30.977798 -9.538029
v -5.232603 30.485947 -9.534010
v -4.372243 30.990200 -7.873921
v -4.349267 30.485779 -7.879495
v -4.187359 30.992779 -9.751747
v -4.165648 30.485889 -9.746496
v -5.189744 30.978798 -9.603004
v -5.161404 30.485897 -9.598611
v -4.467914 30.988867 -7.859725
v -4.444293 30.485744 -7.865381
v -4.099927 30.993999 -9.710381
v -4.078823 30.485966 -9.705368
v -5.112060 30.979881 -9.660639
v -5.084224 30.485847 -9.655914
v -4.564515 30.987518 -7.854977
v -4.540250 30.485725 -7.860661
v -4.016970 30.995155 -9.660639
v -3.996439 30.486050 -9.655914
v -5.029102 30.981039 -9.710381
v -5.001806 30.485804 -9.705368
v -4.661117 30.986172 -7.859725
v -4.636213 30.485718 -7.865381
v -3.939285 30.996239 -9.603004
v -3.919290 30.486137 -9.598611
v -4.941670 30.982258 -9.751747
v -4.914944 30.485767 -9.746496
v -4.756787 30.984837 -7.873921
v -4.731258 30.485723 -7.879495
v -3.867621 30.997238 -9.538029
v -3.848122 30.486229 -9.534010
v -4.850606 30.983528 -9.784342
v -4.824469 30.485741 -9.778904
v -4.850606 30.983528 -7.897430
v -4.824469 30.485741 -7.902869
v -3.802670 30.998146 -9.466340
v -3.783622 30.486324 -9.462734
v -4.756787 30.984837 -9.807851
v -4.731258 30.485723 -9.802277
v -4.941670 30.982258 -7.930025
v -4.914944 30.485767 -7.935276
v -3.745055 30.998949 -9.388628
v -3.726410 30.486412 -9.385470
v -4.661117 30.986172 -9.822047
v -4.636213 30.485718 -9.816392
v -5.029102 30.981039 -7.971392
v -5.001806 30.485804 -7.976404
v -3.695332 30.999641 -9.305640
v -3.677037 30.486496 -9.302961
v -5.112060 30.979881 -8.021132
v -5.084224 30.485847 -8.025858
v -3.653980 31.000219 -9.218177
v -3.635979 30.486572 -9.216002
v -5.189744 30.978798 -8.078768
v -5.161404 30.485897 -8.083161
v -3.621396 31.000673 -9.127081
v -3.603629 30.486633 -9.125431
v -5.261407 30.977798 -8.143744
v -5.232603 30.485947 -8.147762
v -3.597896 31.001001 -9.033228
v -3.580300 30.486683 -9.032119
v -5.326359 30.976894 -8.215432
v -5.297137 30.486000 -8.219038
v -3.583704 31.001198 -8.937522
v -3.566216 30.486713 -8.936965
v -5.383973 30.976089 -8.293144
v -5.354383 30.486046 -8.296302
v -2.775294 30.417608 -8.840886
v -2.766571 30.511574 -8.840886
v -2.775319 30.511414 -8.662788
v -2.783992 30.417448 -8.663815
v -6.174459 30.354990 -7.989295
v -6.185444 30.448582 -7.984358
v -6.261669 30.447178 -8.145550
v -6.250245 30.353594 -8.149558
v -2.801478 30.510933 -8.486406
v -2.810000 30.416969 -8.488450
v -6.321731 30.446072 -8.313438
v -6.309961 30.352493 -8.316479
v -2.844797 30.510136 -8.313438
v -2.853070 30.416176 -8.316479
v -6.365049 30.445274 -8.486406
v -6.353030 30.351700 -8.488450
v -2.904858 30.509029 -8.145550
v -2.912785 30.415075 -8.149558
v -6.391209 30.444792 -8.662788
v -6.379039 30.351221 -8.663815
v -2.981083 30.507624 -7.984358
v -2.988571 30.413679 -7.989295
v -6.399956 30.444630 -8.840886
v -6.387736 30.351061 -8.840886
v -3.072739 30.505936 -7.831414
v -3.079697 30.412001 -7.837234
v -6.391209 30.444792 -9.018984
v -6.379039 30.351221 -9.017957
v -3.178941 30.503979 -7.688192
v -3.185288 30.410055 -7.694838
v -6.365049 30.445274 -9.195366
v -6.353030 30.351700 -9.193322
v -3.298668 30.501772 -7.556072
v -3.304324 30.407864 -7.563478
v -6.321731 30.446072 -9.368334
v -6.309961 30.352493 -9.365294
v -3.430765 30.499338 -7.436325
v -3.435660 30.405443 -7.444422
v -6.261669 30.447178 -9.536222
v -6.250245 30.353594 -9.532214
v -3.573963 30.496700 -7.330105
v -3.578033 30.402821 -7.338814
v -6.185444 30.448582 -9.697414
v -6.174459 30.354990 -9.692477
v -3.726880 30.493881 -7.238434
v -3.730068 30.400021 -7.247671
v -4.581515 30.384335 -10.647413
v -4.583263 30.478102 -10.657887
v -4.405196 30.481384 -10.649137
v -4.404474 30.387596 -10.638714
v -6.093788 30.450272 -9.850358
v -6.083333 30.356668 -9.844539
v -3.888045 30.490913 -7.162196
v -3.890304 30.397068 -7.171873
v -4.228844 30.484634 -10.622974
v -4.229139 30.390827 -10.612701
v -5.987586 30.452229 -9.993580
v -5.977742 30.358614 -9.986935
v -4.055905 30.487820 -7.102124
v -4.057197 30.393993 -7.112147
v -4.055905 30.487820 -10.579648
v -4.057197 30.393993 -10.569625
v -5.867859 30.454433 -10.125700
v -5.858706 30.360806 -10.118294
v -4.228844 30.484634 -7.058798
v -4.229139 30.390827 -7.069071
v -3.888045 30.490913 -10.519577
v -3.890304 30.397068 -10.509899
v -5.735761 30.456867 -10.245447
v -5.727369 30.363226 -10.237350
v -4.405196 30.481384 -7.032634
v -4.404474 30.387596 -7.043058
v -3.726880 30.493881 -10.443338
v -3.730068 30.400021 -10.434101
v -5.592564 30.459507 -10.351667
v -5.584998 30.365849 -10.342958
v -4.583263 30.478104 -7.023885
v -4.581515 30.384335 -7.034359
v -3.573963 30.496700 -10.351667
v -3.578033 30.402821 -10.342958
v -5.439647 30.462324 -10.443338
v -5.432961 30.368649 -10.434101
v -4.761331 30.474823 -7.032634
v -4.758555 30.381073 -7.043058
v -3.430765 30.499338 -10.245447
v -3.435660 30.405443 -10.237350
v -5.278481 30.465294 -10.519577
v -5.272726 30.371601 -10.509899
v -4.937683 30.471573 -7.058798
v -4.933891 30.377844 -7.069071
v -3.298668 30.501772 -10.125700
v -3.304324 30.407864 -10.118294
v -5.110621 30.468388 -10.579648
v -5.105833 30.374676 -10.569625
v -5.110621 30.468388 -7.102124
v -5.105833 30.374676 -7.112147
v -3.178941 30.503979 -9.993580
v -3.185288 30.410055 -9.986935
v -4.937683 30.471573 -10.622974
v -4.933891 30.377844 -10.612701
v -5.278481 30.465294 -7.162196
v -5.272726 30.371601 -7.171873
v -3.072739 30.505936 -9.850358
v -3.079697 30.412001 -9.844539
v -4.761331 30.474823 -10.649137
v -4.758555 30.381073 -10.638714
v -5.439647 30.462324 -7.238434
v -5.432961 30.368649 -7.247671
v -2.981083 30.507624 -9.697414
v -2.988571 30.413679 -9.692477
v -5.592564 30.459507 -7.330105
v -5.584998 30.365849 -7.338814
v -2.904858 30.509029 -9.536222
v -2.912785 30.415075 -9.532214
v -5.735761 30.456867 -7.436325
v -5.727369 30.363226 -7.444422
v -2.844797 30.510136 -9.368334
v -2.853070 30.416176 -9.365294
v -5.867859 30.454433 -7.556072
v -5.858706 30.360806 -7.563478
v -2.801478 30.510933 -9.195366
v -2.810000 30.416969 -9.193322
v -5.987586 30.452229 -7.688192
v -5.977742 30.358614 -7.694838
v -2.775319 30.511414 -9.018984
v -2.783992 30.417448 -9.017957
v -6.093788 30.450272 -7.831414
v -6.083333 30.356668 -7.837234
v -2.738065 30.399128 -8.840886
v -2.728204 30.441990 -8.840886
v -2.737132 30.441826 -8.659142
v -2.746941 30.398964 -8.660190
v -6.206832 30.335161 -7.971857
v -6.217083 30.377628 -7.966819
v -6.294869 30.376194 -8.131311
v -6.284170 30.333735 -8.135402
v -2.763826 30.441334 -8.479149
v -2.773482 30.398476 -8.481234
v -6.356160 30.375065 -8.302638
v -6.345108 30.332611 -8.305741
v -2.808032 30.440517 -8.302638
v -2.817433 30.397663 -8.305741
v -6.400366 30.374249 -8.479149
v -6.389059 30.331800 -8.481234
v -2.869324 30.439388 -8.131311
v -2.878371 30.396542 -8.135402
v -6.427061 30.373755 -8.659142
v -6.415600 30.331310 -8.660190
v -2.947110 30.437952 -7.966819
v -2.955709 30.395115 -7.971857
v -6.435988 30.373590 -8.840886
v -6.424476 30.331146 -8.840886
v -3.040642 30.436226 -7.810744
v -3.048701 30.393398 -7.816682
v -6.427061 30.373755 -9.022631
v -6.415600 30.331310 -9.021583
v -3.149019 30.434227 -7.664589
v -3.156454 30.391413 -7.671371
v -6.400366 30.374249 -9.202624
v -6.389059 30.331800 -9.200539
v -3.271197 30.431973 -7.529764
v -3.277927 30.389172 -7.537322
v -6.356160 30.375065 -9.379134
v -6.345108 30.332611 -9.376032
v -3.406000 30.429485 -7.407565
v -3.411953 30.386700 -7.415827
v -6.294869 30.376194 -9.550461
v -6.284170 30.333735 -9.546371
v -3.552129 30.426792 -7.299169
v -3.557240 30.384022 -7.308056
v -6.217083 30.377628 -9.714953
v -6.206832 30.335161 -9.709915
v -3.708178 30.423912 -7.205622
v -3.712389 30.381161 -7.215048
v -4.581270 30.365139 -10.684405
v -4.582096 30.407791 -10.695093
v -4.400383 30.411142 -10.686165
v -4.400604 30.368469 -10.675528
v -6.123551 30.379353 -9.871029
v -6.113839 30.336876 -9.865090
v -3.872643 30.420879 -7.127822
v -3.875906 30.378145 -7.137697
v -4.220420 30.414463 -10.659466
v -4.221679 30.371769 -10.648983
v -6.015174 30.381353 -10.017183
v -6.006087 30.338863 -10.010403
v -4.043940 30.417717 -7.066521
v -4.046216 30.375004 -7.076749
v -4.043940 30.417719 -10.615252
v -4.046216 30.375004 -10.605024
v -5.892996 30.383606 -10.152008
v -5.884614 30.341103 -10.144451
v -4.220420 30.414463 -7.022307
v -4.221679 30.371769 -7.032790
v -3.872643 30.420879 -10.553950
v -3.875906 30.378145 -10.544075
v -5.758193 30.386093 -10.274208
v -5.750587 30.343575 -10.265945
v -4.400383 30.411142 -6.995607
v -4.400604 30.368469 -7.006245
v -3.708178 30.423912 -10.476151
v -3.712389 30.381161 -10.466724
v -5.612063 30.388790 -10.382603
v -5.605300 30.346252 -10.373716
v -4.582096 30.407791 -6.986679
v -4.581270 30.365139 -6.997367
v -3.552129 30.426792 -10.382603
v -3.557240 30.384022 -10.373716
v -5.456015 30.391668 -10.476151
v -5.450151 30.349113 -10.466724
v -4.763809 30.404438 -6.995607
v -4.761936 30.361805 -7.006245
v -3.406000 30.429485 -10.274208
v -3.411953 30.386700 -10.265945
v -5.291550 30.394703 -10.553950
v -5.286634 30.352131 -10.544075
v -4.943772 30.401119 -7.022307
v -4.940862 30.358505 -7.032790
v -3.271197 30.431973 -10.152008
v -3.277927 30.389172 -10.144451
v -5.120253 30.397863 -10.615252
v -5.116324 30.355270 -10.605024
v -5.120253 30.397861 -7.066521
v -5.116324 30.355270 -7.076749
v -3.149019 30.434227 -10.017183
v -3.156454 30.391413 -10.010403
v -4.943772 30.401119 -10.659466
v -4.940862 30.358505 -10.648983
v -5.291550 30.394703 -7.127822
v -5.286634 30.352131 -7.137697
v -3.040642 30.436226 -9.871029
v -3.048701 30.393398 -9.865090
v -4.763809 30.404438 -10.686165
v -4.761936 30.361805 -10.675528
v -5.456015 30.391668 -7.205622
v -5.450151 30.349113 -7.215048
v -2.947110 30.437952 -9.714953
v -2.955709 30.395115 -9.709915
v -5.612063 30.388790 -7.299169
v -5.605300 30.346252 -7.308056
v -2.869324 30.439388 -9.550461
v -2.878371 30.396542 -9.546371
v -5.758193 30.386093 -7.407565
v -5.750587 30.343575 -7.415827
v -2.808032 30.440517 -9.379134
v -2.817433 30.397663 -9.376032
v -5.892996 30.383606 -7.529764
v -5.884614 30.341103 -7.537322
v -2.763826 30.441334 -9.202624
v -2.773482 30.398476 -9.200539
v -6.015174 30.381353 -7.664589
v -6.006087 30.338863 -7.671371
v -2.737132 30.441826 -9.022631
v -2.746941 30.398964 -9.021583
v -6.123551 30.379353 -7.810744
v -6.113839 30.336876 -7.816682
v 0.000000 22.804211 -3.155458
v -0.013150 23.780502 -2.613418
v 0.098018 22.802055 -3.151151
v 0.085697 23.777514 -2.609926
v 0.195091 22.795620 -3.138270
v 0.183624 23.770308 -2.597727
v 0.290285 22.784958 -3.116942
v 0.279688 23.758955 -2.576938
v 0.382684 22.770176 -3.087369
v 0.372963 23.743565 -2.547760
v 0.471397 22.751417 -3.049838
v 0.462552 23.724285 -2.510473
v 0.555571 22.728861 -3.004710
v 0.547591 23.701298 -2.465439
v 0.634394 22.702724 -2.952419
v 0.627262 23.674829 -2.413089
v 0.707107 22.673260 -2.893469
v 0.700796 23.645130 -2.353930
v 0.773011 22.640749 -2.828427
v 0.767487 23.612490 -2.288529
v 0.831470 22.605507 -2.757921
v 0.826692 23.577221 -2.217516
v 0.881922 22.567875 -2.682630
v 0.877840 23.539665 -2.141576
v 0.923880 22.528210 -2.603276
v 0.920439 23.500183 -2.061440
v 0.956941 22.486900 -2.520627
v 0.954079 23.459152 -1.977878
v 0.980786 22.444340 -2.435477
v 0.978436 23.416977 -1.891693
v 0.995185 22.400938 -2.348646
v 0.993275 23.374054 -1.803720
v 1.000000 22.357115 -2.260971
v 0.998453 23.330805 -1.714802
v 0.995185 22.313293 -2.173296
v 0.993921 23.287643 -1.625797
v 0.980786 22.269892 -2.086465
v 0.979722 23.244987 -1.537561
v 0.956941 22.227331 -2.001315
v 0.955992 23.203249 -1.450943
v 0.923880 22.186020 -1.918666
v 0.922961 23.162830 -1.366776
v 0.881922 22.146357 -1.839313
v 0.880947 23.124119 -1.285874
v 0.831470 22.108723 -1.764021
v 0.830353 23.087488 -1.209012
v 0.773011 22.073483 -1.693514
v 0.771668 23.053291 -1.136930
v 0.707107 22.040972 -1.628473
v 0.705457 23.021858 -1.070325
v 0.634394 22.011507 -1.569523
v 0.632356 22.993492 -1.009835
v 0.555571 21.985371 -1.517232
v 0.553071 22.968464 -0.956046
v 0.471397 21.962814 -1.472104
v 0.468365 22.947018 -0.909474
v 0.382684 21.944054 -1.434573
v 0.379053 22.929356 -0.870569
v 0.290285 21.929272 -1.405000
v 0.285995 22.915649 -0.839706
v 0.195091 21.918612 -1.383671
v 0.190088 22.906031 -0.817183
v 0.098018 21.912174 -1.370791
v 0.092256 22.900589 -0.803215
v 0.000000 21.910021 -1.366484
v -0.006559 22.899380 -0.797938
v -0.098017 21.912174 -1.370791
v -0.105407 22.902414 -0.801405
v -0.195090 21.918612 -1.383671
v -0.203334 22.909658 -0.813581
v -0.290284 21.929272 -1.405000
v -0.299398 22.921043 -0.834350
v -0.382683 21.944054 -1.434573
v -0.392673 22.936462 -0.863511
v -0.471396 21.962814 -1.472104
v -0.482262 22.955763 -0.900784
v -0.555570 21.985371 -1.517232
v -0.567301 22.978760 -0.945812
v -0.634393 22.011507 -1.569523
v -0.646971 23.005230 -0.998159
v -0.707106 22.040972 -1.628473
v -0.720506 23.034922 -1.057322
v -0.773010 22.073483 -1.693514
v -0.787197 23.067547 -1.122732
v -0.831469 22.108723 -1.764021
v -0.846402 23.102791 -1.193757
v -0.881921 22.146357 -1.839313
v -0.897550 23.140316 -1.269714
v -0.923879 22.186020 -1.918666
v -0.940149 23.179760 -1.349869
v -0.956940 22.227329 -2.001315
v -0.973789 23.220745 -1.433453
v -0.980785 22.269892 -2.086465
v -0.998146 23.262878 -1.519660
v -0.995184 22.313293 -2.173296
v -1.012985 23.305752 -1.607658
v -1.000000 22.357115 -2.260971
v -1.018163 23.348957 -1.696601
v -0.995184 22.400938 -2.348646
v -1.013631 23.392075 -1.785630
v -0.980785 22.444340 -2.435477
v -0.999432 23.434692 -1.873890
v -0.956940 22.486900 -2.520627
v -0.975702 23.476398 -1.960528
v -0.923879 22.528210 -2.603276
v -0.942671 23.516792 -2.044711
v -0.881921 22.567875 -2.682630
v -0.900657 23.555489 -2.125628
v -0.831469 22.605507 -2.757921
v -0.850063 23.592108 -2.202499
v -0.773010 22.640749 -2.828427
v -0.791378 23.626301 -2.274585
v -0.707106 22.673260 -2.893469
v -0.725167 23.657742 -2.341189
v -0.634393 22.702724 -2.952419
v -0.652066 23.686123 -2.401673
v -0.555570 22.728861 -3.004710
v -0.572781 23.711174 -2.455451
v -0.471396 22.751417 -3.049838
v -0.488075 23.732655 -2.502005
v -0.382683 22.770176 -3.087369
v -0.398762 23.750353 -2.540889
v -0.290284 22.784958 -3.116942
v -0.305705 23.764099 -2.571729
v -0.195090 22.795620 -3.138270
v -0.209798 23.773762 -2.594227
v -0.098017 22.802055 -3.151151
v -0.111966 23.779247 -2.608168
v 0.104038 25.004013 -1.852830
v 0.006837 25.007195 -1.856044
v 0.200350 24.997124 -1.840773
v 0.294844 24.986603 -1.820030
v 0.386612 24.972553 -1.790796
v 0.474769 24.955090 -1.753299
v 0.558465 24.934395 -1.707970
v 0.636897 24.910652 -1.655174
v 0.709307 24.884098 -1.595444
v 0.774998 24.854990 -1.529353
v 0.833339 24.823612 -1.457537
v 0.883766 24.790264 -1.380686
v 0.925795 24.755272 -1.299531
v 0.959020 24.718977 -1.214852
v 0.983122 24.681732 -1.127471
v 0.997868 24.643902 -1.038225
v 1.003117 24.605854 -0.947973
v 0.998818 24.567957 -0.857579
v 0.985013 24.530582 -0.767910
v 0.961833 24.494085 -0.679825
v 0.929503 24.458824 -0.594175
v 0.888334 24.425140 -0.511784
v 0.838722 24.393349 -0.433435
v 0.781146 24.363758 -0.359890
v 0.716159 24.336653 -0.291857
v 0.644388 24.312294 -0.229994
v 0.566523 24.290915 -0.174896
v 0.483315 24.272713 -0.127099
v 0.395565 24.257862 -0.087064
v 0.304118 24.246502 -0.055180
v 0.209854 24.238739 -0.031756
v 0.113682 24.234636 -0.017017
v 0.016528 24.234215 -0.011092
v -0.080673 24.237499 -0.014060
v -0.176984 24.244453 -0.025892
v -0.271479 24.255016 -0.046496
v -0.363246 24.269104 -0.075725
v -0.451403 24.286560 -0.113228
v -0.535100 24.307213 -0.158645
v -0.613532 24.330868 -0.211539
v -0.685941 24.357296 -0.271399
v -0.751633 24.386250 -0.337648
v -0.809973 24.417450 -0.409647
v -0.860401 24.450600 -0.486698
v -0.902429 24.485382 -0.568057
v -0.935655 24.521454 -0.652926
v -0.959757 24.558487 -0.740502
v -0.974503 24.596127 -0.829940
v -0.979752 24.634010 -0.920372
v -0.975453 24.671772 -1.010927
v -0.961647 24.709053 -1.100731
v -0.938468 24.745491 -1.188920
v -0.906138 24.780737 -1.274638
v -0.864969 24.814453 -1.357060
v -0.815357 24.846310 -1.435395
v -0.757781 24.876003 -1.508890
v -0.692794 24.903244 -1.576838
v -0.621022 24.927773 -1.638586
v -0.543158 24.949347 -1.693538
v -0.459949 24.967752 -1.741154
v -0.372200 24.982815 -1.780987
v -0.280752 24.994389 -1.812658
v -0.186489 25.002357 -1.835866
v -0.090317 25.006641 -1.850383
v 0.115734 25.892052 -1.091990
v 0.021972 25.893847 -1.096132
v 0.208622 25.888149 -1.079000
v 0.299742 25.882187 -1.057249
v 0.388215 25.874207 -1.026888
v 0.473190 25.864372 -0.988514
v 0.553849 25.852720 -0.942271
v 0.629414 25.839390 -0.888622
v 0.699157 25.824522 -0.828065
v 0.762408 25.808277 -0.761160
v 0.818557 25.790831 -0.688525
v 0.867064 25.772364 -0.610814
v 0.907460 25.753075 -0.528749
v 0.939358 25.733177 -0.443106
v 0.962450 25.712887 -0.354682
v 0.976512 25.692430 -0.264298
v 0.981412 25.672024 -0.172789
v 0.977100 25.651886 -0.080997
v 0.963619 25.632229 0.010228
v 0.941097 25.613251 0.100065
v 0.909753 25.595150 0.187669
v 0.869888 25.578093 0.272258
v 0.821887 25.562248 0.353029
v 0.766210 25.547773 0.429225
v 0.703394 25.534790 0.500131
v 0.634046 25.523411 0.565080
v 0.558831 25.513716 0.623455
v 0.478475 25.505753 0.674710
v 0.393751 25.499548 0.718341
v 0.305476 25.495110 0.753891
v 0.214499 25.492418 0.780955
v 0.121697 25.491426 0.799155
v 0.027964 25.492085 0.808174
v -0.065799 25.494431 0.804539
v -0.158687 25.497749 0.788367
v -0.249806 25.502182 0.762834
v -0.338280 25.508217 0.728644
v -0.423255 25.515888 0.686255
v -0.503914 25.525192 0.636046
v -0.579479 25.536110 0.578512
v -0.649222 25.548573 0.514224
v -0.712473 25.562485 0.443805
v -0.768623 25.577732 0.367929
v -0.817129 25.594189 0.287323
v -0.857526 25.611702 0.202749
v -0.889423 25.630102 0.115000
v -0.912515 25.649189 0.024944
v -0.926578 25.668804 -0.066633
v -0.931477 25.688740 -0.158878
v -0.927165 25.708797 -0.250933
v -0.913684 25.728764 -0.341944
v -0.891163 25.748425 -0.431065
v -0.859819 25.767580 -0.517460
v -0.819954 25.786018 -0.600335
v -0.771952 25.803545 -0.678933
v -0.716275 25.819975 -0.752525
v -0.653460 25.835125 -0.820437
v -0.584110 25.848839 -0.882043
v -0.508896 25.860962 -0.936776
v -0.428540 25.871346 -0.984085
v -0.343816 25.879875 -1.023501
v -0.255541 25.886467 -1.054725
v -0.164564 25.891048 -1.077465
v -0.071762 25.893539 -1.091392
v 0.093760 26.889364 -0.808928
v 0.000000 26.889257 -0.813537
v 0.186616 26.889694 -0.795154
v 0.277675 26.890244 -0.772347
v 0.366060 26.891003 -0.740728
v 0.450920 26.891970 -0.700601
v 0.531437 26.893133 -0.652351
v 0.606836 26.894482 -0.596445
v 0.676391 26.896000 -0.533420
v 0.739432 26.897678 -0.463881
v 0.795352 26.899494 -0.388502
v 0.843612 26.901432 -0.308006
v 0.883748 26.903463 -0.223169
v 0.915372 26.905582 -0.134809
v 0.938181 26.907766 -0.043775
v 0.951955 26.909992 0.049056
v 0.956561 26.912243 0.142789
v 0.951955 26.914494 0.236524
v 0.938181 26.916723 0.329358
v 0.915372 26.918911 0.420395
v 0.883748 26.921036 0.508759
v 0.843612 26.923077 0.593598
v 0.795352 26.925016 0.674096
v 0.739432 26.926834 0.749476
v 0.676391 26.928513 0.819015
v 0.606836 26.930038 0.882039
v 0.531437 26.931393 0.937944
v 0.450920 26.932564 0.986192
v 0.366060 26.933542 1.026317
v 0.277675 26.934317 1.057932
v 0.186616 26.934881 1.080733
v 0.093760 26.935228 1.094502
v 0.000000 26.935356 1.099105
v -0.093760 26.935265 1.094497
v -0.186616 26.934950 1.080723
v -0.277675 26.934420 1.057916
v -0.366060 26.933678 1.026296
v -0.450920 26.932730 0.986166
v -0.531437 26.931585 0.937913
v -0.606836 26.930256 0.882003
v -0.676391 26.928753 0.818974
v -0.739432 26.927094 0.749432
v -0.795352 26.925291 0.674047
v -0.843611 26.923357 0.593545
v -0.883747 26.921309 0.508701
v -0.915372 26.919174 0.420334
v -0.938181 26.916973 0.329293
v -0.951955 26.914728 0.236457
v -0.956561 26.912460 0.142717
v -0.951955 26.910191 0.048981
v -0.938181 26.907944 -0.043850
v -0.915372 26.905737 -0.134883
v -0.883747 26.903597 -0.223243
v -0.843611 26.901539 -0.308077
v -0.795352 26.899586 -0.388569
v -0.739432 26.897758 -0.463944
v -0.676391 26.896070 -0.533477
v -0.606836 26.894541 -0.596497
v -0.531437 26.893183 -0.652397
v -0.450920 26.892012 -0.700640
v -0.366060 26.891035 -0.740760
v -0.277675 26.890266 -0.772371
v -0.186616 26.889709 -0.795170
v -0.093760 26.889372 -0.808936
v 0.051392 28.143585 -0.847543
v -0.044622 28.143456 -0.852259
v 0.146481 28.143970 -0.833443
v 0.239729 28.144613 -0.810094
v 0.330239 28.145506 -0.777719
v 0.417140 28.146639 -0.736634
v 0.499593 28.148001 -0.687232
v 0.576805 28.149580 -0.629989
v 0.648032 28.151361 -0.565455
v 0.712589 28.153326 -0.494254
v 0.769853 28.155457 -0.417071
v 0.819273 28.157734 -0.334649
v 0.860374 28.160131 -0.247781
v 0.892759 28.162632 -0.157305
v 0.916117 28.165205 -0.064091
v 0.930222 28.167831 0.030963
v 0.934939 28.170483 0.126941
v 0.930222 28.173134 0.222919
v 0.916117 28.175762 0.317971
v 0.892759 28.178337 0.411185
v 0.860374 28.180838 0.501661
v 0.819273 28.183239 0.588528
v 0.769853 28.185516 0.670950
v 0.712589 28.187651 0.748133
v 0.648032 28.189621 0.819333
v 0.576805 28.191404 0.883864
v 0.499593 28.192987 0.941107
v 0.417140 28.194355 0.990508
v 0.330239 28.195492 1.031592
v 0.239729 28.196388 1.063965
v 0.146481 28.197037 1.087314
v 0.051392 28.197428 1.101413
v -0.044622 28.197559 1.106128
v -0.140636 28.197433 1.101411
v -0.235725 28.197044 1.087311
v -0.328974 28.196404 1.063962
v -0.419485 28.195511 1.031589
v -0.506384 28.194378 0.990502
v -0.588838 28.193014 0.941100
v -0.666049 28.191435 0.883857
v -0.737277 28.189655 0.819324
v -0.801834 28.187689 0.748123
v -0.859098 28.185558 0.670939
v -0.908518 28.183281 0.588517
v -0.949619 28.180883 0.501649
v -0.982004 28.178385 0.411173
v -1.005362 28.175810 0.317959
v -1.019467 28.173185 0.222905
v -1.024184 28.170534 0.126927
v -1.019467 28.167881 0.030951
v -1.005362 28.165257 -0.064103
v -0.982004 28.162680 -0.157316
v -0.949619 28.160179 -0.247792
v -0.908518 28.157780 -0.334660
v -0.859098 28.155500 -0.417082
v -0.801834 28.153366 -0.494265
v -0.737277 28.151398 -0.565464
v -0.666049 28.149612 -0.629996
v -0.588838 28.148029 -0.687239
v -0.506384 28.146664 -0.736640
v -0.419485 28.145525 -0.777724
v -0.328974 28.144629 -0.810097
v -0.235725 28.143982 -0.833446
v -0.140636 28.143589 -0.847544
v 0.018298 29.726931 -0.920403
v -0.080749 29.726789 -0.925267
v 0.116391 29.727354 -0.905858
v 0.212586 29.728054 -0.881773
v 0.305956 29.729027 -0.848379
v 0.395601 29.730259 -0.805997
v 0.480659 29.731743 -0.755037
v 0.560311 29.733459 -0.695989
v 0.633788 29.735397 -0.629420
v 0.700385 29.737534 -0.555974
v 0.759458 29.739849 -0.476357
v 0.810440 29.742325 -0.391335
v 0.852839 29.744930 -0.301727
v 0.886247 29.747646 -0.208397
v 0.910343 29.750443 -0.112243
v 0.924893 29.753296 -0.014191
v 0.929760 29.756176 0.084814
v 0.924893 29.759056 0.183820
v 0.910343 29.761909 0.281872
v 0.886247 29.764708 0.378026
v 0.852839 29.767422 0.471355
v 0.810440 29.770029 0.560964
v 0.759458 29.772503 0.645986
v 0.700385 29.774818 0.725603
v 0.633788 29.776957 0.799049
v 0.560311 29.778893 0.865618
v 0.480659 29.780611 0.924666
v 0.395601 29.782093 0.975627
v 0.305956 29.783327 1.018007
v 0.212586 29.784298 1.051402
v 0.116391 29.785000 1.075487
v 0.018298 29.785421 1.090032
v -0.080749 29.785564 1.094895
v -0.179796 29.785421 1.090032
v -0.277890 29.785000 1.075487
v -0.374084 29.784298 1.051402
v -0.467454 29.783327 1.018007
v -0.557100 29.782093 0.975627
v -0.642158 29.780611 0.924666
v -0.721809 29.778893 0.865618
v -0.795287 29.776957 0.799049
v -0.861883 29.774818 0.725603
v -0.920956 29.772503 0.645986
v -0.971938 29.770029 0.560964
v -1.014337 29.767422 0.471355
v -1.047746 29.764708 0.378026
v -1.071841 29.761909 0.281872
v -1.086392 29.759056 0.183820
v -1.091258 29.756176 0.084814
v -1.086392 29.753296 -0.014191
v -1.071841 29.750443 -0.112243
v -1.047746 29.747646 -0.208397
v -1.014337 29.744930 -0.301727
v -0.971938 29.742325 -0.391335
v -0.920956 29.739849 -0.476357
v -0.861883 29.737534 -0.555974
v -0.795287 29.735397 -0.629420
v -0.721809 29.733459 -0.695989
v -0.642158 29.731743 -0.755037
v -0.557100 29.730259 -0.805997
v -0.467454 29.729027 -0.848379
v -0.374084 29.728054 -0.881773
v -0.277890 29.727354 -0.905858
v -0.179796 29.726931 -0.920403
v 0.042074 31.194292 -0.925518
v -0.053448 31.194155 -0.930209
v 0.136676 31.194700 -0.911491
v 0.229447 31.195375 -0.888263
v 0.319493 31.196312 -0.856058
v 0.405948 31.197502 -0.815185
v 0.487978 31.198931 -0.766038
v 0.564795 31.200588 -0.709091
v 0.635657 31.202456 -0.644893
v 0.699883 31.204517 -0.574060
v 0.756855 31.206751 -0.497276
v 0.806022 31.209137 -0.415280
v 0.846911 31.211651 -0.328862
v 0.879131 31.214270 -0.238853
v 0.902369 31.216967 -0.146122
v 0.916401 31.219719 -0.051560
v 0.921094 31.222496 0.043921
v 0.916401 31.225273 0.139402
v 0.902369 31.228025 0.233965
v 0.879131 31.230722 0.326696
v 0.846911 31.233341 0.416705
v 0.806022 31.235855 0.503123
v 0.756855 31.238241 0.585119
v 0.699883 31.240475 0.661903
v 0.635657 31.242537 0.732736
v 0.564795 31.244404 0.796934
v 0.487978 31.246061 0.853881
v 0.405948 31.247490 0.903028
v 0.319493 31.248680 0.943900
v 0.229447 31.249617 0.976106
v 0.136676 31.250292 0.999334
v 0.042074 31.250700 1.013361
v -0.053448 31.250837 1.018052
v -0.148970 31.250700 1.013361
v -0.243572 31.250292 0.999334
v -0.336343 31.249617 0.976106
v -0.426389 31.248680 0.943900
v -0.512844 31.247490 0.903028
v -0.594875 31.246061 0.853881
v -0.671691 31.244404 0.796934
v -0.742554 31.242537 0.732736
v -0.806780 31.240475 0.661903
v -0.863750 31.238241 0.585119
v -0.912918 31.235855 0.503123
v -0.953808 31.233341 0.416705
v -0.986027 31.230722 0.326696
v -1.009265 31.228025 0.233965
v -1.023298 31.225273 0.139402
v -1.027991 31.222496 0.043921
v -1.023298 31.219719 -0.051560
v -1.009265 31.216967 -0.146122
v -0.986027 31.214270 -0.238853
v -0.953808 31.211651 -0.328862
v -0.912918 31.209137 -0.415280
v -0.863750 31.206751 -0.497276
v -0.806780 31.204517 -0.574060
v -0.742554 31.202456 -0.644893
v -0.671691 31.200588 -0.709091
v -0.594875 31.198931 -0.766038
v -0.512844 31.197502 -0.815185
v -0.426389 31.196312 -0.856058
v -0.336343 31.195375 -0.888263
v -0.243572 31.194700 -0.911491
v -0.148970 31.194292 -0.925518
v 0.151902 32.827526 -0.979467
v 0.054708 32.827389 -0.984240
v 0.248158 32.827942 -0.965194
v 0.342553 32.828629 -0.941560
v 0.434175 32.829582 -0.908791
v 0.522142 32.830795 -0.867203
v 0.605608 32.832249 -0.817197
v 0.683768 32.833931 -0.759254
v 0.755870 32.835835 -0.693932
v 0.821219 32.837929 -0.621861
v 0.879187 32.840202 -0.543733
v 0.929214 32.842628 -0.460302
v 0.970820 32.845192 -0.372373
v 1.003603 32.847855 -0.280789
v 1.027247 32.850601 -0.186435
v 1.041526 32.853397 -0.090219
v 1.046301 32.856224 0.006933
v 1.041526 32.859051 0.104085
v 1.027247 32.861851 0.200301
v 1.003603 32.864594 0.294655
v 0.970820 32.867260 0.386239
v 0.929214 32.869820 0.474169
v 0.879187 32.872246 0.557599
v 0.821219 32.874519 0.635727
v 0.755870 32.876617 0.707798
v 0.683768 32.878517 0.773120
v 0.605608 32.880203 0.831063
v 0.522142 32.881657 0.881069
v 0.434175 32.882866 0.922657
v 0.342553 32.883820 0.955426
v 0.248158 32.884506 0.979060
v 0.151902 32.884922 0.993333
v 0.054708 32.885063 0.998106
v -0.042484 32.884922 0.993333
v -0.138741 32.884506 0.979060
v -0.233135 32.883820 0.955426
v -0.324758 32.882866 0.922657
v -0.412725 32.881657 0.881069
v -0.496191 32.880203 0.831063
v -0.574351 32.878517 0.773120
v -0.646453 32.876617 0.707798
v -0.711802 32.874519 0.635727
v -0.769770 32.872246 0.557599
v -0.819798 32.869820 0.474169
v -0.861403 32.867260 0.386239
v -0.894186 32.864594 0.294655
v -0.917830 32.861851 0.200301
v -0.932109 32.859051 0.104085
v -0.936884 32.856224 0.006933
v -0.932109 32.853397 -0.090219
v -0.917830 32.850601 -0.186435
v -0.894186 32.847855 -0.280789
v -0.861403 32.845192 -0.372373
v -0.819798 32.842628 -0.460302
v -0.769770 32.840202 -0.543733
v -0.711802 32.837929 -0.621861
v -0.646453 32.835835 -0.693932
v -0.574351 32.833931 -0.759254
v -0.496191 32.832249 -0.817197
v -0.412725 32.830795 -0.867203
v -0.324758 32.829582 -0.908791
v -0.233135 32.828629 -0.941560
v -0.138741 32.827942 -0.965194
v -0.042484 32.827526 -0.979467
v 0.177941 34.272877 -1.018146
v 0.080748 34.272736 -1.022919
v 0.274198 34.273293 -1.003874
v 0.368592 34.273979 -0.980239
v 0.460214 34.274933 -0.947470
v 0.548182 34.276142 -0.905882
v 0.631647 34.277596 -0.855876
v 0.709808 34.279282 -0.797933
v 0.781909 34.281181 -0.732611
v 0.847259 34.283279 -0.660540
v 0.905227 34.285553 -0.582412
v 0.955254 34.287979 -0.498981
v 0.996860 34.290539 -0.411052
v 1.029643 34.293205 -0.319468
v 1.053287 34.295948 -0.225114
v 1.067565 34.298748 -0.128898
v 1.072340 34.301575 -0.031746
v 1.067565 34.304398 0.065406
v 1.053287 34.307198 0.161622
v 1.029643 34.309944 0.255976
v 0.996860 34.312607 0.347560
v 0.955254 34.315166 0.435490
v 0.905227 34.317596 0.518920
v 0.847259 34.319870 0.597047
v 0.781909 34.321964 0.669119
v 0.709808 34.323864 0.734441
v 0.631647 34.325550 0.792384
v 0.548182 34.327003 0.842390
v 0.460214 34.328217 0.883978
v 0.368592 34.329170 0.916747
v 0.274198 34.329857 0.940381
v 0.177941 34.330269 0.954654
v 0.080748 34.330410 0.959427
v -0.016445 34.330269 0.954654
v -0.112702 34.329857 0.940381
v -0.207096 34.329170 0.916747
v -0.298718 34.328217 0.883978
v -0.386685 34.327003 0.842390
v -0.470151 34.325550 0.792384
v -0.548311 34.323864 0.734441
v -0.620413 34.321964 0.669119
v -0.685763 34.319870 0.597047
v -0.743731 34.317596 0.518920
v -0.793758 34.315166 0.435490
v -0.835363 34.312607 0.347560
v -0.868146 34.309944 0.255976
v -0.891791 34.307198 0.161622
v -0.906069 34.304398 0.065406
v -0.910844 34.301575 -0.031746
v -0.906069 34.298748 -0.128898
v -0.891791 34.295948 -0.225114
v -0.868146 34.293205 -0.319468
v -0.835363 34.290539 -0.411052
v -0.793758 34.287979 -0.498981
v -0.743731 34.285553 -0.582412
v -0.685763 34.283279 -0.660540
v -0.620413 34.281181 -0.732611
v -0.548311 34.279282 -0.797933
v -0.470151 34.277596 -0.855876
v -0.386685 34.276142 -0.905882
v -0.298718 34.274933 -0.947470
v -0.207096 34.273979 -0.980239
v -0.112702 34.273293 -1.003874
v -0.016445 34.272877 -1.018146
v 0.171211 35.048164 -1.041573
v 0.074018 35.048027 -1.046346
v 0.267468 35.048584 -1.027301
v 0.361862 35.049271 -1.003667
v 0.453484 35.050224 -0.970897
v 0.541451 35.051434 -0.929309
v 0.624917 35.052887 -0.879303
v 0.703077 35.054573 -0.821360
v 0.775179 35.056473 -0.756038
v 0.840529 35.058571 -0.683967
v 0.898497 35.060844 -0.605840
v 0.948524 35.063271 -0.522408
v 0.990129 35.065826 -0.434479
v 1.022913 35.068493 -0.342896
v 1.046557 35.071236 -0.248542
v 1.060835 35.074036 -0.152326
v 1.065610 35.076862 -0.055173
v 1.060835 35.079689 0.041979
v 1.046557 35.082489 0.138195
v 1.022913 35.085236 0.232549
v 0.990129 35.087898 0.324132
v 0.948524 35.090454 0.412063
v 0.898497 35.092884 0.495493
v 0.840529 35.095154 0.573620
v 0.775179 35.097252 0.645692
v 0.703077 35.099152 0.711014
v 0.624917 35.100838 0.768956
v 0.541451 35.102295 0.818963
v 0.453484 35.103504 0.860551
v 0.361862 35.104458 0.893320
v 0.267468 35.105145 0.916954
v 0.171211 35.105560 0.931227
v 0.074018 35.105698 0.936000
v -0.023175 35.105560 0.931227
v -0.119432 35.105145 0.916954
v -0.213826 35.104458 0.893320
v -0.305448 35.103504 0.860551
v -0.393415 35.102295 0.818963
v -0.476881 35.100838 0.768956
v -0.555041 35.099152 0.711014
v -0.627144 35.097252 0.645692
v -0.692493 35.095154 0.573620
v -0.750461 35.092884 0.495493
v -0.800488 35.090454 0.412063
v -0.842094 35.087898 0.324132
v -0.874876 35.085236 0.232549
v -0.898521 35.082489 0.138195
v -0.912799 35.079689 0.041979
v -0.917574 35.076862 -0.055173
v -0.912799 35.074036 -0.152326
v -0.898521 35.071236 -0.248542
v -0.874876 35.068493 -0.342896
v -0.842094 35.065826 -0.434479
v -0.800488 35.063271 -0.522408
v -0.750461 35.060844 -0.605840
v -0.692493 35.058571 -0.683967
v -0.627144 35.056473 -0.756038
v -0.555042 35.054573 -0.821360
v -0.476881 35.052887 -0.879303
v -0.393415 35.051434 -0.929309
v -0.305448 35.050224 -0.970897
v -0.213826 35.049271 -1.003667
v -0.119432 35.048584 -1.027301
v -0.023175 35.048164 -1.041573
v 0.379661 34.636490 -3.062894
v 0.090008 34.629295 -3.077758
v 0.666473 34.643997 -3.019697
v 0.947682 34.651741 -2.948581
v 1.220581 34.659660 -2.850230
v 1.482541 34.667664 -2.725594
v 1.731054 34.675690 -2.575869
v 1.963737 34.683655 -2.402497
v 2.178324 34.691483 -2.207152
v 2.372750 34.699104 -1.991714
v 2.545140 34.706436 -1.758257
v 2.693836 34.713417 -1.509031
v 2.817403 34.719978 -1.246434
v 2.914655 34.726051 -0.972997
v 2.984653 34.731583 -0.691358
v 3.026723 34.736519 -0.404225
v 3.040460 34.740814 -0.114365
v 3.025729 34.744415 0.175434
v 2.982673 34.747292 0.462380
v 2.911707 34.749413 0.743712
v 2.813513 34.750755 1.016721
v 2.689037 34.751312 1.278774
v 2.539477 34.751068 1.527351
v 2.366274 34.750023 1.760058
v 2.171096 34.748199 1.974652
v 1.955822 34.745598 2.169068
v 1.722527 34.742260 2.341434
v 1.473456 34.738209 2.490088
v 1.211009 34.733482 2.613601
v 0.937713 34.728130 2.710780
v 0.656200 34.722206 2.780691
v 0.369183 34.715767 2.822660
v 0.079425 34.708878 2.836286
v -0.210283 34.701599 2.821433
v -0.497150 34.694008 2.778246
v -0.778409 34.686172 2.707143
v -1.051348 34.678185 2.608804
v -1.313325 34.670105 2.484180
v -1.561836 34.662022 2.334470
v -1.794489 34.654011 2.161112
v -2.009043 34.646152 1.965775
v -2.203431 34.638519 1.750341
v -2.375783 34.631187 1.516889
v -2.524438 34.624222 1.267664
v -2.647964 34.617699 1.005068
v -2.745173 34.611671 0.731629
v -2.815129 34.606194 0.449982
v -2.857157 34.601330 0.162837
v -2.870854 34.597122 -0.127038
v -2.856088 34.593605 -0.416852
v -2.812999 34.590813 -0.703815
v -2.742008 34.588776 -0.985161
v -2.643793 34.587513 -1.258183
v -2.519303 34.587029 -1.520248
v -2.369737 34.587334 -1.768836
v -2.196535 34.588421 -2.001551
v -2.001365 34.590279 -2.216151
v -1.786108 34.592888 -2.410571
v -1.552835 34.596226 -2.582938
v -1.303794 34.600258 -2.731592
v -1.041384 34.604950 -2.855101
v -0.768130 34.610252 -2.952276
v -0.486664 34.616112 -3.022181
v -0.199697 34.622482 -3.064143
v 0.663146 35.404617 -5.631407
v 0.124877 35.383865 -5.659676
v 1.196045 35.425407 -5.550476
v 1.718442 35.446030 -5.417664
v 2.225306 35.466286 -5.234246
v 2.711755 35.485981 -5.001992
v 3.173106 35.504929 -4.723138
v 3.604914 35.522949 -4.400370
v 4.003023 35.539856 -4.036794
v 4.363595 35.555504 -3.635913
v 4.683160 35.569725 -3.201588
v 4.958641 35.582397 -2.738001
v 5.187384 35.593391 -2.249618
v 5.367187 35.602600 -1.741139
v 5.496316 35.609936 -1.217466
v 5.573530 35.615330 -0.683638
v 5.598087 35.618729 -0.144798
v 5.569744 35.620102 0.393866
v 5.488779 35.619431 0.927163
v 5.355972 35.616730 1.449962
v 5.172597 35.612015 1.957225
v 4.940426 35.605343 2.444067
v 4.661693 35.596771 2.905799
v 4.339082 35.586380 3.337976
v 3.975700 35.574276 3.736436
v 3.575046 35.560574 4.097340
v 3.140979 35.545403 4.417212
v 2.677679 35.528908 4.692973
v 2.189608 35.511253 4.921968
v 1.681467 35.492607 5.101989
v 1.158149 35.473145 5.231302
v 0.624693 35.453060 5.308665
v 0.086238 35.432541 5.333333
v -0.452031 35.411789 5.305062
v -0.984929 35.391006 5.224133
v -1.507326 35.370384 5.091323
v -2.014191 35.350128 4.907905
v -2.500641 35.330429 4.675651
v -2.961991 35.311481 4.396796
v -3.393800 35.293465 4.074029
v -3.791907 35.276550 3.710452
v -4.152479 35.260910 3.309571
v -4.472046 35.246681 2.875245
v -4.747527 35.234013 2.411659
v -4.976270 35.223022 1.923275
v -5.156072 35.213814 1.414797
v -5.285202 35.206474 0.891123
v -5.362415 35.201080 0.357295
v -5.386970 35.197681 -0.181544
v -5.358629 35.196312 -0.720208
v -5.277663 35.196980 -1.253506
v -5.144856 35.199684 -1.776304
v -4.961483 35.204391 -2.283567
v -4.729312 35.211067 -2.770409
v -4.450579 35.219643 -3.232141
v -4.127967 35.230026 -3.664319
v -3.764585 35.242134 -4.062778
v -3.363931 35.255836 -4.423681
v -2.929864 35.271008 -4.743554
v -2.466564 35.287502 -5.019315
v -1.978493 35.305157 -5.248309
v -1.470351 35.323803 -5.428331
v -0.947033 35.343262 -5.557645
v -0.413578 35.363350 -5.635009
v 0.437728 36.842644 -4.095992
v 0.050000 36.830669 -4.115973
v 0.821614 36.854870 -4.038087
v 1.197961 36.867233 -3.942818
v 1.563144 36.879604 -3.811099
v 1.913647 36.891869 -3.644203
v 2.246094 36.903908 -3.443734
v 2.557283 36.915596 -3.211624
v 2.844218 36.926834 -2.950109
v 3.104135 36.937500 -2.661707
v 3.334530 36.947498 -2.349195
v 3.533187 36.956730 -2.015584
v 3.698192 36.965111 -1.664087
v 3.827955 36.972553 -1.298088
v 3.921224 36.978992 -0.921112
v 3.977106 36.984367 -0.536790
v 3.995060 36.988625 -0.148824
v 3.974912 36.991730 0.239052
v 3.916857 36.993645 0.623101
v 3.821457 36.994366 0.999624
v 3.689626 36.993881 1.364997
v 3.522637 36.992188 1.715699
v 3.322096 36.989319 2.048354
v 3.089937 36.985298 2.359759
v 2.828393 36.980160 2.646914
v 2.539984 36.973961 2.907054
v 2.227488 36.966755 3.137673
v 1.893912 36.958614 3.336553
v 1.542472 36.949615 3.501776
v 1.176549 36.939850 3.631750
v 0.799670 36.929405 3.725225
v 0.415463 36.918381 3.781302
v 0.027628 36.906883 3.799441
v -0.360098 36.895020 3.779464
v -0.743984 36.882912 3.721565
v -1.120331 36.870659 3.626305
v -1.485516 36.858391 3.494594
v -1.836021 36.846214 3.327707
v -2.168470 36.834251 3.127247
v -2.479662 36.822617 2.895146
v -2.766601 36.811420 2.633639
v -3.026521 36.800766 2.345245
v -3.256922 36.790760 2.032741
v -3.455582 36.781498 1.699136
v -3.620589 36.773071 1.347642
v -3.750354 36.765556 0.981645
v -3.843627 36.759026 0.604669
v -3.899510 36.753555 0.220345
v -3.917465 36.749191 -0.167624
v -3.897319 36.745972 -0.555505
v -3.839265 36.743938 -0.939560
v -3.743864 36.743111 -1.316090
v -3.612032 36.743496 -1.681471
v -3.445041 36.745094 -2.032183
v -3.244498 36.747887 -2.364847
v -3.012335 36.751854 -2.676260
v -2.750788 36.756954 -2.963424
v -2.462375 36.763142 -3.223571
v -2.149875 36.770355 -3.454198
v -1.816297 36.778526 -3.653082
v -1.464852 36.787575 -3.818308
v -1.098927 36.797409 -3.948287
v -0.722045 36.807941 -4.041762
v -0.337836 36.819061 -4.097839
v 0.156005 37.564228 -1.721740
v 0.000000 37.564003 -1.729401
v 0.310508 37.564896 -1.698831
v 0.462020 37.565998 -1.660895
v 0.609083 37.567528 -1.608297
v 0.750280 37.569473 -1.541544
v 0.884252 37.571808 -1.461279
v 1.009707 37.574512 -1.368274
v 1.125439 37.577560 -1.263425
v 1.230331 37.580929 -1.147743
v 1.323375 37.584576 -1.022340
v 1.403675 37.588470 -0.888426
v 1.470456 37.592579 -0.747289
v 1.523077 37.596855 -0.600287
v 1.561028 37.601261 -0.448839
v 1.583946 37.605755 -0.294402
v 1.591611 37.610291 -0.138463
v 1.583946 37.614830 0.017476
v 1.561028 37.619324 0.171914
v 1.523077 37.623726 0.323361
v 1.470456 37.628006 0.470363
v 1.403675 37.632111 0.611500
v 1.323375 37.636009 0.745415
v 1.230331 37.639656 0.870817
v 1.125439 37.643021 0.986500
v 1.009707 37.646072 1.091349
v 0.884252 37.648777 1.184354
v 0.750280 37.651112 1.264619
v 0.609083 37.653053 1.331372
v 0.462020 37.654587 1.383969
v 0.310508 37.655689 1.421906
v 0.156005 37.656357 1.444814
v 0.000000 37.656578 1.452475
v -0.156005 37.656357 1.444814
v -0.310508 37.655689 1.421906
v -0.462020 37.654587 1.383969
v -0.609083 37.653053 1.331372
v -0.750280 37.651112 1.264619
v -0.884252 37.648777 1.184354
v -1.009707 37.646072 1.091349
v -1.125439 37.643021 0.986500
v -1.230332 37.639656 0.870817
v -1.323376 37.636009 0.745415
v -1.403676 37.632111 0.611500
v -1.470457 37.628006 0.470363
v -1.523077 37.623726 0.323361
v -1.561028 37.619324 0.171914
v -1.583947 37.614830 0.017476
v -1.591611 37.610291 -0.138463
v -1.583947 37.605755 -0.294402
v -1.561028 37.601261 -0.448839
v -1.523077 37.596855 -0.600287
v -1.470457 37.592579 -0.747289
v -1.403676 37.588470 -0.888426
v -1.323376 37.584576 -1.022340
v -1.230332 37.580929 -1.147743
v -1.125439 37.577560 -1.263425
v -1.009707 37.574512 -1.368274
v -0.884252 37.571808 -1.461279
v -0.750280 37.569473 -1.541544
v -0.609083 37.567528 -1.608297
v -0.462020 37.565998 -1.660895
v -0.310508 37.564896 -1.698831
v -0.156005 37.564228 -1.721740
v 0.004889 38.052780 -0.201034
v -0.000003 38.052776 -0.201274
v 0.009735 38.052803 -0.200315
v 0.014487 38.052837 -0.199126
v 0.019099 38.052887 -0.197476
v 0.023528 38.052948 -0.195382
v 0.027730 38.053020 -0.192865
v 0.031664 38.053104 -0.189948
v 0.035294 38.053200 -0.186660
v 0.038583 38.053307 -0.183032
v 0.041502 38.053421 -0.179099
v 0.044020 38.053543 -0.174899
v 0.046114 38.053673 -0.170472
v 0.047765 38.053806 -0.165862
v 0.048955 38.053944 -0.161113
v 0.049674 38.054085 -0.156269
v 0.049914 38.054230 -0.151379
v 0.049674 38.054367 -0.146487
v 0.048955 38.054512 -0.141644
v 0.047765 38.054649 -0.136894
v 0.046114 38.054783 -0.132284
v 0.044020 38.054913 -0.127857
v 0.041502 38.055035 -0.123657
v 0.038583 38.055149 -0.119724
v 0.035294 38.055252 -0.116096
v 0.031664 38.055351 -0.112808
v 0.027730 38.055435 -0.109891
v 0.023528 38.055508 -0.107374
v 0.019099 38.055569 -0.105281
v 0.014487 38.055618 -0.103631
v 0.009735 38.055649 -0.102441
v 0.004889 38.055672 -0.101723
v -0.000003 38.055679 -0.101482
v -0.004896 38.055672 -0.101723
v -0.009741 38.055649 -0.102441
v -0.014493 38.055618 -0.103631
v -0.019105 38.055569 -0.105281
v -0.023534 38.055508 -0.107374
v -0.027735 38.055435 -0.109891
v -0.031670 38.055351 -0.112808
v -0.035300 38.055252 -0.116096
v -0.038589 38.055149 -0.119724
v -0.041508 38.055035 -0.123657
v -0.044026 38.054913 -0.127857
v -0.046120 38.054783 -0.132284
v -0.047771 38.054649 -0.136894
v -0.048961 38.054512 -0.141644
v -0.049680 38.054367 -0.146487
v -0.049920 38.054230 -0.151379
v -0.049680 38.054085 -0.156269
v -0.048961 38.053944 -0.161113
v -0.047771 38.053806 -0.165862
v -0.046120 38.053673 -0.170472
v -0.044026 38.053543 -0.174899
v -0.041508 38.053421 -0.179099
v -0.038589 38.053307 -0.183032
v -0.035300 38.053200 -0.186660
v -0.031670 38.053104 -0.189948
v -0.027735 38.053020 -0.192865
v -0.023534 38.052948 -0.195382
v -0.019105 38.052887 -0.197476
v -0.014493 38.052837 -0.199126
v -0.009741 38.052803 -0.200315
v -0.004896 38.052780 -0.201034
v -1.920649 34.731552 2.875812
v -2.264451 34.759548 3.390866
v -2.618078 34.906883 3.910109
v -3.003418 34.890976 3.622134
v -2.599996 34.746094 3.140241
v -2.206420 34.720673 2.662557
v 3.466473 34.860664 -1.523168
v 4.065156 34.948772 -1.774118
v 4.653400 35.148941 -2.021173
v 4.813883 35.157272 -1.567471
v 4.204969 34.956284 -1.379172
v 3.585659 34.867439 -1.186988
v -3.358689 34.876015 3.297746
v -2.909367 34.733349 2.857909
v -2.469920 34.710247 2.422301
v 4.929147 35.163979 -1.100204
v 4.305414 34.962479 -0.972409
v 3.671332 34.873253 -0.840737
v -3.680469 34.862129 2.940067
v -3.189588 34.721443 2.546589
v -2.708610 34.700378 2.157357
v 4.998085 35.168999 -0.623874
v 4.365529 34.967312 -0.557745
v 3.722672 34.878059 -0.487749
v -3.965660 34.849472 2.552543
v -3.437958 34.710491 2.209278
v -2.920193 34.691166 1.870277
v 5.020038 35.172279 -0.143066
v 4.384737 34.970734 -0.139175
v 3.739185 34.881802 -0.131424
v -4.211514 34.838150 2.138904
v -3.652086 34.700600 1.849226
v -3.102630 34.682693 1.563828
v 4.994785 35.173790 0.337587
v 4.362846 34.972702 0.279269
v 3.720706 34.884453 0.224807
v -4.415665 34.828278 1.703135
v -3.829910 34.691864 1.469901
v -3.254165 34.675041 1.240958
v 4.922576 35.173515 0.813458
v 4.300073 34.973202 0.693560
v 3.667418 34.885979 0.577514
v -4.576146 34.819946 1.249433
v -3.969715 34.684361 1.074954
v -3.373338 34.668285 0.904778
v 4.804105 35.171463 1.279963
v 4.197023 34.972233 1.099706
v 3.579834 34.886372 0.923301
v -4.691409 34.813244 0.782166
v -4.070159 34.678173 0.668190
v -3.459002 34.662491 0.558525
v 4.640512 35.167652 1.732612
v 4.054681 34.969799 1.493797
v 3.458793 34.885620 1.258838
v -4.760349 34.808231 0.305836
v -4.130272 34.673355 0.253526
v -3.510331 34.657715 0.205535
v 4.433374 35.162117 2.167042
v 3.874427 34.965927 1.872036
v 3.305466 34.883736 1.580892
v -4.782299 34.804955 -0.174972
v -4.149476 34.669949 -0.165044
v -3.526832 34.654003 -0.150794
v 4.184684 35.154907 2.579070
v 3.657991 34.960648 2.230783
v 3.121326 34.880730 1.886362
v -4.757048 34.803444 -0.655625
v -4.127584 34.667992 -0.583489
v -3.508345 34.651382 -0.507030
v 3.896839 35.146095 2.964730
v 3.407460 34.954025 2.566581
v 2.908148 34.876640 2.172308
v -4.684837 34.803719 -1.131497
v -4.064809 34.667507 -0.997781
v -3.455050 34.649891 -0.859741
v 3.572608 35.135769 3.320306
v 3.125246 34.946106 2.876195
v 2.667985 34.871498 2.435974
v -4.566366 34.805779 -1.598002
v -3.961756 34.668488 -1.403927
v -3.367458 34.649536 -1.205531
v 3.215118 35.124023 3.642375
v 2.814066 34.936981 3.156647
v 2.403150 34.865353 2.674821
v -4.402774 34.809593 -2.050650
v -3.819415 34.670937 -1.798019
v -3.246413 34.650314 -1.541070
v 2.827809 35.110973 3.927834
v 2.476918 34.926727 3.405233
v 2.116191 34.858269 2.886550
v -4.195635 34.815132 -2.485079
v -3.639159 34.674824 -2.176259
v -3.093082 34.652229 -1.863127
v 2.414411 35.096748 4.173933
v 2.117048 34.915447 3.619560
v 1.809875 34.850315 3.069122
v 0.116239 34.735504 -3.775994
v 0.131325 34.792957 -4.421848
v 0.135710 34.964191 -5.063574
v 0.616028 34.982311 -5.038393
v 0.549507 34.807823 -4.400020
v 0.472281 34.746811 -3.757542
v -3.946946 34.822346 -2.897108
v -3.422723 34.680107 -2.535005
v -2.908942 34.655258 -2.168600
v 1.978905 35.081474 4.378304
v 1.737922 34.903252 3.797565
v 1.487150 34.841564 3.220777
v 1.091557 35.000488 -4.966221
v 0.963529 34.822807 -4.337283
v 0.824796 34.758316 -3.704261
v -3.659100 34.831158 -3.282767
v -3.172191 34.686745 -2.870803
v -2.695764 34.659367 -2.454546
v 1.525486 35.065315 4.538981
v 1.343193 34.890259 3.937531
v 1.151125 34.832100 3.340056
v 1.557719 35.018555 -4.847754
v 1.369405 34.837772 -4.234239
v 1.170390 34.769917 -3.616665
v -3.334870 34.841484 -3.638343
v -2.889978 34.694664 -3.180418
v -2.455603 34.664520 -2.718214
v 1.058521 35.048409 4.654410
v 0.936659 34.876587 4.038111
v 0.805035 34.822021 3.425809
v 2.010024 35.036331 -4.684131
v 1.763226 34.852570 -4.091883
v 1.505735 34.781502 -3.495597
v -2.977380 34.853230 -3.960411
v -2.578799 34.703796 -3.460868
v -2.190772 34.670670 -2.957061
v 0.582507 35.030930 4.723483
v 0.522239 34.862377 4.098336
v 0.452215 34.811417 3.477210
v 2.444116 35.053646 -4.476930
v 2.141198 34.867050 -3.911585
v 1.827601 34.792953 -3.342225
v -2.590071 34.866280 -4.245870
v -2.241653 34.714050 -3.709454
v -1.903820 34.677750 -3.168790
v 0.102027 35.013046 4.745538
v 0.103921 34.847763 4.117631
v 0.096061 34.800392 3.493767
v 2.855815 35.070335 -4.228143
v 2.499683 34.881088 -3.695082
v 2.132892 34.804165 -3.158023
v -2.176672 34.880508 -4.491969
v -1.881786 34.725323 -3.923780
v -1.597512 34.685696 -3.351360
v -0.378291 34.994926 4.720355
v -0.314265 34.832878 4.095803
v -0.259996 34.789055 3.475316
v 3.241155 35.086243 -3.940170
v 2.835229 34.894539 -3.444456
v 2.418673 34.815029 -2.944767
v -1.741167 34.895775 -4.696341
v -1.502663 34.737511 -4.101783
v -1.274797 34.694435 -3.503013
v -0.853820 34.976742 4.648186
v -0.728291 34.817879 4.033066
v -0.612527 34.777512 3.422037
v 3.596426 35.101204 -3.615783
v 3.144604 34.907280 -3.162125
v 2.682183 34.825443 -2.704510
v -1.287748 34.911934 -4.857016
v -1.107935 34.750496 -4.241748
v -0.938783 34.703876 -3.622291
v -1.319982 34.958675 4.529720
v -1.134171 34.802902 3.930025
v -0.958135 34.765881 3.334445
v 3.918207 35.115086 -3.258104
v 3.424828 34.919182 -2.850804
v 2.920885 34.835304 -2.439566
v -0.820783 34.928833 -4.972446
v -0.701406 34.764156 -4.342330
v -0.592706 34.713936 -3.708041
v -1.772287 34.940895 4.366096
v -1.527993 34.788094 3.787669
v -1.293489 34.754265 3.213380
v 4.203396 35.127747 -2.870580
v 3.673200 34.930134 -2.513495
v 3.132478 34.844521 -2.152486
v -0.344769 34.946312 -5.041520
v -0.286989 34.778351 -4.402556
v -0.239900 34.724510 -3.759441
v -2.206379 34.923576 4.158894
v -1.905967 34.773598 3.607371
v -1.615359 34.742790 3.060011
v 4.449251 35.139069 -2.456942
v 3.887331 34.940029 -2.153443
v 3.314927 34.853001 -1.846036
v -0.425719 34.761002 -1.625441
v -0.635222 34.624691 -2.286229
v -0.416996 34.625568 -2.340700
v -0.268943 34.759865 -1.664694
v -0.425719 34.852669 1.525195
v -0.626728 34.723148 2.117699
v -0.839294 34.719151 2.041293
v -0.577890 34.851082 1.470771
v 1.325421 34.776451 -1.094462
v 1.807181 34.664627 -1.539152
v 1.942314 34.670055 -1.357459
v 1.421697 34.780228 -0.964704
v -0.194447 34.626957 -2.373425
v -0.109074 34.759171 -1.688398
v -1.043335 34.714794 1.944438
v -0.723992 34.849075 1.401698
v 2.059086 34.675606 -1.163499
v 1.504786 34.784256 -0.826138
v 0.030289 34.628845 -2.384089
v 0.052351 34.758942 -1.696325
v -1.236950 34.710121 1.828057
v -0.862618 34.846657 1.318645
v 2.156358 34.681229 -0.959140
v 1.573887 34.788506 -0.680097
v -1.418284 34.705185 1.693266
v -0.992431 34.843857 1.222409
v 2.233192 34.686882 -0.746377
v 1.628335 34.792931 -0.527989
v -1.585593 34.700027 1.541361
v -1.112183 34.840698 1.113918
v 2.288839 34.692505 -0.527260
v 1.667605 34.797493 -0.371281
v -1.737261 34.694717 1.373791
v -1.220720 34.837219 0.994217
v 2.322752 34.698036 -0.303878
v 1.691319 34.802139 -0.211478
v -1.871833 34.689289 1.192183
v -1.316996 34.833443 0.864459
v 2.334603 34.703415 -0.078379
v 1.699250 34.806835 -0.050122
v -1.988014 34.683792 0.998294
v -1.400085 34.829414 0.725892
v 2.324274 34.708572 0.147070
v 1.691319 34.811531 0.111234
v -2.084688 34.678276 0.793988
v -1.469186 34.825165 0.579852
v 2.291865 34.713470 0.370303
v 1.667605 34.816177 0.271035
v -2.160925 34.672798 0.581234
v -1.523634 34.820740 0.427745
v 2.237690 34.718037 0.589169
v 1.628335 34.820740 0.427745
v -2.215994 34.667404 0.362080
v -1.562904 34.816177 0.271035
v 2.162274 34.722233 0.801562
v 1.573887 34.825165 0.579852
v -2.249368 34.662140 0.138634
v -1.586618 34.811531 0.111234
v 2.066345 34.726006 1.005443
v 1.504786 34.829414 0.725892
v -2.260729 34.657063 -0.086947
v -1.594548 34.806835 -0.050122
v 1.950830 34.729324 1.198846
v 1.421697 34.833443 0.864459
v -2.249971 34.652218 -0.312493
v -1.586618 34.802139 -0.211478
v 1.816848 34.732140 1.379912
v 1.325421 34.837219 0.994217
v -2.217204 34.647652 -0.535829
v -1.562904 34.797493 -0.371281
v 1.665691 34.734436 1.546899
v 1.216884 34.840698 1.113918
v -2.162746 34.643394 -0.754803
v -1.523634 34.792931 -0.527990
v 1.498820 34.736187 1.698197
v 1.097133 34.843857 1.222409
v -2.087128 34.639496 -0.967307
v -1.469186 34.788506 -0.680097
v 1.317846 34.737373 1.832352
v 0.967319 34.846657 1.318645
v -1.991081 34.635986 -1.171294
v -1.400085 34.784260 -0.826138
v 1.124517 34.737991 1.948071
v 0.828694 34.849075 1.401698
v 0.255057 34.631226 -2.372588
v 0.213775 34.759171 -1.688398
v -1.875537 34.632889 -1.364798
v -1.316996 34.780228 -0.964704
v 0.920699 34.738033 2.044237
v 0.682592 34.851082 1.470771
v 0.477708 34.634068 -2.339032
v 0.373645 34.759865 -1.664694
v -1.741612 34.630241 -1.545956
v -1.220720 34.776451 -1.094462
v 0.708358 34.737503 2.119927
v 0.530420 34.852669 1.525195
v 0.696116 34.637352 -2.283745
v 0.530420 34.761002 -1.625441
v -1.590602 34.628059 -1.713022
v -1.112183 34.772968 -1.214164
v 0.489543 34.736404 2.174409
v 0.373645 34.853809 1.564448
v 0.908197 34.641060 -2.207257
v 0.682592 34.762589 -1.571015
v -1.423965 34.626366 -1.864387
v -0.992431 34.769814 -1.322654
v 0.266366 34.734756 2.207159
v 0.213775 34.854500 1.588153
v 1.111929 34.645149 -2.110305
v 0.828693 34.764595 -1.501944
v -1.243309 34.625175 -1.998592
v -0.862618 34.767014 -1.418890
v 0.040977 34.732582 2.217860
v 0.052351 34.854729 1.596080
v 1.305601 34.649593 -1.993796
v 0.967319 34.767014 -1.418890
v -1.050377 34.624496 -2.114347
v -0.723992 34.764595 -1.501944
v -0.184449 34.729900 2.206409
v -0.109074 34.854500 1.588153
v 1.487267 34.654350 -1.858863
v 1.097133 34.769814 -1.322654
v -0.847029 34.624336 -2.210534
v -0.577890 34.762589 -1.571015
v -0.407737 34.726746 2.172914
v -0.268943 34.853809 1.564448
v 1.655005 34.659378 -1.706826
v 1.216884 34.772972 -1.214164
v 0.980226 31.766867 0.031544
v 0.985909 32.298237 0.016084
v 0.981161 32.301048 0.112679
v 0.975505 31.769663 0.127582
v -0.864482 31.780306 0.493423
v -0.869494 32.311752 0.480641
v -0.910861 32.309212 0.393215
v -0.905611 31.777777 0.406501
v 0.966964 32.303833 0.208344
v 0.961390 31.772430 0.222695
v -0.943457 32.306561 0.302157
v -0.938018 31.775143 0.315968
v 0.943456 32.306561 0.302157
v 0.938017 31.775143 0.315968
v -0.966965 32.303833 0.208344
v -0.961391 31.772430 0.222695
v 0.910861 32.309212 0.393215
v 0.905610 31.777777 0.406501
v -0.981162 32.301048 0.112679
v -0.975506 31.769663 0.127582
v 0.869493 32.311752 0.480641
v 0.864481 31.780306 0.493423
v -0.985909 32.298241 0.016084
v -0.980226 31.766869 0.031544
v 0.819753 32.314167 0.563594
v 0.815028 31.782705 0.575897
v -0.981162 32.295425 -0.080511
v -0.975506 31.764074 -0.064495
v 0.762117 32.316429 0.641273
v 0.757724 31.784952 0.653129
v -0.966965 32.292645 -0.176176
v -0.961391 31.761307 -0.159608
v 0.697143 32.318512 0.712932
v 0.693124 31.787025 0.724375
v -0.943457 32.289917 -0.269989
v -0.938018 31.758595 -0.252881
v 0.625453 32.320404 0.777880
v 0.621849 31.788904 0.788947
v -0.910861 32.287266 -0.361048
v -0.905611 31.755960 -0.343414
v 0.547741 32.322075 0.835490
v 0.544584 31.790571 0.846227
v -0.869494 32.284721 -0.448474
v -0.864482 31.753431 -0.430336
v 0.464754 32.323524 0.885210
v 0.462075 31.792009 0.895659
v -0.000000 31.738361 -0.948268
v -0.000000 32.269566 -0.969408
v 0.096635 32.269707 -0.964663
v 0.096078 31.738501 -0.943550
v -0.819754 32.282310 -0.531426
v -0.815028 31.751032 -0.512811
v 0.377291 32.324726 0.926559
v 0.375116 31.793205 0.936770
v 0.192341 32.270119 -0.950472
v 0.191232 31.738911 -0.929441
v -0.762118 32.280048 -0.609105
v -0.757725 31.748785 -0.590042
v 0.286194 32.325676 0.959141
v 0.284544 31.794147 0.969164
v 0.286194 32.270802 -0.926973
v 0.284544 31.739590 -0.906077
v -0.697143 32.277962 -0.680764
v -0.693125 31.746712 -0.661287
v 0.192341 32.326359 0.982640
v 0.191232 31.794827 0.992528
v 0.377291 32.271751 -0.894392
v 0.375116 31.740532 -0.873684
v -0.625454 32.276077 -0.745711
v -0.621849 31.744833 -0.725861
v 0.096635 32.326771 0.996830
v 0.096078 31.795237 1.006637
v 0.464754 32.272949 -0.853042
v 0.462075 31.741728 -0.832573
v -0.547742 32.274399 -0.803323
v -0.544585 31.743166 -0.783139
v -0.000000 32.326912 1.001575
v -0.000000 31.795374 1.011354
v 0.547741 32.274399 -0.803323
v 0.544584 31.743166 -0.783139
v -0.464755 32.272949 -0.853042
v -0.462076 31.741728 -0.832573
v -0.096636 32.326771 0.996830
v -0.096079 31.795237 1.006637
v 0.625453 32.276077 -0.745711
v 0.621849 31.744833 -0.725861
v -0.377292 32.271751 -0.894392
v -0.375116 31.740532 -0.873684
v -0.192342 32.326359 0.982640
v -0.191233 31.794827 0.992528
v 0.697143 32.277962 -0.680764
v 0.693124 31.746712 -0.661287
v -0.286195 32.270802 -0.926973
v -0.284545 31.739590 -0.906077
v -0.286195 32.325676 0.959141
v -0.284545 31.794147 0.969164
v 0.762117 32.280048 -0.609105
v 0.757724 31.748785 -0.590042
v -0.192342 32.270119 -0.950472
v -0.191233 31.738911 -0.929441
v -0.377292 32.324726 0.926559
v -0.375116 31.793205 0.936770
v 0.819753 32.282310 -0.531426
v 0.815028 31.751032 -0.512811
v -0.096636 32.269707 -0.964663
v -0.096079 31.738501 -0.943550
v -0.464755 32.323524 0.885210
v -0.462076 31.792009 0.895659
v 0.869493 32.284721 -0.448474
v 0.864481 31.753431 -0.430336
v -0.547742 32.322075 0.835490
v -0.544585 31.790571 0.846227
v 0.910861 32.287266 -0.361048
v 0.905610 31.755960 -0.343414
v -0.625454 32.320404 0.777880
v -0.621849 31.788904 0.788947
v 0.943456 32.289917 -0.269989
v 0.938017 31.758595 -0.252881
v -0.697143 32.318512 0.712932
v -0.693125 31.787025 0.724375
v 0.966964 32.292645 -0.176176
v 0.961390 31.761307 -0.159608
v -0.762118 32.316429 0.641273
v -0.757725 31.784952 0.653129
v 0.981161 32.295425 -0.080511
v 0.975505 31.764074 -0.064495
v -0.819754 32.314167 0.563594
v -0.815028 31.782705 0.575897
v 1.910035 31.732004 0.001475
v 1.918559 31.838625 -0.004151
v 1.912863 31.847456 0.173851
v 1.904365 31.740778 0.178452
v -1.473939 31.708796 0.913391
v -1.485014 31.815191 0.913197
v -1.563988 31.805544 0.753617
v -1.552452 31.699223 0.754729
v 1.889732 31.855864 0.350456
v 1.881359 31.749125 0.354038
v -1.626915 31.795872 0.587059
v -1.615011 31.689627 0.589128
v 1.849385 31.863764 0.523964
v 1.841237 31.756969 0.526545
v -1.673190 31.786274 0.415124
v -1.661013 31.680101 0.418182
v 1.792211 31.871084 0.692703
v 1.784385 31.764235 0.694308
v -1.702368 31.776840 0.239469
v -1.690017 31.670734 0.243538
v 1.718762 31.877752 0.855048
v 1.711353 31.770853 0.855714
v -1.714166 31.767662 0.061784
v -1.701741 31.661623 0.066876
v 1.629745 31.883703 1.009437
v 1.622842 31.776756 1.009208
v -1.708472 31.758829 -0.116219
v -1.696074 31.652849 -0.110100
v 1.526016 31.888882 1.154380
v 1.519705 31.781893 1.153312
v -1.685341 31.750425 -0.292824
v -1.673070 31.644499 -0.285687
v 1.408575 31.893234 1.288484
v 1.402936 31.786209 1.286637
v -1.644994 31.742533 -0.466331
v -1.632950 31.636654 -0.458194
v 1.278553 31.896721 1.410457
v 1.273660 31.789665 1.407902
v -1.587821 31.735226 -0.635072
v -1.576101 31.629389 -0.625959
v 1.137201 31.899307 1.519124
v 1.133120 31.792229 1.515935
v -1.514373 31.728575 -0.797418
v -1.503070 31.622774 -0.787368
v 0.985882 31.900967 1.613439
v 0.982671 31.793871 1.609699
v 0.073258 31.605621 -1.769797
v 0.071054 31.711433 -1.785604
v 0.249238 31.715357 -1.780097
v 0.250416 31.609512 -1.764316
v -1.425355 31.722647 -0.951807
v -1.414561 31.616875 -0.940864
v 0.826054 31.901686 1.692492
v 0.823761 31.794580 1.688290
v 0.426007 31.720123 -1.757171
v 0.426166 31.614243 -1.741514
v -1.321627 31.717493 -1.096752
v -1.311425 31.611742 -1.084970
v 0.659253 31.901455 1.755523
v 0.657921 31.794348 1.750951
v 0.599657 31.725685 -1.717045
v 0.598814 31.619770 -1.701611
v -1.204186 31.713165 -1.230858
v -1.194657 31.607431 -1.218299
v 0.487088 31.900276 1.801926
v 0.486749 31.793177 1.797078
v 0.768516 31.731993 -1.660105
v 0.766698 31.626036 -1.644991
v -1.074165 31.709707 -1.352832
v -1.065380 31.603983 -1.339566
v 0.311216 31.898163 1.831251
v 0.311891 31.791079 1.826228
v 0.930958 31.738987 -1.586899
v 0.928201 31.632984 -1.572200
v -0.932815 31.707148 -1.461501
v -0.924839 31.601425 -1.447602
v 0.133332 31.895130 1.843220
v 0.135033 31.788071 1.838120
v 1.085419 31.746595 -1.498134
v 1.081768 31.640547 -1.483938
v -0.781496 31.705513 -1.555816
v -0.774389 31.599791 -1.541369
v -0.044853 31.891212 1.837714
v -0.042122 31.784184 1.832638
v 1.230412 31.754749 -1.394663
v 1.225919 31.648649 -1.381057
v -0.621668 31.704821 -1.634871
v -0.615478 31.599087 -1.619962
v -0.221621 31.886444 1.814788
v -0.217869 31.779453 1.809836
v 1.364538 31.763369 -1.277483
v 1.359268 31.657219 -1.264545
v -0.454867 31.705072 -1.697904
v -0.449636 31.599327 -1.682625
v -0.395271 31.880873 1.774662
v -0.390514 31.773930 1.769935
v 1.486507 31.772373 -1.147722
v 1.480528 31.666168 -1.135527
v -0.282703 31.706268 -1.744308
v -0.278462 31.600506 -1.728755
v -0.564130 31.874552 1.717722
v -0.558397 31.767662 1.713317
v 1.595145 31.781673 -1.006632
v 1.588533 31.675413 -0.995244
v -0.106831 31.708397 -1.773634
v -0.103602 31.602610 -1.757905
v -0.726571 31.867540 1.644518
v -0.719898 31.760710 1.640528
v 1.689405 31.791182 -0.855568
v 1.682242 31.684862 -0.845047
v -0.881032 31.859909 1.555754
v -0.873464 31.753143 1.552269
v 1.768379 31.800806 -0.695989
v 1.760754 31.694429 -0.686382
v -1.026023 31.851732 1.452284
v -1.017615 31.745035 1.449389
v 1.831307 31.810455 -0.529428
v 1.823311 31.704018 -0.520780
v -1.160149 31.843084 1.335105
v -1.150962 31.736462 1.332882
v 1.877582 31.820036 -0.357492
v 1.869312 31.713537 -0.349832
v -1.282117 31.834055 1.205347
v -1.272223 31.727507 1.203866
v 1.906759 31.829456 -0.181836
v 1.898313 31.722898 -0.175186
v -1.390754 31.824728 1.064258
v -1.380229 31.718254 1.063586
v 1.948830 31.709087 0.001580
v 1.958994 31.759581 -0.001324
v 1.953228 31.768650 0.180322
v 1.943082 31.718086 0.182179
v -1.504231 31.684778 0.932938
v -1.514002 31.734892 0.935744
v -1.594634 31.724983 0.772922
v -1.584384 31.674950 0.771047
v 1.929669 31.777279 0.360547
v 1.919644 31.726648 0.361364
v -1.658892 31.715050 0.602972
v -1.648259 31.665104 0.602070
v 1.888541 31.785383 0.537616
v 1.878738 31.734690 0.537410
v -1.706158 31.705193 0.427531
v -1.695238 31.655327 0.427635
v 1.830241 31.792883 0.709824
v 1.820759 31.742132 0.708621
v -1.735978 31.695507 0.248290
v -1.724871 31.645721 0.249423
v 1.755330 31.799711 0.875511
v 1.746266 31.748909 0.873347
v -1.748063 31.686085 0.066973
v -1.736872 31.636372 0.069150
v 1.664530 31.805798 1.033084
v 1.655977 31.754951 1.030004
v -1.742298 31.677013 -0.114673
v -1.731125 31.627375 -0.111449
v 1.558716 31.811085 1.181023
v 1.550760 31.760199 1.177081
v -1.718738 31.668385 -0.294898
v -1.707686 31.618813 -0.290635
v 1.438906 31.815523 1.317904
v 1.431629 31.764606 1.313163
v -1.677610 31.660282 -0.471967
v -1.666781 31.610767 -0.466681
v 1.306254 31.819067 1.442410
v 1.299732 31.768127 1.436939
v -1.619310 31.652781 -0.644175
v -1.608803 31.603321 -0.637891
v 1.162038 31.821686 1.553340
v 1.156337 31.770731 1.547217
v -1.544399 31.645954 -0.809862
v -1.534310 31.596542 -0.802617
v 1.007647 31.823351 1.649627
v 1.002828 31.772388 1.642937
v 0.074078 31.579113 -1.805501
v 0.073224 31.628496 -1.818701
v 0.255057 31.632553 -1.813132
v 0.254862 31.583128 -1.799948
v -1.453599 31.639868 -0.967434
v -1.444020 31.590496 -0.959274
v 0.844567 31.824051 1.730342
v 0.840681 31.773090 1.723173
v 0.435449 31.637480 -1.789786
v 0.434213 31.588005 -1.776721
v -1.347785 31.634579 -1.115373
v -1.338803 31.585243 -1.106352
v 0.674369 31.823774 1.794711
v 0.671459 31.772823 1.787155
v 0.612663 31.643227 -1.748888
v 0.610403 31.593699 -1.736042
v -1.227975 31.630142 -1.252255
v -1.219672 31.580832 -1.242435
v 0.498693 31.822525 1.842111
v 0.496790 31.771591 1.834267
v 0.784993 31.649740 -1.690830
v 0.781735 31.600155 -1.678302
v -1.095324 31.626596 -1.376760
v -1.087775 31.577305 -1.366210
v 0.319229 31.820314 1.872087
v 0.318359 31.769409 1.864054
v 0.950778 31.656960 -1.616173
v 0.946559 31.607307 -1.604060
v -0.951108 31.623978 -1.487690
v -0.944381 31.574697 -1.476489
v 0.137707 31.817167 1.884350
v 0.137881 31.766294 1.876229
v 1.108423 31.664812 -1.525634
v 1.103288 31.615093 -1.514029
v -0.796716 31.622313 -1.583978
v -0.790870 31.573032 -1.572207
v -0.044126 31.813110 1.878781
v -0.042903 31.762281 1.870676
v 1.256409 31.673222 -1.420087
v 1.250412 31.623432 -1.409076
v -0.633636 31.621614 -1.664693
v -0.628724 31.572329 -1.652444
v -0.224518 31.808186 1.855435
v -0.222254 31.757404 1.847448
v 1.393310 31.682112 -1.300548
v 1.386515 31.632244 -1.290213
v -0.463439 31.621891 -1.729062
v -0.459501 31.572592 -1.716427
v -0.401732 31.802439 1.814536
v -0.398443 31.751713 1.806769
v 1.517808 31.691393 -1.168168
v 1.510285 31.641449 -1.158584
v -0.287762 31.623140 -1.776462
v -0.284832 31.573820 -1.763538
v -0.574062 31.795923 1.756479
v -0.569775 31.745260 1.749030
v 1.628706 31.700977 -1.024221
v 1.620531 31.650955 -1.015456
v -0.108298 31.625349 -1.806437
v -0.106400 31.576000 -1.793325
v -0.739848 31.788706 1.681822
v -0.734599 31.738110 1.674788
v 1.724933 31.710772 -0.870095
v 1.716191 31.660669 -0.862208
v -0.897492 31.780853 1.591284
v -0.891328 31.730330 1.584758
v 1.805564 31.720682 -0.707273
v 1.796343 31.670500 -0.700316
v -1.045478 31.772442 1.485736
v -1.038452 31.721996 1.479805
v 1.869823 31.730614 -0.537323
v 1.860218 31.680351 -0.531340
v -1.182379 31.763552 1.366197
v -1.174555 31.713186 1.360942
v 1.917089 31.740471 -0.361882
v 1.907197 31.690130 -0.356906
v -1.306878 31.754271 1.233817
v -1.298325 31.703987 1.229313
v 1.946908 31.750158 -0.182641
v 1.936829 31.699739 -0.178694
v -1.417775 31.744688 1.089870
v -1.408571 31.694489 1.086185
v 3.414902 22.106392 -12.540375
v 3.759319 22.907701 -12.512017
v 3.512954 22.065702 -12.537313
v 3.863256 22.864820 -12.508750
v 3.609853 22.024347 -12.523914
v 3.965974 22.821239 -12.494535
v 3.704668 21.982723 -12.500309
v 4.066484 22.777378 -12.469509
v 3.796482 21.941235 -12.466722
v 4.163818 22.733656 -12.433912
v 3.884412 21.900278 -12.423477
v 4.257037 22.690496 -12.388088
v 3.967614 21.860250 -12.370993
v 4.345245 22.648314 -12.332479
v 4.045283 21.821535 -12.309772
v 4.427591 22.607515 -12.267618
v 4.116673 21.784506 -12.240407
v 4.503283 22.568495 -12.194132
v 4.181096 21.749519 -12.163564
v 4.571593 22.531626 -12.112728
v 4.237932 21.716911 -12.079983
v 4.631861 22.497265 -12.024189
v 4.286633 21.686998 -11.990469
v 4.683507 22.465742 -11.929370
v 4.326730 21.660067 -11.895885
v 4.726036 22.437361 -11.829182
v 4.357837 21.636375 -11.797140
v 4.759035 22.412395 -11.724590
v 4.379655 21.616154 -11.695188
v 4.782189 22.391087 -11.616602
v 4.391974 21.599598 -11.591008
v 4.795272 22.373638 -11.506258
v 4.394674 21.586863 -11.485605
v 4.798162 22.360220 -11.394620
v 4.387729 21.578075 -11.379993
v 4.790827 22.350958 -11.282764
v 4.371208 21.573317 -11.275189
v 4.773341 22.345945 -11.171767
v 4.345268 21.572636 -11.172205
v 4.745870 22.345226 -11.062698
v 4.310160 21.576038 -11.072029
v 4.708681 22.348812 -10.956607
v 4.266222 21.583490 -10.975628
v 4.662129 22.356665 -10.854516
v 4.213875 21.594921 -10.883929
v 4.606665 22.368711 -10.757408
v 4.153627 21.610220 -10.797817
v 4.542822 22.384832 -10.666218
v 4.086055 21.629240 -10.718121
v 4.471215 22.404877 -10.581825
v 4.011812 21.651798 -10.645606
v 4.392534 22.428648 -10.505041
v 3.931611 21.677677 -10.580973
v 4.307536 22.455917 -10.436606
v 3.846225 21.706627 -10.524843
v 4.217040 22.486425 -10.377179
v 3.756478 21.738369 -10.477758
v 4.121917 22.519876 -10.327332
v 3.663232 21.772600 -10.440170
v 4.023084 22.555946 -10.287544
v 3.567386 21.808987 -10.412442
v 3.921493 22.594292 -10.258201
v 3.469863 21.847181 -10.394841
v 3.818120 22.634541 -10.239583
v 3.371603 21.886814 -10.387535
v 3.713964 22.676306 -10.231871
v 3.273550 21.927504 -10.390596
v 3.610027 22.719185 -10.235138
v 3.176651 21.968859 -10.403995
v 3.507308 22.762768 -10.249353
v 3.081837 22.010483 -10.427601
v 3.406798 22.806629 -10.274380
v 2.990023 22.051971 -10.461188
v 3.309465 22.850351 -10.309976
v 2.902092 22.092928 -10.504432
v 3.216247 22.893513 -10.355799
v 2.818891 22.132956 -10.556916
v 3.128039 22.935694 -10.411409
v 2.741222 22.171671 -10.618136
v 3.045693 22.976494 -10.476269
v 2.669831 22.208700 -10.687503
v 2.970000 23.015516 -10.549755
v 2.605409 22.243687 -10.764346
v 2.901692 23.052385 -10.631159
v 2.548573 22.276295 -10.847927
v 2.841424 23.086748 -10.719698
v 2.499872 22.306208 -10.937441
v 2.789778 23.118271 -10.814518
v 2.459774 22.333139 -11.032024
v 2.747250 23.146652 -10.914705
v 2.428667 22.356831 -11.130769
v 2.714252 23.171619 -11.019297
v 2.406849 22.377052 -11.232721
v 2.691098 23.192930 -11.127285
v 2.394531 22.393608 -11.336902
v 2.678014 23.210379 -11.237629
v 2.391830 22.406343 -11.442305
v 2.675126 23.223799 -11.349266
v 2.398775 22.415131 -11.547916
v 2.682460 23.233059 -11.461123
v 2.415296 22.419889 -11.652719
v 2.699946 23.238073 -11.572119
v 2.441236 22.420570 -11.755705
v 2.727417 23.238792 -11.681189
v 2.476344 22.417168 -11.855881
v 2.764607 23.235207 -11.787279
v 2.520283 22.409716 -11.952282
v 2.811159 23.227352 -11.889371
v 2.572629 22.398285 -12.043980
v 2.866622 23.215307 -11.986479
v 2.632878 22.382986 -12.130093
v 2.930465 23.199184 -12.077668
v 2.700449 22.363966 -12.209789
v 3.002072 23.179140 -12.162062
v 2.774693 22.341408 -12.282304
v 3.080753 23.155367 -12.238846
v 2.854894 22.315529 -12.346937
v 3.165750 23.128096 -12.307281
v 2.940279 22.286579 -12.403067
v 3.256246 23.097588 -12.366709
v 3.030027 22.254837 -12.450151
v 3.351368 23.064135 -12.416555
v 3.123272 22.220606 -12.487740
v 3.450200 23.028063 -12.456343
v 3.219119 22.184219 -12.515468
v 3.551791 22.989717 -12.485687
v 3.316642 22.146025 -12.533069
v 3.655162 22.949467 -12.504305
v 4.374746 23.963116 -12.372426
v 4.270269 24.005005 -12.375822
v 4.478012 23.920544 -12.358073
v 4.579072 23.877701 -12.332901
v 4.676953 23.834999 -12.297152
v 4.770711 23.792850 -12.251170
v 4.859446 23.751659 -12.195399
v 4.942301 23.711823 -12.130376
v 5.018479 23.673725 -12.056726
v 5.087245 23.637732 -11.975161
v 5.147939 23.604189 -11.886463
v 5.199975 23.573421 -11.791489
v 5.242851 23.545721 -11.691152
v 5.276156 23.521358 -11.586418
v 5.299566 23.500566 -11.478298
v 5.312859 23.483545 -11.367832
v 5.315904 23.470459 -11.256083
v 5.308673 23.461430 -11.144129
v 5.291236 23.456551 -11.033046
v 5.263759 23.455853 -10.923906
v 5.226501 23.459339 -10.817760
v 5.179828 23.466991 -10.715631
v 5.124190 23.478739 -10.618500
v 5.060122 23.494465 -10.527303
v 4.988241 23.514021 -10.442919
v 4.909240 23.537218 -10.366159
v 4.823880 23.563833 -10.297765
v 4.732982 23.593609 -10.238393
v 4.637422 23.626261 -10.188616
v 4.538122 23.661476 -10.148912
v 4.436036 23.698912 -10.119666
v 4.332149 23.738211 -10.101158
v 4.227460 23.778994 -10.093566
v 4.122978 23.820868 -10.096963
v 4.019710 23.863430 -10.111318
v 3.918650 23.906273 -10.136490
v 3.820771 23.948980 -10.172238
v 3.727016 23.991142 -10.218219
v 3.638286 24.032352 -10.273988
v 3.555439 24.072214 -10.339009
v 3.479270 24.110344 -10.412657
v 3.410513 24.146372 -10.494220
v 3.349831 24.179953 -10.582914
v 3.297808 24.210762 -10.677886
v 3.254944 24.238503 -10.778219
v 3.221652 24.262909 -10.882949
v 3.198253 24.283743 -10.991066
v 3.184973 24.300806 -11.101529
v 3.181938 24.313931 -11.213275
v 3.189178 24.322994 -11.325227
v 3.206624 24.327904 -11.436308
v 3.234104 24.328609 -11.545446
v 3.271354 24.325094 -11.651594
v 3.318017 24.317408 -11.753727
v 3.373645 24.305624 -11.850861
v 3.437702 24.289860 -11.942060
v 3.509571 24.270262 -12.026447
v 3.588559 24.247021 -12.103210
v 3.673908 24.220364 -12.171609
v 3.764793 24.190546 -12.230984
v 3.860341 24.157854 -12.280764
v 3.959630 24.122604 -12.320469
v 4.061707 24.085135 -12.349718
v 4.165586 24.045809 -12.368229
v 4.945497 25.154667 -12.157248
v 4.845500 25.192272 -12.160750
v 5.044368 25.116468 -12.143364
v 5.141160 25.078041 -12.119234
v 5.234941 25.039757 -12.085089
v 5.324808 25.001984 -12.041260
v 5.409894 24.965084 -11.988166
v 5.489382 24.929413 -11.926320
v 5.562503 24.895313 -11.856319
v 5.628557 24.863113 -11.778835
v 5.686903 24.833117 -11.694614
v 5.736981 24.805613 -11.604471
v 5.778307 24.780865 -11.509270
v 5.810484 24.759106 -11.409929
v 5.833201 24.740547 -11.307407
v 5.846239 24.725365 -11.202690
v 5.849472 24.713701 -11.096786
v 5.842867 24.705669 -10.990715
v 5.826489 24.701342 -10.885499
v 5.800491 24.700729 -10.782153
v 5.765117 24.703814 -10.681674
v 5.720719 24.710617 -10.585026
v 5.667724 24.721079 -10.493140
v 5.606642 24.735104 -10.406900
v 5.538063 24.752556 -10.327139
v 5.462648 24.773268 -10.254622
v 5.381122 24.797045 -10.190050
v 5.294272 24.823658 -10.134043
v 5.202935 24.852854 -10.087139
v 5.107990 24.884354 -10.049792
v 5.010353 24.917856 -10.022362
v 4.910964 24.953041 -10.005111
v 4.810781 24.989569 -9.998205
v 4.710767 25.027090 -10.001713
v 4.611888 25.065245 -10.015598
v 4.515095 25.103666 -10.039728
v 4.421320 25.141983 -10.073872
v 4.331467 25.179827 -10.117698
v 4.246400 25.216831 -10.170786
v 4.166937 25.252642 -10.232625
v 4.093845 25.286907 -10.302619
v 4.027826 25.319302 -10.380094
v 3.969516 25.349504 -10.464304
v 3.919477 25.377228 -10.554438
v 3.878189 25.402203 -10.649628
v 3.846050 25.424183 -10.748958
v 3.823368 25.442959 -10.851471
v 3.810363 25.458347 -10.956180
v 3.807159 25.470196 -11.062077
v 3.813787 25.478392 -11.168140
v 3.830182 25.482855 -11.273352
v 3.856184 25.483505 -11.376697
v 3.891543 25.480297 -11.477180
v 3.935920 25.473339 -11.573833
v 3.988889 25.462696 -11.665727
v 4.049940 25.448473 -11.751974
v 4.118483 25.430809 -11.831745
v 4.193862 25.409872 -11.904272
v 4.275348 25.385872 -11.968855
v 4.362159 25.359035 -12.024873
v 4.453460 25.329626 -12.071786
v 4.548370 25.297930 -12.109142
v 4.645976 25.264252 -12.136581
v 4.745338 25.228920 -12.153839
v 5.596323 26.618607 -11.843153
v 5.501749 26.639004 -11.848034
v 5.690050 26.597878 -11.829091
v 5.782039 26.577028 -11.805979
v 5.871412 26.556263 -11.774037
v 5.957315 26.535784 -11.733572
v 6.038920 26.515781 -11.684973
v 6.115440 26.496437 -11.628707
v 6.186129 26.477922 -11.565321
v 6.250290 26.460394 -11.495428
v 6.307288 26.443993 -11.419708
v 6.356543 26.428835 -11.338896
v 6.397439 26.415012 -11.253808
v 6.429595 26.402622 -11.165262
v 6.452731 26.391745 -11.074101
v 6.466599 26.382441 -10.981212
v 6.471048 26.374771 -10.887491
v 6.466019 26.368776 -10.793848
v 6.451543 26.364477 -10.701188
v 6.427583 26.361816 -10.610451
v 6.394517 26.360723 -10.522470
v 6.352716 26.361385 -10.438081
v 6.302607 26.363892 -10.358088
v 6.244698 26.368263 -10.283255
v 6.179571 26.374493 -10.214296
v 6.107875 26.382565 -10.151871
v 6.030202 26.392445 -10.096605
v 5.947460 26.404078 -10.048989
v 5.860480 26.417387 -10.009472
v 5.770119 26.432276 -9.978429
v 5.677261 26.448620 -9.956156
v 5.582803 26.466284 -9.942865
v 5.487659 26.485106 -9.938686
v 5.392739 26.504902 -9.943660
v 5.298950 26.525476 -9.957739
v 5.207184 26.546619 -9.980791
v 5.118313 26.568119 -10.012598
v 5.033176 26.589750 -10.052858
v 4.952573 26.611282 -10.101190
v 4.877242 26.632488 -10.157136
v 4.807895 26.653143 -10.220162
v 4.745213 26.673021 -10.289659
v 4.689785 26.691910 -10.364959
v 4.642128 26.709595 -10.445343
v 4.602689 26.725887 -10.530040
v 4.571834 26.740606 -10.618237
v 4.549848 26.753588 -10.709089
v 4.536937 26.764692 -10.801723
v 4.533216 26.773802 -10.895248
v 4.538717 26.780815 -10.988765
v 4.553370 26.785666 -11.081377
v 4.576976 26.788229 -11.172209
v 4.609369 26.788176 -11.260370
v 4.650261 26.785885 -11.345003
v 4.699264 26.781399 -11.425293
v 4.755907 26.774771 -11.500465
v 4.819654 26.766083 -11.569794
v 4.889903 26.755444 -11.632607
v 4.965991 26.742975 -11.688297
v 5.047203 26.728827 -11.736323
v 5.132768 26.713158 -11.776219
v 5.221880 26.696144 -11.807597
v 5.313644 26.677980 -11.830163
v 5.407225 26.658865 -11.843688
v 6.194529 28.003355 -11.695145
v 6.101923 28.029636 -11.698948
v 6.286157 27.976646 -11.681967
v 6.375925 27.949762 -11.659542
v 6.462968 27.922966 -11.628086
v 6.546447 27.896515 -11.587902
v 6.625560 27.870661 -11.539376
v 6.699545 27.845657 -11.482977
v 6.767686 27.821743 -11.419247
v 6.829330 27.799150 -11.348801
v 6.883880 27.778095 -11.272316
v 6.930812 27.758780 -11.190529
v 6.969673 27.741390 -11.104229
v 7.000087 27.726095 -11.014247
v 7.021762 27.713041 -10.921450
v 7.034489 27.702354 -10.826729
v 7.038145 27.694138 -10.731000
v 7.032695 27.688467 -10.635182
v 7.018161 27.685408 -10.540208
v 6.994714 27.684978 -10.446983
v 6.962579 27.687185 -10.356406
v 6.922072 27.692003 -10.269347
v 6.873581 27.699387 -10.186646
v 6.817572 27.709267 -10.109097
v 6.754584 27.721548 -10.037449
v 6.685224 27.736113 -9.972392
v 6.610160 27.752823 -9.914552
v 6.530117 27.771515 -9.864486
v 6.445865 27.792009 -9.822676
v 6.358217 27.814110 -9.789524
v 6.268014 27.837603 -9.765349
v 6.176130 27.862263 -9.750386
v 6.083446 27.887852 -9.744777
v 5.990856 27.914124 -9.748576
v 5.899251 27.940825 -9.761747
v 5.809511 27.967699 -9.784165
v 5.722501 27.994488 -9.815613
v 5.639060 28.020931 -9.855786
v 5.559988 28.046776 -9.904301
v 5.486046 28.071772 -9.960689
v 5.417947 28.095680 -10.024407
v 5.356346 28.118267 -10.094843
v 5.301835 28.139320 -10.171317
v 5.254938 28.158634 -10.253094
v 5.216108 28.176022 -10.339386
v 5.185716 28.191315 -10.429361
v 5.164058 28.204370 -10.522155
v 5.151340 28.215061 -10.616873
v 5.147686 28.223282 -10.712602
v 5.153130 28.228958 -10.808420
v 5.167605 28.232037 -10.903410
v 5.190989 28.232483 -10.996653
v 5.223067 28.230293 -11.087245
v 5.263533 28.225485 -11.174314
v 5.311987 28.218109 -11.257027
v 5.367959 28.208235 -11.334585
v 5.430912 28.195957 -11.406242
v 5.500239 28.181396 -11.471308
v 5.575272 28.164688 -11.529157
v 5.655289 28.145996 -11.579229
v 5.739521 28.125500 -11.621045
v 5.827154 28.103395 -11.654202
v 5.917348 28.079897 -11.678377
v 6.009232 28.055231 -11.693341
v 6.798698 29.840128 -11.564869
v 6.702108 29.864059 -11.569077
v 6.894292 29.815811 -11.550988
v 6.987969 29.791342 -11.527567
v 7.078828 29.766958 -11.494831
v 7.165996 29.742897 -11.453096
v 7.248631 29.719387 -11.402763
v 7.325939 29.696659 -11.344318
v 7.397173 29.674927 -11.278323
v 7.461648 29.654404 -11.205414
v 7.518741 29.635288 -11.126293
v 7.567900 29.617760 -11.041723
v 7.608652 29.601990 -10.952519
v 7.640609 29.588121 -10.859539
v 7.663467 29.576290 -10.763676
v 7.677004 29.566607 -10.665854
v 7.681091 29.559162 -10.567016
v 7.675692 29.554024 -10.468111
v 7.660820 29.551256 -10.370104
v 7.636616 29.550877 -10.273938
v 7.603357 29.552883 -10.180529
v 7.561363 29.557255 -10.090775
v 7.511041 29.563948 -10.005540
v 7.452876 29.572903 -9.925645
v 7.387424 29.584034 -9.851861
v 7.315316 29.597240 -9.784898
v 7.237247 29.612392 -9.725400
v 7.153961 29.629349 -9.673944
v 7.066261 29.647951 -9.631023
v 6.974990 29.668018 -9.597052
v 6.881031 29.689360 -9.572357
v 6.785286 29.711769 -9.557178
v 6.688680 29.735029 -9.551658
v 6.592142 29.758919 -9.555852
v 6.496597 29.783207 -9.569719
v 6.402969 29.807657 -9.593127
v 6.312154 29.832039 -9.625851
v 6.225028 29.856113 -9.667575
v 6.142425 29.879646 -9.717898
v 6.065142 29.902414 -9.776338
v 5.993919 29.924196 -9.842330
v 5.929441 29.944780 -9.915239
v 5.872326 29.963970 -9.994367
v 5.823124 29.981579 -10.078947
v 5.782400 29.997416 -10.168144
v 5.750366 30.011366 -10.261146
v 5.727381 30.023287 -10.357042
v 5.713694 30.033054 -10.454905
v 5.709496 30.040565 -10.553773
v 5.714808 30.045753 -10.652700
v 5.729548 30.048573 -10.750743
v 5.753603 30.048990 -10.846949
v 5.786814 30.046991 -10.940371
v 5.828807 30.042603 -11.030125
v 5.879157 30.035870 -11.115353
v 5.937419 30.026848 -11.195222
v 6.002985 30.015633 -11.268975
v 6.075191 30.002342 -11.335913
v 6.153316 29.987106 -11.395395
v 6.236556 29.970089 -11.446863
v 6.324316 29.951405 -11.489768
v 6.415641 29.931257 -11.523724
v 6.509655 29.909845 -11.548405
v 6.605451 29.887373 -11.563570
v 7.210675 31.081959 -11.436524
v 7.116392 31.102100 -11.440886
v 7.303978 31.061506 -11.422840
v 7.395406 31.040945 -11.399961
v 7.484077 31.020472 -11.368111
v 7.569143 31.000284 -11.327593
v 7.649784 30.980583 -11.278798
v 7.725224 30.961557 -11.222197
v 7.794738 30.943390 -11.158331
v 7.857656 30.926252 -11.087820
v 7.913371 30.910313 -11.011340
v 7.961345 30.895725 -10.929628
v 8.001129 30.882620 -10.843471
v 8.032362 30.871111 -10.753688
v 8.054770 30.861294 -10.661139
v 8.068136 30.853256 -10.566716
v 8.072340 30.847076 -10.471326
v 8.067345 30.842800 -10.375885
v 8.053154 30.840485 -10.281324
v 8.029888 30.840149 -10.188561
v 7.997806 30.841789 -10.098478
v 7.957239 30.845388 -10.011937
v 7.908567 30.850914 -9.929773
v 7.852255 30.858318 -9.852780
v 7.788852 30.867533 -9.781698
v 7.718935 30.878490 -9.717218
v 7.643164 30.891087 -9.659967
v 7.562273 30.905212 -9.610495
v 7.477027 30.920731 -9.569281
v 7.388248 30.937500 -9.536722
v 7.296789 30.955357 -9.513132
v 7.203530 30.974129 -9.498739
v 7.109372 30.993633 -9.493682
v 7.015219 31.013687 -9.498008
v 6.921976 31.034092 -9.511677
v 6.830538 31.054651 -9.534557
v 6.741785 31.075169 -9.566429
v 6.656568 31.095436 -9.606988
v 6.575704 31.115265 -9.655843
v 6.499971 31.134460 -9.712523
v 6.430093 31.152836 -9.776485
v 6.367315 31.170063 -9.846960
v 6.311320 31.186222 -9.923515
v 6.262799 31.201107 -10.005372
v 6.222295 31.214550 -10.091723
v 6.190322 31.226391 -10.181704
v 6.167124 31.236532 -10.274465
v 6.152938 31.244869 -10.369107
v 6.147978 31.251308 -10.464701
v 6.152585 31.255737 -10.560246
v 6.166488 31.258150 -10.654882
v 6.189742 31.258490 -10.747649
v 6.222131 31.256756 -10.837650
v 6.263420 31.252941 -10.923998
v 6.312992 31.247128 -11.005920
v 6.370215 31.239399 -11.082669
v 6.434474 31.229845 -11.153522
v 6.505121 31.218563 -11.217806
v 6.581456 31.205667 -11.274906
v 6.662794 31.191277 -11.324259
v 6.748205 31.175564 -11.365429
v 6.836707 31.158735 -11.398062
v 6.928504 31.140678 -11.421560
v 7.022032 31.121738 -11.435881
v 7.623039 32.719349 -11.359926
v 7.533306 32.731426 -11.362716
v 7.720443 32.705173 -11.345327
v 7.822086 32.689911 -11.319729
v 7.919466 32.675014 -11.285391
v 8.002321 32.662525 -11.245144
v 8.080048 32.650509 -11.196643
v 8.152498 32.638981 -11.140194
v 8.219254 32.627995 -11.076268
v 8.280230 32.617477 -11.005329
v 8.336384 32.607056 -10.927647
v 8.387966 32.596371 -10.843758
v 8.424458 32.588303 -10.757155
v 8.453928 32.581158 -10.666417
v 8.476011 32.574928 -10.572438
v 8.488945 32.570000 -10.476540
v 8.492111 32.566574 -10.379777
v 8.486162 32.564522 -10.282899
v 8.471212 32.563911 -10.186824
v 8.447920 32.565174 -10.092339
v 8.415117 32.567307 -10.000726
v 8.374197 32.570045 -9.912580
v 8.325426 32.574139 -9.828785
v 8.268988 32.579720 -9.750222
v 8.206127 32.586445 -9.677463
v 8.137445 32.594200 -9.611206
v 8.062611 32.603119 -9.552358
v 7.983877 32.612671 -9.501074
v 7.901137 32.623070 -9.458078
v 7.814960 32.634224 -9.423849
v 7.723110 32.646618 -9.399536
v 7.616676 32.662140 -9.387997
v 7.516441 32.676712 -9.384050
v 7.420547 32.690777 -9.388490
v 7.327226 32.704247 -9.401995
v 7.235969 32.717464 -9.424810
v 7.144172 32.731033 -9.457653
v 7.041997 32.747158 -9.503077
v 6.944084 32.762878 -9.556986
v 6.862232 32.776299 -9.615953
v 6.784544 32.789375 -9.682810
v 6.716779 32.800617 -9.755568
v 6.655050 32.810867 -9.834743
v 6.598573 32.820629 -9.919944
v 6.547102 32.830055 -10.010560
v 6.502314 32.838863 -10.105403
v 6.467065 32.846573 -10.202909
v 6.443096 32.852848 -10.301765
v 6.432146 32.857178 -10.400614
v 6.435465 32.859257 -10.498196
v 6.447023 32.860214 -10.595181
v 6.467069 32.860050 -10.690535
v 6.498481 32.858246 -10.782520
v 6.543657 32.854309 -10.869525
v 6.603567 32.848019 -10.950336
v 6.672941 32.840473 -11.025433
v 6.748796 32.832199 -11.094711
v 6.828515 32.823624 -11.158010
v 6.911636 32.814339 -11.214638
v 6.998888 32.804070 -11.263639
v 7.094368 32.791904 -11.303221
v 7.195348 32.778328 -11.333484
v 7.306950 32.763092 -11.352505
v 7.426089 32.746216 -11.360640
v 7.574949 34.218422 -11.384905
v 7.477804 34.221481 -11.389680
v 7.671158 34.215393 -11.370626
v 7.765505 34.212418 -11.346982
v 7.857082 34.209534 -11.314199
v 7.945005 34.206764 -11.272593
v 8.028429 34.204136 -11.222567
v 8.106552 34.201675 -11.164598
v 8.178617 34.199406 -11.099249
v 8.243935 34.197350 -11.027147
v 8.301874 34.195522 -10.948986
v 8.351877 34.193947 -10.865520
v 8.393461 34.192635 -10.777554
v 8.426228 34.191605 -10.685931
v 8.449862 34.190861 -10.591537
v 8.464132 34.190411 -10.495280
v 8.468904 34.190262 -10.398088
v 8.464132 34.190411 -10.300895
v 8.449862 34.190861 -10.204638
v 8.426228 34.191605 -10.110244
v 8.393461 34.192635 -10.018621
v 8.351877 34.193947 -9.930655
v 8.301874 34.195522 -9.847189
v 8.243935 34.197350 -9.769028
v 8.178617 34.199406 -9.696926
v 8.106552 34.201675 -9.631577
v 8.028429 34.204136 -9.573608
v 7.945005 34.206764 -9.523582
v 7.857082 34.209534 -9.481976
v 7.765505 34.212418 -9.449193
v 7.671158 34.215393 -9.425549
v 7.574949 34.218422 -9.411270
v 7.477804 34.221481 -9.406495
v 7.380659 34.224541 -9.411270
v 7.284450 34.227577 -9.425549
v 7.190103 34.230545 -9.449193
v 7.098526 34.233429 -9.481976
v 7.010602 34.236202 -9.523582
v 6.927178 34.238831 -9.573608
v 6.849057 34.241291 -9.631577
v 6.776990 34.243561 -9.696926
v 6.711673 34.245621 -9.769028
v 6.653734 34.247444 -9.847189
v 6.603732 34.249020 -9.930655
v 6.562147 34.250328 -10.018621
v 6.529380 34.251362 -10.110244
v 6.505747 34.252106 -10.204638
v 6.491476 34.252556 -10.300895
v 6.486703 34.252708 -10.398088
v 6.491476 34.252556 -10.495280
v 6.505747 34.252106 -10.591537
v 6.529380 34.251362 -10.685931
v 6.562147 34.250328 -10.777554
v 6.603732 34.249020 -10.865520
v 6.653734 34.247444 -10.948986
v 6.711673 34.245621 -11.027147
v 6.776990 34.243561 -11.099249
v 6.849057 34.241291 -11.164598
v 6.927178 34.238831 -11.222567
v 7.010602 34.236202 -11.272593
v 7.098526 34.233429 -11.314199
v 7.190103 34.230545 -11.346982
v 7.284450 34.227577 -11.370626
v 7.380659 34.224541 -11.384905
v 7.699863 35.088776 -11.625718
v 7.579001 35.092216 -11.631659
v 7.819561 35.085373 -11.607956
v 7.936943 35.082031 -11.578541
v 8.050877 35.078793 -11.537758
v 8.160267 35.075680 -11.486000
v 8.264059 35.072727 -11.423764
v 8.361254 35.069962 -11.351650
v 8.450914 35.067410 -11.270353
v 8.532179 35.065102 -11.180656
v 8.604263 35.063049 -11.083423
v 8.666473 35.061279 -10.979589
v 8.718210 35.059807 -10.870154
v 8.758978 35.058647 -10.756174
v 8.788380 35.057808 -10.638745
v 8.806135 35.057304 -10.518999
v 8.812073 35.057137 -10.398088
v 8.806135 35.057304 -10.277176
v 8.788380 35.057808 -10.157430
v 8.758978 35.058647 -10.040001
v 8.718210 35.059807 -9.926020
v 8.666473 35.061279 -9.816586
v 8.604263 35.063046 -9.712752
v 8.532179 35.065098 -9.615519
v 8.450914 35.067410 -9.525821
v 8.361254 35.069962 -9.444524
v 8.264059 35.072723 -9.372411
v 8.160267 35.075676 -9.310175
v 8.050877 35.078789 -9.258416
v 7.936943 35.082031 -9.217633
v 7.819561 35.085373 -9.188219
v 7.699863 35.088776 -9.170456
v 7.579000 35.092216 -9.164516
v 7.458139 35.095654 -9.170456
v 7.338440 35.099060 -9.188219
v 7.221059 35.102402 -9.217633
v 7.107124 35.105640 -9.258416
v 6.997735 35.108753 -9.310175
v 6.893942 35.111706 -9.372411
v 6.796748 35.114471 -9.444524
v 6.707087 35.117020 -9.525821
v 6.625823 35.119331 -9.615519
v 6.553739 35.121384 -9.712752
v 6.491528 35.123154 -9.816586
v 6.439790 35.124626 -9.926020
v 6.399024 35.125786 -10.040001
v 6.369622 35.126625 -10.157430
v 6.351866 35.127129 -10.277176
v 6.345929 35.127296 -10.398088
v 6.351866 35.127129 -10.518999
v 6.369622 35.126625 -10.638745
v 6.399024 35.125786 -10.756174
v 6.439790 35.124626 -10.870154
v 6.491528 35.123154 -10.979589
v 6.553739 35.121384 -11.083423
v 6.625823 35.119335 -11.180656
v 6.707087 35.117023 -11.270353
v 6.796748 35.114471 -11.351650
v 6.893942 35.111710 -11.423764
v 6.997735 35.108757 -11.486000
v 7.107124 35.105644 -11.537758
v 7.221059 35.102402 -11.578541
v 7.338440 35.099060 -11.607956
v 7.458139 35.095657 -11.625718
v 7.928725 34.703804 -14.059608
v 7.568242 34.714058 -14.077326
v 8.285736 34.693645 -14.006630
v 8.635838 34.683685 -13.918900
v 8.975657 34.674019 -13.797260
v 9.301922 34.664734 -13.642886
v 9.611490 34.655930 -13.457262
v 9.901382 34.647682 -13.242177
v 10.168804 34.640072 -12.999702
v 10.411180 34.633175 -12.732172
v 10.626179 34.627060 -12.442163
v 10.811728 34.621780 -12.132469
v 10.966040 34.617390 -11.806071
v 11.087629 34.613930 -11.466114
v 11.175323 34.611435 -11.115871
v 11.228281 34.609928 -10.758717
v 11.245993 34.609425 -10.398088
v 11.228281 34.609928 -10.037459
v 11.175323 34.611435 -9.680305
v 11.087629 34.613930 -9.330062
v 10.966040 34.617390 -8.990105
v 10.811728 34.621780 -8.663708
v 10.626179 34.627060 -8.354013
v 10.411180 34.633175 -8.064004
v 10.168804 34.640072 -7.796474
v 9.901382 34.647682 -7.553999
v 9.611490 34.655930 -7.338914
v 9.301922 34.664734 -7.153290
v 8.975657 34.674019 -6.998916
v 8.635838 34.683685 -6.877277
v 8.285736 34.693645 -6.789546
v 7.928725 34.703804 -6.736567
v 7.568242 34.714058 -6.718850
v 7.207759 34.724312 -6.736567
v 6.850749 34.734474 -6.789546
v 6.500648 34.744431 -6.877277
v 6.160828 34.754101 -6.998916
v 5.834563 34.763382 -7.153290
v 5.524993 34.772190 -7.338914
v 5.235102 34.780437 -7.553999
v 4.967680 34.788048 -7.796474
v 4.725303 34.794941 -8.064004
v 4.510305 34.801056 -8.354013
v 4.324756 34.806335 -8.663708
v 4.170444 34.810730 -8.990105
v 4.048854 34.814186 -9.330062
v 3.961159 34.816681 -9.680305
v 3.908202 34.818188 -10.037459
v 3.890493 34.818695 -10.398088
v 3.908202 34.818188 -10.758717
v 3.961159 34.816681 -11.115871
v 4.048854 34.814186 -11.466114
v 4.170444 34.810730 -11.806071
v 4.324756 34.806335 -12.132469
v 4.510305 34.801056 -12.442163
v 4.725303 34.794941 -12.732172
v 4.967680 34.788048 -12.999702
v 5.235102 34.780437 -13.242177
v 5.524993 34.772190 -13.457262
v 5.834563 34.763382 -13.642886
v 6.160828 34.754101 -13.797260
v 6.500648 34.744431 -13.918900
v 6.850749 34.734474 -14.006630
v 7.207759 34.724312 -14.059608
v 8.257111 35.359497 -17.203091
v 7.587147 35.378559 -17.236017
v 8.920622 35.340622 -17.104626
v 9.571291 35.322109 -16.941578
v 10.202852 35.304138 -16.715509
v 10.809221 35.286888 -16.428602
v 11.384562 35.270523 -16.083618
v 11.923328 35.255192 -15.683878
v 12.420340 35.241051 -15.233233
v 12.870798 35.228233 -14.736024
v 13.270376 35.216866 -14.197038
v 13.615221 35.207054 -13.621466
v 13.902014 35.198898 -13.014851
v 14.127993 35.192467 -12.383034
v 14.290974 35.187832 -11.732101
v 14.389399 35.185032 -11.068322
v 14.422312 35.184097 -10.398088
v 14.389399 35.185032 -9.727854
v 14.290974 35.187832 -9.064074
v 14.127993 35.192467 -8.413142
v 13.902014 35.198898 -7.781325
v 13.615221 35.207054 -7.174710
v 13.270376 35.216866 -6.599138
v 12.870798 35.228233 -6.060152
v 12.420340 35.241051 -5.562943
v 11.923328 35.255192 -5.112298
v 11.384562 35.270523 -4.712558
v 10.809221 35.286888 -4.367573
v 10.202852 35.304138 -4.080666
v 9.571291 35.322109 -3.854597
v 8.920622 35.340622 -3.691549
v 8.257111 35.359497 -3.593087
v 7.587147 35.378559 -3.560159
v 6.917184 35.397621 -3.593087
v 6.253673 35.416496 -3.691549
v 5.603005 35.435009 -3.854597
v 4.971443 35.452976 -4.080666
v 4.365074 35.470230 -4.367573
v 3.789733 35.486595 -4.712558
v 3.250966 35.501923 -5.112298
v 2.753957 35.516068 -5.562943
v 2.303495 35.528881 -6.060152
v 1.903916 35.540249 -6.599138
v 1.559071 35.550060 -7.174710
v 1.272280 35.558220 -7.781325
v 1.046304 35.564651 -8.413142
v 0.883320 35.569286 -9.064074
v 0.784897 35.572086 -9.727854
v 0.751984 35.573021 -10.398088
v 0.784897 35.572086 -11.068322
v 0.883320 35.569286 -11.732101
v 1.046304 35.564651 -12.383034
v 1.272280 35.558220 -13.014851
v 1.559071 35.550060 -13.621466
v 1.903916 35.540249 -14.197038
v 2.303495 35.528881 -14.736024
v 2.753957 35.516068 -15.233233
v 3.250966 35.501923 -15.683878
v 3.789733 35.486595 -16.083618
v 4.365074 35.470230 -16.428602
v 4.971443 35.452976 -16.715509
v 5.603005 35.435009 -16.941578
v 6.253673 35.416496 -17.104626
v 6.917184 35.397621 -17.203091
v 8.108292 36.727905 -15.297592
v 7.625927 36.741631 -15.321299
v 8.586010 36.714317 -15.226700
v 9.054482 36.700989 -15.109306
v 9.509197 36.688049 -14.946541
v 9.945774 36.675629 -14.739971
v 10.360010 36.663845 -14.491588
v 10.747915 36.652809 -14.203780
v 11.105755 36.642628 -13.879323
v 11.430080 36.633400 -13.521339
v 11.717772 36.625214 -13.133277
v 11.966055 36.618153 -12.718873
v 12.172541 36.612278 -12.282119
v 12.335241 36.607651 -11.827220
v 12.452585 36.604309 -11.358559
v 12.523451 36.602295 -10.880647
v 12.547148 36.601620 -10.398088
v 12.523451 36.602295 -9.915529
v 12.452585 36.604309 -9.437617
v 12.335241 36.607651 -8.968956
v 12.172541 36.612278 -8.514056
v 11.966055 36.618153 -8.077303
v 11.717772 36.625214 -7.662899
v 11.430080 36.633400 -7.274836
v 11.105755 36.642628 -6.916852
v 10.747915 36.652809 -6.592395
v 10.360010 36.663845 -6.304588
v 9.945774 36.675629 -6.056204
v 9.509197 36.688049 -5.849636
v 9.054482 36.700989 -5.686869
v 8.586010 36.714317 -5.569477
v 8.108292 36.727905 -5.498586
v 7.625927 36.741631 -5.474878
v 7.143564 36.755356 -5.498586
v 6.665845 36.768944 -5.569477
v 6.197374 36.782272 -5.686869
v 5.742658 36.795212 -5.849636
v 5.306080 36.807632 -6.056204
v 4.891844 36.819416 -6.304588
v 4.503939 36.830452 -6.592395
v 4.146101 36.840633 -6.916852
v 3.821774 36.849861 -7.274836
v 3.534083 36.858047 -7.662899
v 3.285799 36.865112 -8.077303
v 3.079313 36.870987 -8.514056
v 2.916614 36.875610 -8.968956
v 2.799268 36.878952 -9.437617
v 2.728405 36.880966 -9.915529
v 2.704708 36.881641 -10.398088
v 2.728405 36.880966 -10.880647
v 2.799268 36.878952 -11.358559
v 2.916614 36.875610 -11.827220
v 3.079313 36.870987 -12.282119
v 3.285799 36.865112 -12.718873
v 3.534083 36.858047 -13.133277
v 3.821774 36.849861 -13.521339
v 4.146101 36.840633 -13.879323
v 4.503939 36.830452 -14.203780
v 4.891844 36.819416 -14.491588
v 5.306080 36.807632 -14.739971
v 5.742658 36.795212 -14.946541
v 6.197374 36.782272 -15.109306
v 6.665845 36.768944 -15.226700
v 7.143564 36.755356 -15.297592
v 7.840642 37.464325 -12.368567
v 7.646645 37.469841 -12.378101
v 8.032770 37.458855 -12.340055
v 8.221180 37.453499 -12.292842
v 8.404057 37.448296 -12.227381
v 8.579639 37.443298 -12.144302
v 8.746237 37.438560 -12.044408
v 8.902245 37.434120 -11.928658
v 9.046160 37.430023 -11.798168
v 9.176598 37.426315 -11.654194
v 9.292299 37.423023 -11.498124
v 9.392155 37.420181 -11.331459
v 9.475199 37.417816 -11.155806
v 9.540634 37.415955 -10.972855
v 9.587826 37.414612 -10.784369
v 9.616325 37.413803 -10.592163
v 9.625858 37.413532 -10.398088
v 9.616325 37.413803 -10.204013
v 9.587826 37.414612 -10.011806
v 9.540634 37.415955 -9.823320
v 9.475199 37.417816 -9.640369
v 9.392155 37.420181 -9.464716
v 9.292299 37.423023 -9.298052
v 9.176598 37.426315 -9.141981
v 9.046160 37.430023 -8.998007
v 8.902245 37.434120 -8.867517
v 8.746237 37.438560 -8.751767
v 8.579639 37.443298 -8.651873
v 8.404057 37.448296 -8.568794
v 8.221180 37.453499 -8.503334
v 8.032770 37.458855 -8.456121
v 7.840642 37.464325 -8.427610
v 7.646645 37.469841 -8.418076
v 7.452649 37.475361 -8.427610
v 7.260520 37.480827 -8.456121
v 7.072111 37.486191 -8.503334
v 6.889234 37.491390 -8.568794
v 6.713651 37.496384 -8.651873
v 6.547054 37.501125 -8.751767
v 6.391047 37.505562 -8.867517
v 6.247132 37.509659 -8.998007
v 6.116694 37.513371 -9.141981
v 6.000991 37.516663 -9.298052
v 5.901136 37.519501 -9.464716
v 5.818092 37.521866 -9.640369
v 5.752657 37.523727 -9.823320
v 5.705464 37.525070 -10.011806
v 5.676964 37.525879 -10.204013
v 5.667434 37.526154 -10.398088
v 5.676964 37.525879 -10.592163
v 5.705464 37.525070 -10.784369
v 5.752657 37.523727 -10.972855
v 5.818092 37.521866 -11.155806
v 5.901136 37.519501 -11.331459
v 6.000991 37.516663 -11.498124
v 6.116694 37.513371 -11.654194
v 6.247132 37.509659 -11.798168
v 6.391047 37.505562 -11.928658
v 6.547054 37.501125 -12.044408
v 6.713651 37.496384 -12.144302
v 6.889234 37.491390 -12.227381
v 7.072111 37.486191 -12.292842
v 7.260520 37.480827 -12.340055
v 7.452649 37.475361 -12.368567
v 7.664413 37.880463 -10.459887
v 7.658329 37.880638 -10.460186
v 7.670439 37.880295 -10.458993
v 7.676348 37.880127 -10.457512
v 7.682084 37.879963 -10.455459
v 7.687590 37.879807 -10.452853
v 7.692815 37.879658 -10.449720
v 7.697708 37.879517 -10.446091
v 7.702221 37.879387 -10.441998
v 7.706313 37.879272 -10.437483
v 7.709941 37.879169 -10.432588
v 7.713073 37.879082 -10.427361
v 7.715677 37.879005 -10.421852
v 7.717729 37.878948 -10.416114
v 7.719209 37.878906 -10.410202
v 7.720104 37.878883 -10.404175
v 7.720402 37.878872 -10.398088
v 7.720104 37.878883 -10.392001
v 7.719209 37.878906 -10.385973
v 7.717729 37.878948 -10.380061
v 7.715677 37.879005 -10.374324
v 7.713073 37.879082 -10.368814
v 7.709941 37.879169 -10.363587
v 7.706313 37.879272 -10.358693
v 7.702221 37.879387 -10.354177
v 7.697708 37.879517 -10.350085
v 7.692815 37.879658 -10.346455
v 7.687590 37.879807 -10.343322
v 7.682084 37.879963 -10.340716
v 7.676348 37.880127 -10.338663
v 7.670439 37.880295 -10.337183
v 7.664413 37.880463 -10.336288
v 7.658329 37.880638 -10.335989
v 7.652245 37.880814 -10.336288
v 7.646219 37.880981 -10.337183
v 7.640310 37.881149 -10.338663
v 7.634574 37.881313 -10.340716
v 7.629068 37.881470 -10.343322
v 7.623844 37.881622 -10.346455
v 7.618950 37.881760 -10.350085
v 7.614437 37.881889 -10.354177
v 7.610346 37.882004 -10.358693
v 7.606718 37.882107 -10.363587
v 7.603586 37.882195 -10.368814
v 7.600981 37.882271 -10.374324
v 7.598929 37.882328 -10.380061
v 7.597449 37.882370 -10.385973
v 7.596555 37.882397 -10.392001
v 7.596256 37.882404 -10.398088
v 7.596555 37.882397 -10.404175
v 7.597449 37.882370 -10.410202
v 7.598929 37.882328 -10.416114
v 7.600981 37.882271 -10.421852
v 7.603586 37.882195 -10.427361
v 7.606718 37.882107 -10.432588
v 7.610346 37.882004 -10.437483
v 7.614437 37.881889 -10.441998
v 7.618950 37.881760 -10.446091
v 7.623844 37.881622 -10.449720
v 7.629068 37.881470 -10.452853
v 7.634574 37.881313 -10.455459
v 7.640310 37.881149 -10.457512
v 7.646219 37.880981 -10.458993
v 7.652245 37.880814 -10.459887
v 5.059185 34.867191 -6.638021
v 4.621869 34.922707 -5.981431
v 4.187668 35.087784 -5.324842
v 3.706921 35.101460 -5.681533
v 4.203340 34.934608 -6.291959
v 4.702876 34.877327 -6.902384
v 11.746840 34.676926 -12.128657
v 12.477331 34.699211 -12.430852
v 13.210939 34.831062 -12.733047
v 13.412580 34.825329 -12.169271
v 12.652876 34.694218 -11.940042
v 11.896288 34.672672 -11.710812
v 3.263436 35.114075 -6.083647
v 3.817252 34.945595 -6.642030
v 4.374185 34.886681 -7.200413
v 13.558012 34.821190 -11.588440
v 12.779486 34.690613 -11.434381
v 12.004074 34.669609 -11.280325
v 2.861485 35.125511 -6.527311
v 3.467322 34.955551 -7.028274
v 4.076275 34.895157 -7.529237
v 13.645834 34.818695 -10.996143
v 12.855940 34.688438 -10.918742
v 12.069166 34.667755 -10.841341
v 2.504938 35.135658 -7.008254
v 3.156919 34.964382 -7.446972
v 3.812019 34.902672 -7.885691
v 13.675207 34.817856 -10.398088
v 12.881510 34.687714 -10.398088
v 12.090933 34.667137 -10.398088
v 2.197229 35.144409 -7.521842
v 2.889035 34.972004 -7.894091
v 3.583959 34.909164 -8.266340
v 13.645834 34.818695 -9.800033
v 12.855940 34.688438 -9.877434
v 12.069166 34.667755 -9.954836
v 1.941323 35.151691 -8.063129
v 2.666249 34.978340 -8.365324
v 3.394291 34.914558 -8.667519
v 13.558012 34.821190 -9.207737
v 12.779486 34.690613 -9.361794
v 12.004074 34.669609 -9.515852
v 1.739683 35.157429 -8.626904
v 2.490705 34.983337 -8.856134
v 3.244845 34.918808 -9.085364
v 13.412580 34.825329 -8.626904
v 12.652876 34.694218 -8.856134
v 11.896288 34.672672 -9.085364
v 1.594251 35.161568 -9.207737
v 2.364095 34.986938 -9.361794
v 3.137057 34.921875 -9.515852
v 13.210939 34.831066 -8.063129
v 12.477331 34.699211 -8.365324
v 11.746840 34.676926 -8.667519
v 1.506428 35.164062 -9.800033
v 2.287639 34.989113 -9.877434
v 3.071966 34.923729 -9.954836
v 12.955034 34.838348 -7.521842
v 12.254545 34.705551 -7.894091
v 11.557173 34.682320 -8.266340
v 1.477059 35.164902 -10.398088
v 2.262071 34.989841 -10.398088
v 3.050200 34.924347 -10.398088
v 12.647326 34.847099 -7.008254
v 11.986660 34.713173 -7.446972
v 11.329113 34.688808 -7.885691
v 1.506428 35.164062 -10.996143
v 2.287639 34.989113 -10.918742
v 3.071966 34.923729 -10.841341
v 12.290779 34.857246 -6.527311
v 11.676260 34.722000 -7.028274
v 11.064856 34.696327 -7.529237
v 1.594251 35.161568 -11.588440
v 2.364095 34.986938 -11.434381
v 3.137057 34.921875 -11.280325
v 11.888828 34.868683 -6.083647
v 11.326328 34.731956 -6.642030
v 10.766947 34.704803 -7.200413
v 1.739683 35.157429 -12.169271
v 2.490705 34.983337 -11.940042
v 3.244845 34.918808 -11.710812
v 11.445343 34.881298 -5.681533
v 10.940241 34.742943 -6.291959
v 10.438255 34.714157 -6.902384
v 1.941323 35.151691 -12.733047
v 2.666249 34.978340 -12.430852
v 3.394291 34.914558 -12.128657
v 10.964596 34.894974 -5.324842
v 10.521713 34.754852 -5.981431
v 10.081947 34.724293 -6.638021
v 2.197229 35.144409 -13.274334
v 2.889035 34.972004 -12.902085
v 3.583959 34.909164 -12.529837
v 10.451216 34.909580 -5.017009
v 10.074776 34.767567 -5.713439
v 9.701452 34.735115 -6.409868
v 7.570566 34.795742 -14.920284
v 7.571790 34.838776 -15.709956
v 7.576131 34.991379 -16.499630
v 8.173946 34.974373 -16.470247
v 8.092234 34.823971 -15.684378
v 8.013639 34.783134 -14.898508
v 2.504938 35.135658 -13.787922
v 3.156919 34.964382 -13.349203
v 3.812019 34.902672 -12.910484
v 9.910147 34.924973 -4.761000
v 9.603733 34.780968 -5.490562
v 9.300436 34.746529 -6.220125
v 8.766003 34.957527 -16.382389
v 8.607666 34.809303 -15.607889
v 8.452446 34.770653 -14.833391
v 2.861485 35.125511 -14.268864
v 3.467322 34.955551 -13.767900
v 4.076275 34.895157 -13.266938
v 9.346600 34.941010 -4.559277
v 9.113121 34.794926 -5.314947
v 8.882759 34.758408 -6.070617
v 9.346600 34.941010 -16.236898
v 9.113121 34.794926 -15.481228
v 8.882759 34.758408 -14.725559
v 3.263436 35.114075 -14.712528
v 3.817252 34.945595 -14.154146
v 4.374185 34.886681 -13.595763
v 8.766003 34.957527 -4.413787
v 8.607666 34.809303 -5.188286
v 8.452446 34.770653 -5.962786
v 9.910147 34.924973 -16.035175
v 9.603733 34.780968 -15.305614
v 9.300436 34.746529 -14.576051
v 3.706921 35.101460 -15.114642
v 4.203340 34.934608 -14.504217
v 4.702876 34.877327 -13.893791
v 8.173946 34.974373 -4.325930
v 8.092234 34.823971 -5.111800
v 8.013639 34.783134 -5.897669
v 10.451216 34.909580 -15.779165
v 10.074776 34.767567 -15.082737
v 9.701452 34.735115 -14.386308
v 4.187668 35.087784 -15.471333
v 4.621868 34.922707 -14.814745
v 5.059185 34.867191 -14.158155
v 7.576131 34.991379 -4.296546
v 7.571790 34.838776 -5.086219
v 7.570566 34.795742 -5.875893
v 10.964596 34.894974 -15.471333
v 10.521713 34.754852 -14.814745
v 10.081947 34.724293 -14.158155
v 4.701049 35.073174 -15.779165
v 5.068805 34.909988 -15.082737
v 5.439680 34.856369 -14.386308
v 6.978319 35.008385 -4.325930
v 7.051347 34.853584 -5.111800
v 7.127492 34.808350 -5.897669
v 11.445343 34.881298 -15.114642
v 10.940241 34.742943 -14.504217
v 10.438255 34.714157 -13.893791
v 5.242117 35.057785 -16.035175
v 5.539849 34.896587 -15.305614
v 5.840697 34.844955 -14.576051
v 6.386261 35.025230 -4.413787
v 6.535915 34.868248 -5.188286
v 6.688686 34.820831 -5.962786
v 11.888828 34.868683 -14.712528
v 11.326328 34.731956 -14.154146
v 10.766947 34.704803 -13.595763
v 5.805665 35.041748 -16.236898
v 6.030461 34.882629 -15.481228
v 6.258373 34.833076 -14.725559
v 5.805665 35.041748 -4.559277
v 6.030461 34.882629 -5.314947
v 6.258373 34.833076 -6.070617
v 12.290779 34.857246 -14.268864
v 11.676260 34.722000 -13.767900
v 11.064856 34.696327 -13.266938
v 6.386261 35.025230 -16.382389
v 6.535915 34.868248 -15.607889
v 6.688686 34.820831 -14.833391
v 5.242117 35.057785 -4.761000
v 5.539849 34.896587 -5.490562
v 5.840697 34.844955 -6.220125
v 12.647326 34.847099 -13.787922
v 11.986660 34.713173 -13.349203
v 11.329113 34.688808 -12.910484
v 6.978319 35.008385 -16.470247
v 7.051347 34.853584 -15.684378
v 7.127492 34.808350 -14.898508
v 4.701049 35.073174 -5.017009
v 5.068805 34.909988 -5.713439
v 5.439680 34.856369 -6.409868
v 12.955034 34.838348 -13.274334
v 12.254545 34.705551 -12.902085
v 11.557173 34.682320 -12.529837
v 6.977677 34.869015 -12.358661
v 6.738049 34.767586 -13.138781
v 7.010577 34.759834 -13.207071
v 7.172632 34.863472 -12.407514
v 6.977677 34.869015 -8.437515
v 6.738049 34.767586 -7.657396
v 6.473524 34.775112 -7.752083
v 6.788447 34.874397 -8.505249
v 9.155268 34.807060 -11.697828
v 9.782110 34.680981 -12.215000
v 9.949471 34.676220 -11.989249
v 9.274990 34.803658 -11.536336
v 7.288483 34.751926 -13.248312
v 7.371434 34.857811 -12.437016
v 6.219551 34.782337 -7.872252
v 6.606765 34.879570 -8.591213
v 10.093906 34.672112 -11.748176
v 9.378313 34.800716 -11.363882
v 7.569092 34.743942 -13.262104
v 7.572170 34.852104 -12.446881
v 5.978574 34.789192 -8.016747
v 6.434381 34.884472 -8.694578
v 10.214027 34.668694 -11.494099
v 9.464241 34.798271 -11.182127
v 5.752915 34.795612 -8.184174
v 6.272954 34.889065 -8.814349
v 10.308676 34.666000 -11.229467
v 9.531950 34.796345 -10.992821
v 5.544747 34.801537 -8.372923
v 6.124040 34.893303 -8.949372
v 10.376940 34.664055 -10.956829
v 9.580784 34.794952 -10.797788
v 5.356074 34.806904 -8.581176
v 5.989071 34.897141 -9.098347
v 10.418163 34.662884 -10.678810
v 9.610271 34.794117 -10.598905
v 5.188714 34.811665 -8.806927
v 5.869349 34.900547 -9.259839
v 10.431950 34.662491 -10.398088
v 9.620134 34.793839 -10.398088
v 5.044278 34.815773 -9.048000
v 5.766026 34.903488 -9.432293
v 10.418163 34.662884 -10.117365
v 9.610271 34.794117 -10.197271
v 4.924157 34.819191 -9.302076
v 5.680097 34.905930 -9.614048
v 10.376940 34.664055 -9.839346
v 9.580784 34.794952 -9.998388
v 4.829509 34.821884 -9.566709
v 5.612389 34.907860 -9.803354
v 10.308676 34.666000 -9.566709
v 9.531950 34.796345 -9.803354
v 4.761244 34.823830 -9.839346
v 5.563556 34.909248 -9.998388
v 10.214027 34.668694 -9.302076
v 9.464241 34.798271 -9.614048
v 4.720020 34.824997 -10.117365
v 5.534067 34.910088 -10.197271
v 10.093906 34.672112 -9.048000
v 9.378313 34.800716 -9.432293
v 4.706235 34.825394 -10.398088
v 5.524206 34.910366 -10.398088
v 9.949471 34.676220 -8.806927
v 9.274990 34.803658 -9.259839
v 4.720020 34.824997 -10.678810
v 5.534067 34.910088 -10.598905
v 9.782110 34.680981 -8.581176
v 9.155268 34.807060 -9.098347
v 4.761244 34.823830 -10.956829
v 5.563556 34.909248 -10.797788
v 9.593437 34.686348 -8.372923
v 9.020300 34.810902 -8.949372
v 4.829509 34.821884 -11.229467
v 5.612389 34.907860 -10.992821
v 9.385269 34.692268 -8.184174
v 8.871384 34.815140 -8.814349
v 4.924157 34.819191 -11.494099
v 5.680097 34.905933 -11.182127
v 9.159611 34.698692 -8.016747
v 8.709957 34.819733 -8.694578
v 5.044278 34.815773 -11.748176
v 5.766026 34.903488 -11.363882
v 8.918634 34.705547 -7.872252
v 8.537573 34.824635 -8.591213
v 7.849701 34.735958 -13.248312
v 7.772905 34.846390 -12.437016
v 5.188714 34.811665 -11.989249
v 5.869349 34.900551 -11.536336
v 8.664660 34.712772 -7.752083
v 8.355892 34.829803 -8.505249
v 8.127607 34.728050 -13.207071
v 7.971708 34.840736 -12.407514
v 5.356074 34.806904 -12.215000
v 5.989071 34.897141 -11.697828
v 8.400135 34.720299 -7.657396
v 8.166662 34.835190 -8.437515
v 8.400135 34.720299 -13.138780
v 8.166662 34.835190 -12.358661
v 5.544747 34.801537 -12.423252
v 6.124040 34.893303 -11.846804
v 8.127607 34.728050 -7.589104
v 7.971708 34.840736 -8.388661
v 8.664660 34.712772 -13.044093
v 8.355892 34.829803 -12.290926
v 5.752915 34.795612 -12.612001
v 6.272954 34.889065 -11.981826
v 7.849701 34.735958 -7.547864
v 7.772905 34.846390 -8.359160
v 8.918634 34.705547 -12.923923
v 8.537573 34.824638 -12.204962
v 5.978574 34.789192 -12.779429
v 6.434381 34.884476 -12.101597
v 7.569092 34.743942 -7.534072
v 7.572170 34.852100 -8.349295
v 9.159611 34.698692 -12.779429
v 8.709957 34.819733 -12.101597
v 6.219551 34.782337 -12.923923
v 6.606765 34.879570 -12.204962
v 7.288483 34.751926 -7.547864
v 7.371434 34.857811 -8.359160
v 9.385269 34.692268 -12.612001
v 8.871384 34.815140 -11.981826
v 6.473524 34.775112 -13.044093
v 6.788447 34.874397 -12.290926
v 7.010577 34.759834 -7.589104
v 7.172632 34.863468 -8.388661
v 9.593437 34.686348 -12.423252
v 9.020300 34.810902 -11.846804
v 8.173578 31.468670 -10.444437
v 8.415625 32.007713 -10.414843
v 8.414299 32.008728 -10.318437
v 8.170563 31.467701 -10.361841
v 6.462495 31.778252 -9.967179
v 6.498635 32.233253 -9.941712
v 6.453104 32.242863 -10.030292
v 6.416543 31.789619 -10.053318
v 8.402534 32.010563 -10.222490
v 8.159540 31.468426 -10.279917
v 6.415237 32.251656 -10.122801
v 6.377703 31.799397 -10.143379
v 8.369581 32.007385 -10.130857
v 8.141367 31.470516 -10.199203
v 6.386467 32.259354 -10.218063
v 6.346068 31.807493 -10.236669
v 8.336304 32.009369 -10.040201
v 8.116116 31.473928 -10.120214
v 6.370012 32.265282 -10.314374
v 6.321614 31.813959 -10.332551
v 8.302359 32.016930 -9.948591
v 8.083916 31.478603 -10.043455
v 6.364808 32.269573 -10.411133
v 6.305990 31.820711 -10.430506
v 8.257385 32.024738 -9.859953
v 8.044897 31.484478 -9.969442
v 6.368740 32.272541 -10.507987
v 6.304659 31.828262 -10.530117
v 8.198458 32.030773 -9.778134
v 7.999275 31.491552 -9.898744
v 6.381476 32.274216 -10.604083
v 6.319533 31.830467 -10.628895
v 8.131624 32.037231 -9.704208
v 7.947473 31.499882 -9.831966
v 6.404045 32.274437 -10.698189
v 6.345310 31.830471 -10.725246
v 8.056713 32.044853 -9.637727
v 7.888907 31.509754 -9.770712
v 6.436616 32.273136 -10.789291
v 6.384557 31.828056 -10.816906
v 7.981395 32.054520 -9.579517
v 7.824148 31.521099 -9.715733
v 6.479295 32.270245 -10.876403
v 6.434240 31.824314 -10.903476
v 7.901114 32.065380 -9.529133
v 7.753904 31.533813 -9.667651
v 7.323248 31.653542 -11.338097
v 7.394887 32.161598 -11.385206
v 7.505126 32.161053 -11.380829
v 7.408885 31.635830 -11.334052
v 6.532032 32.265747 -10.958588
v 6.490644 31.818974 -10.985373
v 7.816575 32.077267 -9.487065
v 7.678955 31.547785 -9.627007
v 7.582398 32.135170 -11.367556
v 7.506938 31.628313 -11.303604
v 6.594572 32.259743 -11.034986
v 6.553450 31.811913 -11.061968
v 7.728483 32.090031 -9.453743
v 7.600122 31.562912 -9.594265
v 7.685085 32.118980 -11.341681
v 7.587710 31.610199 -11.282286
v 6.664644 32.252563 -11.105309
v 6.622288 31.803152 -11.132626
v 7.636967 32.103676 -9.429675
v 7.518305 31.579113 -9.569821
v 7.778891 32.104164 -11.308359
v 7.667149 31.592430 -11.251980
v 6.740514 32.244522 -11.169164
v 6.696690 31.792759 -11.196742
v 7.538600 32.119030 -9.416246
v 7.435444 31.595993 -9.553756
v 7.864837 32.090385 -11.267399
v 7.743042 31.575325 -11.213488
v 6.816123 32.236824 -11.227363
v 6.774751 31.774630 -11.253896
v 7.433542 32.136108 -9.413797
v 7.351620 31.614212 -9.546700
v 7.945875 32.076946 -11.218180
v 7.814467 31.559025 -11.167340
v 6.896381 32.228111 -11.277835
v 6.859498 31.755795 -11.288431
v 7.338719 32.150757 -9.418090
v 7.242620 31.608749 -9.535524
v 8.021465 32.063961 -11.161114
v 7.880600 31.543701 -11.114121
v 6.984495 32.217598 -11.319027
v 6.973855 31.752819 -11.332246
v 7.245471 32.165394 -9.431656
v 7.142364 31.625517 -9.546166
v 8.090946 32.051559 -11.096730
v 7.940692 31.529537 -11.054474
v 7.081579 32.204941 -11.350018
v 7.056509 31.716583 -11.296640
v 7.153702 32.180210 -9.454644
v 7.055377 31.643265 -9.564164
v 8.152752 32.037457 -11.027222
v 7.994091 31.516705 -10.989103
v 7.188510 32.189930 -11.370023
v 7.141884 31.700798 -11.320312
v 7.063420 32.195370 -9.487094
v 6.970029 31.661045 -9.590778
v 8.206184 32.020893 -10.954040
v 8.040216 31.505386 -10.918794
v 7.301664 32.173801 -11.379543
v 7.228851 31.683838 -11.333757
v 6.974512 32.211121 -9.529008
v 6.887203 31.678787 -9.625833
v 8.253304 32.007950 -10.874034
v 8.079466 31.495594 -10.844860
v 6.880719 32.229637 -9.582045
v 6.808473 31.696404 -9.668895
v 8.314484 32.013443 -10.788172
v 8.112089 31.487295 -10.768234
v 6.734862 32.191185 -9.646442
v 6.731246 31.704998 -9.721222
v 8.357599 32.012131 -10.699096
v 8.137936 31.480473 -10.689387
v 6.670678 32.201641 -9.709406
v 6.641314 31.735989 -9.739439
v 8.386826 32.008827 -10.606582
v 8.156868 31.475109 -10.608807
v 6.609249 32.212238 -9.780145
v 6.575053 31.751297 -9.809557
v 8.406010 32.007172 -10.511446
v 8.168779 31.471180 -10.526988
v 6.551079 32.222969 -9.858001
v 6.515286 31.765453 -9.885717
v 8.563150 31.379848 -10.461131
v 8.586853 31.468624 -10.460726
v 8.581665 31.470772 -10.324302
v 8.558027 31.381777 -10.325451
v 6.040816 31.772581 -9.765670
v 6.050814 31.849554 -9.761325
v 5.992280 31.857754 -9.883898
v 5.982692 31.781212 -9.887547
v 8.563498 31.474880 -10.188973
v 8.539991 31.385740 -10.190861
v 5.945314 31.864298 -10.011911
v 5.936108 31.788136 -10.014825
v 8.532640 31.480795 -10.056012
v 8.509310 31.391586 -10.058632
v 5.910553 31.869110 -10.144085
v 5.901583 31.793287 -10.146259
v 8.489187 31.488457 -9.926754
v 8.466093 31.399260 -9.930088
v 5.889365 31.871887 -10.278868
v 5.880442 31.796366 -10.280319
v 8.433523 31.497784 -9.802452
v 8.410736 31.408672 -9.806471
v 5.881423 31.872599 -10.415103
v 5.872386 31.797342 -10.415848
v 8.366161 31.508686 -9.684309
v 8.343779 31.419720 -9.688971
v 5.885894 31.871220 -10.551723
v 5.876746 31.796158 -10.551740
v 8.287882 31.521034 -9.573428
v 8.265940 31.432297 -9.578698
v 5.904017 31.867561 -10.687070
v 5.894749 31.792624 -10.686346
v 8.199825 31.534718 -9.470775
v 8.178328 31.446293 -9.476620
v 5.935347 31.861885 -10.819911
v 5.925906 31.787008 -10.818455
v 8.102587 31.549719 -9.377401
v 8.081549 31.461679 -9.383781
v 5.979497 31.854172 -10.948990
v 5.969795 31.779293 -10.946826
v 7.997051 31.565899 -9.294226
v 7.976497 31.478306 -9.301088
v 6.035925 31.844547 -11.073095
v 6.025865 31.769608 -11.070258
v 7.884224 31.583084 -9.222047
v 7.864189 31.495995 -9.229334
v 7.215357 31.577593 -11.818619
v 7.233060 31.656830 -11.825357
v 7.360046 31.638439 -11.822413
v 7.342040 31.558445 -11.815582
v 6.104740 31.833046 -11.190857
v 6.094197 31.757996 -11.187396
v 7.765205 31.601091 -9.161560
v 7.745718 31.514553 -9.169208
v 7.487568 31.619949 -11.805666
v 7.469410 31.539125 -11.798779
v 6.184291 31.820049 -11.301404
v 6.173165 31.744831 -11.297371
v 7.640967 31.619766 -9.113393
v 7.622075 31.533817 -9.121328
v 7.616601 31.601048 -11.774689
v 7.597671 31.519590 -11.767986
v 6.273625 31.805702 -11.403724
v 6.261858 31.730257 -11.399163
v 7.512130 31.638998 -9.078163
v 7.494216 31.553587 -9.086220
v 7.744693 31.581951 -11.730103
v 7.724388 31.499962 -11.723824
v 6.372206 31.790070 -11.496743
v 6.359406 31.714394 -11.491798
v 7.377445 31.659166 -9.056878
v 7.361389 31.574120 -9.064753
v 7.864652 31.564472 -11.673933
v 7.843676 31.481796 -11.667967
v 6.480062 31.773140 -11.579304
v 6.467121 31.696999 -11.573778
v 7.245793 31.677631 -9.047710
v 7.230058 31.593300 -9.055742
v 7.978261 31.548042 -11.605934
v 7.956810 31.464642 -11.600303
v 6.588498 31.756638 -11.652663
v 6.575197 31.680019 -11.646666
v 7.114600 31.696526 -9.051778
v 7.099033 31.613070 -9.059937
v 8.084789 31.532780 -11.526665
v 8.062922 31.448664 -11.521425
v 6.706377 31.738308 -11.713459
v 6.692802 31.661127 -11.707022
v 6.984588 31.715296 -9.069185
v 6.969553 31.632595 -9.077297
v 8.183176 31.518856 -11.436896
v 8.160948 31.434044 -11.432104
v 6.830171 31.719009 -11.761747
v 6.816501 31.641165 -11.754883
v 6.855977 31.733961 -9.100043
v 6.841461 31.652018 -9.108038
v 8.272453 31.506454 -11.337501
v 8.249916 31.420965 -11.333208
v 6.960790 31.698551 -11.796498
v 6.946210 31.620171 -11.789490
v 6.730792 31.752071 -9.143845
v 6.717031 31.670815 -9.151581
v 8.351757 31.495714 -11.229433
v 8.328949 31.409584 -11.225695
v 7.098290 31.677216 -11.817028
v 7.080790 31.598763 -11.810483
v 6.609008 31.769733 -9.200495
v 6.596606 31.689011 -9.207735
v 8.420574 31.486675 -11.113670
v 8.397528 31.399956 -11.110535
v 6.489744 31.787437 -9.270000
v 6.478994 31.707127 -9.276593
v 8.478266 31.479378 -10.991320
v 8.454996 31.392126 -10.988835
v 6.384119 31.802662 -9.349020
v 6.372891 31.723267 -9.355463
v 8.524221 31.473873 -10.863575
v 8.500765 31.386143 -10.861779
v 6.289704 31.815756 -9.437716
v 6.278652 31.737064 -9.443766
v 8.557903 31.470224 -10.731691
v 8.534304 31.382084 -10.730614
v 6.200325 31.828457 -9.537132
v 6.189326 31.750456 -9.542756
v 8.578886 31.468460 -10.596966
v 8.555201 31.379971 -10.596624
v 6.120273 31.839790 -9.645394
v 6.109775 31.762331 -9.650407
v 8.584684 31.360462 -10.461832
v 8.598625 31.400085 -10.461959
v 8.593319 31.402227 -10.322995
v 8.579422 31.362516 -10.323585
v 6.017679 31.756432 -9.752207
v 6.018961 31.793886 -9.748398
v 5.959540 31.802416 -9.873199
v 5.958572 31.765068 -9.876361
v 8.574799 31.406403 -10.185144
v 8.561014 31.366619 -10.186443
v 5.911907 31.809237 -10.003542
v 5.911201 31.771980 -10.006025
v 8.543352 31.412451 -10.049704
v 8.529739 31.372616 -10.051703
v 5.876640 31.814270 -10.138138
v 5.876113 31.777102 -10.139926
v 8.499092 31.420315 -9.918029
v 8.485708 31.380440 -9.920712
v 5.855097 31.817215 -10.275420
v 5.854651 31.780128 -10.276505
v 8.442419 31.429899 -9.791395
v 8.429325 31.390007 -9.794736
v 5.846960 31.818043 -10.414206
v 5.846506 31.781036 -10.414585
v 8.373880 31.441105 -9.671022
v 8.361141 31.401215 -9.674988
v 5.851501 31.816696 -10.553374
v 5.851002 31.779760 -10.553038
v 8.294226 31.453815 -9.558043
v 8.281887 31.413948 -9.562599
v 5.869975 31.812983 -10.691237
v 5.869375 31.776104 -10.690188
v 8.204590 31.467932 -9.453451
v 8.192690 31.428108 -9.458556
v 5.901890 31.807182 -10.826552
v 5.901125 31.770346 -10.824800
v 8.105595 31.483414 -9.358315
v 8.094173 31.443657 -9.363924
v 5.946826 31.799271 -10.958046
v 5.945829 31.762472 -10.955611
v 7.998152 31.500126 -9.273562
v 7.987242 31.460442 -9.279625
v 6.004223 31.789387 -11.084486
v 6.002925 31.752613 -11.081395
v 7.883297 31.517879 -9.200010
v 7.872934 31.478287 -9.206469
v 7.213583 31.558405 -11.844389
v 7.221183 31.595688 -11.851483
v 7.350602 31.576565 -11.848476
v 7.342459 31.539131 -11.841360
v 6.074167 31.777569 -11.204483
v 6.072493 31.740814 -11.200772
v 7.762147 31.536488 -9.138363
v 7.752359 31.497002 -9.145157
v 7.480669 31.557308 -11.831383
v 7.472027 31.519699 -11.824306
v 6.155003 31.764202 -11.317144
v 6.152885 31.727453 -11.312855
v 7.635716 31.555782 -9.089257
v 7.626529 31.516411 -9.096322
v 7.611879 31.537762 -11.799900
v 7.602577 31.500032 -11.792978
v 6.245779 31.749432 -11.421432
v 6.243169 31.712673 -11.416605
v 7.504867 31.575598 -9.053259
v 7.496387 31.536333 -9.060505
v 7.741698 31.518112 -11.754670
v 7.731586 31.480282 -11.748017
v 6.345782 31.733349 -11.516298
v 6.342538 31.696587 -11.511009
v 7.368552 31.596262 -9.031335
v 7.361036 31.557053 -9.038628
v 7.863655 31.500019 -11.697529
v 7.852949 31.462034 -11.691160
v 6.455688 31.715839 -11.600390
v 6.452022 31.679012 -11.594623
v 7.234493 31.615383 -9.021977
v 7.227502 31.576332 -9.029366
v 7.979278 31.482973 -11.628302
v 7.968044 31.444824 -11.622272
v 6.566185 31.698730 -11.675110
v 6.562027 31.661839 -11.668931
v 7.100691 31.635067 -9.026159
v 7.094216 31.596207 -9.033576
v 8.087713 31.467121 -11.547586
v 8.075991 31.428802 -11.541952
v 6.686376 31.679716 -11.737014
v 6.681708 31.642742 -11.730480
v 6.968351 31.654537 -9.043861
v 6.962477 31.615837 -9.051211
v 8.187876 31.452652 -11.456170
v 8.175709 31.414169 -11.450989
v 6.812661 31.659676 -11.786160
v 6.807528 31.622585 -11.779318
v 6.837469 31.673897 -9.075256
v 6.832184 31.635361 -9.082470
v 8.278774 31.439747 -11.354941
v 8.266209 31.401089 -11.350264
v 6.945356 31.638557 -11.821662
v 6.939543 31.601383 -11.814631
v 6.710231 31.692650 -9.119794
v 6.705582 31.654259 -9.126787
v 8.359518 31.428553 -11.244878
v 8.346601 31.389725 -11.240752
v 7.083951 31.616817 -11.842976
v 7.076862 31.579693 -11.835981
v 6.586854 31.710846 -9.177317
v 6.582982 31.672565 -9.183976
v 8.429571 31.419121 -11.126977
v 8.416351 31.380138 -11.123446
v 6.466178 31.729036 -9.247897
v 6.463170 31.690819 -9.254130
v 8.488272 31.411499 -11.002369
v 8.474796 31.372362 -10.999470
v 6.358172 31.744999 -9.328498
v 6.355385 31.706999 -9.334406
v 8.535009 31.405731 -10.872266
v 8.521332 31.366451 -10.870030
v 6.261901 31.758690 -9.418871
v 6.259504 31.720846 -9.424343
v 8.569246 31.401882 -10.737946
v 8.555418 31.362476 -10.736399
v 6.170811 31.771944 -9.520151
v 6.168739 31.734261 -9.525140
v 8.590555 31.399986 -10.600726
v 8.576641 31.360468 -10.599884
v 6.089480 31.783730 -9.630371
v 6.087823 31.746166 -9.634792
vn 0.0441 -0.3827 -0.9228
vn 0.1411 -0.3674 -0.9193
vn 0.0453 -0.3885 -0.9203
vn 0.1395 -0.3595 -0.9227
vn 0.2356 -0.3427 -0.9094
vn 0.2335 -0.3328 -0.9136
vn 0.3279 -0.3149 -0.8907
vn 0.4140 -0.2701 -0.8693
vn 0.4170 -0.2841 -0.8634
vn 0.4987 -0.2346 -0.8345
vn 0.5021 -0.2505 -0.8277
vn 0.5785 -0.1968 -0.7916
vn 0.5823 -0.2147 -0.7841
vn 0.6529 -0.1571 -0.7410
vn 0.6570 -0.1768 -0.7329
vn 0.7209 -0.1158 -0.6833
vn 0.7254 -0.1372 -0.6745
vn 0.7819 -0.0733 -0.6191
vn 0.7868 -0.0964 -0.6097
vn 0.8354 -0.0301 -0.5488
vn 0.8406 -0.0547 -0.5389
vn 0.8808 0.0134 -0.4733
vn 0.8863 -0.0126 -0.4629
vn 0.9177 0.0568 -0.3933
vn 0.9235 0.0296 -0.3824
vn 0.9457 0.0996 -0.3095
vn 0.9518 0.0715 -0.2982
vn 0.9646 0.1415 -0.2227
vn 0.9710 0.1126 -0.2110
vn 0.9741 0.1821 -0.1338
vn 0.9808 0.1525 -0.1219
vn 0.9743 0.2209 -0.0437
vn 0.9811 0.1909 -0.0315
vn 0.9651 0.2576 0.0468
vn 0.9720 0.2274 0.0593
vn 0.9466 0.2918 0.1369
vn 0.9536 0.2616 0.1494
vn 0.9191 0.3232 0.2255
vn 0.9259 0.2931 0.2382
vn 0.8827 0.3515 0.3120
vn 0.8894 0.3218 0.3247
vn 0.8378 0.3764 0.3954
vn 0.8443 0.3473 0.4081
vn 0.7850 0.3977 0.4750
vn 0.7911 0.3694 0.4875
vn 0.7246 0.4152 0.5501
vn 0.7304 0.3878 0.5623
vn 0.6572 0.4287 0.6199
vn 0.6626 0.4024 0.6317
vn 0.5836 0.4382 0.6837
vn 0.5885 0.4130 0.6951
vn 0.5044 0.4434 0.7409
vn 0.5087 0.4196 0.7517
vn 0.4203 0.4444 0.7911
vn 0.4241 0.4221 0.8012
vn 0.3322 0.4411 0.8337
vn 0.3354 0.4205 0.8430
vn 0.2409 0.4337 0.8683
vn 0.2436 0.4147 0.8767
vn 0.1472 0.4220 0.8946
vn 0.1494 0.4049 0.9020
vn 0.0521 0.4064 0.9122
vn 0.0538 0.3912 0.9187
vn -0.0436 0.3868 0.9211
vn -0.0423 0.3736 0.9266
vn -0.1389 0.3635 0.9212
vn -0.1379 0.3524 0.9256
vn -0.2329 0.3368 0.9123
vn -0.2323 0.3278 0.9158
vn -0.3247 0.3068 0.8947
vn -0.3244 0.2999 0.8971
vn -0.4133 0.2692 0.8699
vn -0.4134 0.2739 0.8684
vn -0.4983 0.2357 0.8344
vn -0.4982 0.2383 0.8337
vn -0.5785 0.1999 0.7908
vn -0.5782 0.2005 0.7909
vn -0.6531 0.1622 0.7397
vn -0.6526 0.1608 0.7404
vn -0.7215 0.1228 0.6814
vn -0.7208 0.1195 0.6828
vn -0.7829 0.0822 0.6167
vn -0.7820 0.0771 0.6185
vn -0.8368 0.0407 0.5460
vn -0.8356 0.0340 0.5483
vn -0.8826 -0.0013 0.4701
vn -0.8812 -0.0094 0.4727
vn -0.9199 -0.0433 0.3897
vn -0.9182 -0.0527 0.3925
vn -0.9484 -0.0850 0.3055
vn -0.9464 -0.0954 0.3086
vn -0.9677 -0.1259 0.2184
vn -0.9654 -0.1372 0.2217
vn -0.9777 -0.1657 0.1292
vn -0.9751 -0.1776 0.1326
vn -0.9782 -0.2039 0.0388
vn -0.9754 -0.2163 0.0423
vn -0.9693 -0.2403 -0.0519
vn -0.9663 -0.2529 -0.0484
vn -0.9510 -0.2745 -0.1422
vn -0.9479 -0.2870 -0.1387
vn -0.9236 -0.3061 -0.2310
vn -0.9203 -0.3183 -0.2275
vn -0.8872 -0.3348 -0.3176
vn -0.8839 -0.3465 -0.3142
vn -0.8422 -0.3604 -0.4010
vn -0.8389 -0.3714 -0.3978
vn -0.7891 -0.3825 -0.4806
vn -0.7860 -0.3927 -0.4775
vn -0.7284 -0.4011 -0.5555
vn -0.7254 -0.4102 -0.5527
vn -0.6606 -0.4159 -0.6250
vn -0.6580 -0.4238 -0.6225
vn -0.5864 -0.4267 -0.6885
vn -0.5842 -0.4333 -0.6863
vn -0.5066 -0.4335 -0.7453
vn -0.5047 -0.4386 -0.7436
vn -0.4219 -0.4362 -0.7948
vn -0.4205 -0.4396 -0.7937
vn -0.3331 -0.4348 -0.8367
vn -0.3322 -0.4365 -0.8361
vn -0.2411 -0.4292 -0.8704
vn -0.2407 -0.4291 -0.8706
vn -0.1468 -0.4196 -0.8958
vn 0.8151 0.4460 0.3698
vn -0.1469 -0.4176 -0.8967
vn -0.0510 -0.4060 -0.9125
vn -0.0516 -0.4021 -0.9141
vn 0.2013 -0.9154 0.3486
vn 0.1425 -0.3757 -0.9157
vn 0.2444 -0.3576 -0.9013
vn 0.2353 -0.3433 -0.9093
vn -0.7117 -0.4567 -0.5337
vn -0.6446 -0.4697 -0.6032
vn 0.2274 0.4876 0.8429
vn 0.1355 0.4727 0.8708
vn 0.3253 -0.3029 -0.8958
vn 0.4136 -0.2680 -0.8701
vn -0.5797 0.2156 0.7858
vn -0.6533 0.1706 0.7376
vn 0.9327 0.1553 -0.3255
vn -0.9676 -0.2081 0.1430
vn -0.9666 -0.2506 0.0540
vn 0.7624 0.4666 0.4484
vn -0.5714 -0.4782 -0.6670
vn 0.0421 0.4534 0.8903
vn 0.4973 -0.2260 -0.8376
vn -0.7207 0.1239 0.6821
vn 0.9497 0.2011 -0.2399
vn -0.9562 -0.2904 -0.0355
vn 0.7025 0.4830 0.5227
vn -0.4929 -0.4819 -0.7245
vn -0.0519 0.4300 0.9013
vn 0.5761 -0.1815 -0.7970
vn -0.7810 0.0761 0.6198
vn 0.9575 0.2449 -0.1522
vn -0.9367 -0.3274 -0.1244
vn 0.6360 0.4950 0.5920
vn -0.4096 -0.4808 -0.7753
vn -0.1457 0.4027 0.9037
vn 0.6492 -0.1351 -0.7485
vn -0.8338 0.0276 0.5514
vn 0.9560 0.2863 -0.0633
vn -0.9081 -0.3610 -0.2121
vn 0.5636 0.5026 0.6556
vn -0.3226 -0.4748 -0.8188
vn -0.2384 0.3716 0.8973
vn 0.7160 -0.0873 -0.6926
vn -0.8784 -0.0211 0.4774
vn 0.9454 0.3250 0.0260
vn -0.8709 -0.3910 -0.2976
vn 0.4858 0.5057 0.7130
vn -0.2324 -0.4641 -0.8548
vn -0.3290 0.3370 0.8822
vn 0.7757 -0.0386 -0.6300
vn -0.9144 -0.0695 0.3988
vn 0.9256 0.3606 0.1148
vn -0.8255 -0.4171 -0.3803
vn 0.4033 0.5042 0.7636
vn -0.1400 -0.4486 -0.8827
vn -0.4166 0.2992 0.8584
vn 0.8276 0.0105 -0.5612
vn -0.9414 -0.1171 0.3163
vn 0.8971 0.3928 0.2022
vn -0.7722 -0.4391 -0.4593
vn 0.3170 0.4982 0.8071
vn -0.0461 -0.4286 -0.9023
vn -0.5005 0.2587 0.8262
vn 0.8714 0.0596 -0.4870
vn -0.9592 -0.1635 0.2307
vn 0.8601 0.4213 0.2875
vn 0.0483 -0.4043 -0.9134
vn 0.3260 -0.3073 -0.8940
vn 0.9065 0.1080 -0.4082
vn 0.4229 -0.2835 -0.8607
vn 0.4912 -0.2126 -0.8447
vn 0.5059 -0.2420 -0.8279
vn -0.7764 -0.4437 -0.4475
vn -0.7163 -0.4622 -0.5227
vn 0.3102 0.5187 0.7967
vn 0.2197 0.5084 0.8326
vn 0.3354 -0.3222 -0.8853
vn -0.6491 -0.4763 -0.5932
vn 0.1265 0.4932 0.8607
vn -0.5751 -0.4857 -0.6583
vn 0.0324 0.4733 0.8803
vn -0.4955 -0.4902 -0.7171
vn -0.0619 0.4490 0.8914
vn 0.5839 -0.1980 -0.7873
vn -0.4108 -0.4899 -0.7689
vn -0.1559 0.4204 0.8938
vn 0.6560 -0.1520 -0.7393
vn -0.3220 -0.4848 -0.8132
vn -0.2485 0.3879 0.8876
vn 0.7216 -0.1044 -0.6843
vn -0.2299 -0.4749 -0.8494
vn -0.3388 0.3516 0.8727
vn 0.7802 -0.0557 -0.6230
vn -0.1356 -0.4603 -0.8774
vn -0.4259 0.3121 0.8492
vn 0.8313 -0.0062 -0.5558
vn -0.0400 -0.4410 -0.8966
vn -0.5089 0.2697 0.8175
vn 0.8743 0.0435 -0.4835
vn 0.0559 -0.4173 -0.9070
vn -0.5871 0.2249 0.7777
vn 0.9089 0.0931 -0.4066
vn -0.6596 0.1781 0.7302
vn 0.9347 0.1420 -0.3258
vn -0.7257 0.1298 0.6757
vn 0.9515 0.1897 -0.2421
vn -0.7848 0.0805 0.6145
vn 0.9592 0.2358 -0.1562
vn -0.8363 0.0307 0.5474
vn 0.9576 0.2798 -0.0688
vn -0.8797 -0.0190 0.4751
vn 0.9468 0.3214 0.0192
vn -0.9147 -0.0683 0.3983
vn 0.9268 0.3600 0.1068
vn -0.9410 -0.1166 0.3177
vn 0.8980 0.3953 0.1934
vn -0.9584 -0.1635 0.2342
vn 0.8606 0.4268 0.2778
vn -0.9667 -0.2085 0.1484
vn 0.8150 0.4544 0.3596
vn -0.9659 -0.2514 0.0613
vn 0.7614 0.4778 0.4382
vn -0.9561 -0.2917 -0.0264
vn 0.7003 0.4967 0.5127
vn -0.9374 -0.3291 -0.1140
vn 0.6329 0.5109 0.5818
vn -0.9098 -0.3633 -0.2007
vn 0.5597 0.5202 0.6451
vn -0.8736 -0.3940 -0.2857
vn 0.4809 0.5246 0.7026
vn -0.8290 -0.4209 -0.3682
vn 0.3974 0.5240 0.7533
vn 0.1510 -0.3894 -0.9086
vn 0.6471 -0.1445 -0.7486
vn 0.7159 -0.0979 -0.6913
vn 0.7162 -0.1081 -0.6895
vn -0.5936 -0.3928 -0.7024
vn -0.5146 -0.3967 -0.7602
vn 0.0611 0.3579 0.9317
vn -0.0351 0.3388 0.9402
vn 0.5719 -0.1794 -0.8005
vn -0.4304 -0.3969 -0.8107
vn -0.1310 0.3162 0.9396
vn -0.3423 -0.3933 -0.8533
vn -0.2256 0.2905 0.9299
vn -0.2510 -0.3861 -0.8876
vn -0.3181 0.2619 0.9112
vn 0.7784 -0.0705 -0.6238
vn -0.1573 -0.3754 -0.9134
vn -0.4075 0.2307 0.8836
vn 0.8332 -0.0322 -0.5520
vn -0.0620 -0.3612 -0.9304
vn -0.4930 0.1973 0.8474
vn 0.8800 0.0066 -0.4749
vn 0.0340 -0.3436 -0.9385
vn -0.5737 0.1619 0.8029
vn 0.9183 0.0455 -0.3932
vn -0.6489 0.1250 0.7506
vn 0.9478 0.0841 -0.3077
vn -0.7177 0.0870 0.6909
vn 0.9680 0.1220 -0.2192
vn -0.7795 0.0483 0.6246
vn 0.9789 0.1589 -0.1285
vn -0.8337 0.0092 0.5522
vn 0.9803 0.1943 -0.0366
vn -0.8798 -0.0297 0.4745
vn 0.9721 0.2279 0.0557
vn -0.9173 -0.0682 0.3923
vn 0.9545 0.2592 0.1474
vn -0.9460 -0.1059 0.3064
vn 0.9277 0.2880 0.2376
vn -0.9656 -0.1424 0.2177
vn 0.8919 0.3140 0.3255
vn -0.9759 -0.1775 0.1270
vn 0.8475 0.3368 0.4103
vn -0.9769 -0.2107 0.0352
vn 0.7949 0.3562 0.4912
vn -0.9686 -0.2419 -0.0568
vn 0.7346 0.3721 0.5674
vn -0.9511 -0.2709 -0.1484
vn 0.6673 0.3842 0.6380
vn -0.9244 -0.2974 -0.2386
vn 0.5937 0.3924 0.7025
vn -0.8890 -0.3212 -0.3264
vn 0.5146 0.3966 0.7602
vn -0.8451 -0.3420 -0.4110
vn 0.4305 0.3969 0.8107
vn 0.1296 -0.3229 -0.9375
vn -0.7931 -0.3596 -0.4916
vn 0.3422 0.3930 0.8535
vn 0.2242 -0.2992 -0.9275
vn -0.7335 -0.3741 -0.5675
vn 0.2507 0.3852 0.8881
vn 0.3166 -0.2728 -0.9085
vn -0.6668 -0.3852 -0.6379
vn 0.1567 0.3735 0.9143
vn 0.4058 -0.2438 -0.8808
vn 0.8351 -0.0542 -0.5474
vn 0.8815 -0.0129 -0.4721
vn 0.8836 -0.0319 -0.4671
vn -0.2657 -0.2788 -0.9229
vn -0.2125 0.1598 0.9640
vn -0.3067 0.1443 0.9408
vn 0.7791 -0.0762 -0.6223
vn -0.1692 -0.2695 -0.9480
vn -0.3978 0.1275 0.9086
vn -0.0713 -0.2581 -0.9635
vn -0.4849 0.1095 0.8677
vn 0.0277 -0.2448 -0.9692
vn -0.5672 0.0904 0.8186
vn 0.9240 -0.0095 -0.3822
vn -0.6439 0.0704 0.7619
vn 0.9559 0.0129 -0.2935
vn -0.7143 0.0498 0.6981
vn 0.9788 0.0352 -0.2016
vn -0.7778 0.0287 0.6279
vn 0.9926 0.0570 -0.1076
vn -0.8338 0.0072 0.5521
vn 0.9969 0.0783 -0.0120
vn -0.8818 -0.0146 0.4713
vn 0.9916 0.0988 0.0840
vn -0.9216 -0.0366 0.3864
vn 0.9766 0.1183 0.1794
vn -0.9527 -0.0586 0.2982
vn 0.9522 0.1365 0.2734
vn -0.9749 -0.0805 0.2075
vn 0.9184 0.1532 0.3648
vn -0.9881 -0.1023 0.1152
vn 0.8755 0.1682 0.4529
vn -0.9920 -0.1239 0.0220
vn 0.8239 0.1813 0.5370
vn -0.9868 -0.1453 -0.0712
vn 0.7638 0.1925 0.6160
vn -0.9724 -0.1663 -0.1638
vn 0.6964 0.2013 0.6889
vn -0.9487 -0.1869 -0.2551
vn 0.6222 0.2078 0.7548
vn -0.9158 -0.2067 -0.3444
vn 0.5420 0.2119 0.8132
vn -0.8739 -0.2257 -0.4306
vn 0.4566 0.2135 0.8637
vn 0.1259 -0.2300 -0.9650
vn -0.8233 -0.2434 -0.5128
vn 0.3667 0.2125 0.9057
vn 0.2217 -0.2139 -0.9514
vn -0.7641 -0.2595 -0.5906
vn 0.2734 0.2092 0.9389
vn 0.3146 -0.1966 -0.9286
vn -0.6963 -0.2735 -0.6636
vn 0.1775 0.2035 0.9628
vn 0.4042 -0.1785 -0.8971
vn -0.6210 -0.2846 -0.7303
vn 0.0799 0.1956 0.9774
vn 0.4897 -0.1594 -0.8572
vn -0.5394 -0.2917 -0.7899
vn -0.0183 0.1856 0.9825
vn 0.5706 -0.1395 -0.8093
vn -0.4516 -0.2929 -0.8427
vn -0.1161 0.1736 0.9780
vn 0.6462 -0.1190 -0.7538
vn -0.3590 -0.2874 -0.8880
vn 0.9802 0.0133 -0.1978
vn 0.9551 0.0640 -0.2892
vn 0.9787 0.0657 -0.1944
vn 0.0873 -0.0711 -0.9936
vn -0.5570 0.0552 0.8287
vn 0.9230 -0.0044 -0.3847
vn -0.6373 0.0477 0.7691
vn 0.9561 0.0044 -0.2929
vn -0.7108 0.0400 0.7023
vn -0.7766 0.0320 0.6291
vn 0.9947 0.0223 -0.1003
vn -0.8342 0.0239 0.5509
vn 0.9995 0.0311 -0.0013
vn -0.8832 0.0160 0.4686
vn 0.9944 0.0397 0.0978
vn -0.9235 0.0082 0.3836
vn 0.9795 0.0479 0.1956
vn -0.9549 0.0006 0.2969
vn 0.9549 0.0556 0.2917
vn -0.9778 -0.0067 0.2096
vn 0.9219 0.0626 0.3823
vn -0.9924 -0.0136 0.1223
vn 0.8800 0.0691 0.4699
vn -0.9991 -0.0201 0.0362
vn 0.8283 0.0750 0.5552
vn -0.9985 -0.0262 -0.0489
vn 0.7698 0.0800 0.6332
vn -0.9906 -0.0320 -0.1333
vn 0.7050 0.0841 0.7042
vn -0.9755 -0.0374 -0.2167
vn 0.6331 0.0875 0.7691
vn -0.9533 -0.0426 -0.2991
vn 0.5555 0.0899 0.8266
vn -0.9233 -0.0475 -0.3811
vn 0.4741 0.0916 0.8757
vn 0.1733 -0.0688 -0.9825
vn -0.8847 -0.0524 -0.4633
vn 0.3878 0.0923 0.9171
vn 0.2575 -0.0659 -0.9640
vn -0.8356 -0.0571 -0.5463
vn 0.2966 0.0923 0.9505
vn 0.3399 -0.0625 -0.9384
vn -0.7710 -0.0620 -0.6338
vn 0.2021 0.0913 0.9751
vn 0.4204 -0.0585 -0.9054
vn -0.6756 -0.0676 -0.7341
vn 0.1056 0.0895 0.9904
vn 0.4987 -0.0538 -0.8651
vn -0.5296 -0.0729 -0.8451
vn 0.0076 0.0869 0.9962
vn 0.5741 -0.0485 -0.8173
vn -0.3855 -0.0749 -0.9196
vn -0.0910 0.0834 0.9924
vn 0.6460 -0.0426 -0.7621
vn -0.2813 -0.0772 -0.9565
vn -0.1891 0.0791 0.9788
vn 0.7136 -0.0360 -0.6997
vn -0.1842 -0.0769 -0.9799
vn -0.2859 0.0743 0.9554
vn 0.7759 -0.0288 -0.6302
vn -0.0919 -0.0743 -0.9930
vn -0.3801 0.0686 0.9224
vn 0.8322 -0.0211 -0.5541
vn -0.0010 -0.0729 -0.9973
vn -0.4709 0.0622 0.8800
vn 0.9886 -0.1509 -0.0000
vn 0.9910 -0.0921 0.0972
vn 0.9839 -0.1502 0.0971
vn -0.7723 -0.0357 0.6342
vn 0.9930 0.0669 -0.0977
vn -0.8307 -0.0395 0.5553
vn 0.9977 0.0673 -0.0000
vn -0.8810 -0.0428 0.4711
vn 0.9930 0.0671 0.0976
vn -0.9229 -0.0454 0.3825
vn 0.9787 0.0662 0.1943
vn -0.9558 -0.0471 0.2902
vn 0.9551 0.0647 0.2891
vn -0.9796 -0.0480 0.1952
vn 0.9224 0.0626 0.3812
vn -0.9940 -0.0477 0.0984
vn 0.8808 0.0600 0.4697
vn -0.9989 -0.0463 0.0007
vn 0.8307 0.0568 0.5538
vn -0.9943 -0.0436 -0.0971
vn 0.7727 0.0531 0.6326
vn -0.9802 -0.0395 -0.1940
vn 0.7072 0.0491 0.7053
vn -0.9567 -0.0343 -0.2890
vn 0.6349 0.0447 0.7713
vn -0.9240 -0.0278 -0.3814
vn 0.5564 0.0401 0.8299
vn -0.8823 -0.0202 -0.4702
vn 0.4726 0.0353 0.8806
vn 0.0031 0.0255 -0.9997
vn 0.1009 0.0270 -0.9945
vn -0.8321 -0.0118 -0.5546
vn 0.3841 0.0305 0.9228
vn 0.1977 0.0289 -0.9798
vn -0.7736 -0.0027 -0.6336
vn 0.2918 0.0254 0.9561
vn 0.2926 0.0314 -0.9557
vn -0.7075 0.0065 -0.7066
vn 0.1967 0.0203 0.9803
vn 0.3846 0.0343 -0.9224
vn -0.6343 0.0153 -0.7729
vn 0.0996 0.0151 0.9949
vn 0.4729 0.0376 -0.8803
vn -0.5545 0.0224 -0.8319
vn 0.0015 0.0098 1.0000
vn 0.5567 0.0411 -0.8297
vn -0.4689 0.0260 -0.8829
vn -0.0966 0.0045 0.9953
vn 0.6351 0.0448 -0.7712
vn -0.3797 0.0270 -0.9247
vn -0.1938 -0.0008 0.9810
vn 0.7073 0.0485 -0.7052
vn -0.2857 0.0255 -0.9580
vn -0.2893 -0.0063 0.9572
vn 0.7728 0.0522 -0.6325
vn -0.1918 0.0238 -0.9811
vn -0.3817 -0.0117 0.9242
vn 0.8308 0.0557 -0.5538
vn -0.0948 0.0245 -0.9952
vn -0.4706 -0.0169 0.8822
vn 0.8808 0.0589 -0.4698
vn -0.5549 -0.0219 0.8317
vn 0.9224 0.0617 -0.3813
vn -0.6338 -0.0268 0.7731
vn -0.7065 -0.0314 0.7070
vn 0.9536 -0.0889 0.2877
vn 0.9239 0.0102 0.3824
vn 0.9212 -0.0861 0.3795
vn -0.8769 0.1226 0.4648
vn -0.9218 0.0775 0.3799
vn -0.9172 0.1291 0.3769
vn 0.9769 -0.0909 0.1933
vn 0.9699 -0.1483 0.1934
vn -0.9543 0.0805 0.2879
vn -0.9489 0.1342 0.2856
vn 0.9466 -0.1451 0.2879
vn -0.9776 0.0827 0.1933
vn -0.9717 0.1379 0.1918
vn 0.9143 -0.1406 0.3797
vn -0.9917 0.0840 0.0970
vn -0.9854 0.1401 0.0963
vn 0.8800 -0.0825 0.4677
vn 0.8733 -0.1349 0.4681
vn -0.9964 0.0845 -0.0000
vn -0.9900 0.1409 -0.0000
vn 0.8304 -0.0782 0.5516
vn 0.8238 -0.1281 0.5522
vn -0.9854 0.1401 -0.0963
vn -0.9917 0.0840 -0.0970
vn 0.7728 -0.0733 0.6304
vn 0.7663 -0.1201 0.6312
vn -0.9717 0.1379 -0.1918
vn -0.9776 0.0827 -0.1933
vn 0.7077 -0.0676 0.7032
vn 0.7013 -0.1110 0.7042
vn -0.9489 0.1342 -0.2856
vn -0.9543 0.0805 -0.2879
vn 0.6358 -0.0614 0.7694
vn 0.6293 -0.1009 0.7706
vn -0.9172 0.1291 -0.3769
vn -0.9218 0.0775 -0.3799
vn 0.5575 -0.0546 0.8284
vn 0.5510 -0.0899 0.8296
vn -0.8769 0.1226 -0.4648
vn -0.8804 0.0736 -0.4684
vn 0.4738 -0.0473 0.8794
vn 0.4672 -0.0781 0.8807
vn 0.0935 -0.0246 -0.9953
vn 0.0018 -0.0058 -1.0000
vn 0.1002 -0.0145 -0.9949
vn -0.8282 0.1148 -0.5486
vn -0.8306 0.0691 -0.5526
vn 0.3853 -0.0395 0.9219
vn 0.3786 -0.0655 0.9232
vn 0.1908 -0.0386 -0.9809
vn 0.1976 -0.0231 -0.9800
vn -0.7715 0.1058 -0.6274
vn -0.7727 0.0637 -0.6316
vn 0.2929 -0.0314 0.9556
vn 0.2862 -0.0523 0.9567
vn 0.2862 -0.0523 -0.9567
vn 0.2929 -0.0315 -0.9556
vn -0.7073 0.0957 -0.7004
vn -0.7072 0.0578 -0.7047
vn 0.1976 -0.0231 0.9800
vn 0.1908 -0.0386 0.9809
vn 0.3786 -0.0655 -0.9232
vn 0.3853 -0.0395 -0.9219
vn -0.6361 0.0846 -0.7670
vn -0.6347 0.0512 -0.7710
vn 0.1002 -0.0145 0.9949
vn 0.0935 -0.0246 0.9953
vn 0.4672 -0.0781 -0.8807
vn 0.4738 -0.0473 -0.8794
vn -0.5585 0.0727 -0.8263
vn -0.5560 0.0440 -0.8300
vn 0.0018 -0.0058 1.0000
vn -0.0048 -0.0102 0.9999
vn 0.5510 -0.0899 -0.8296
vn 0.5575 -0.0546 -0.8284
vn -0.4753 0.0599 -0.8778
vn -0.4717 0.0364 -0.8810
vn -0.0967 0.0029 0.9953
vn -0.1031 0.0042 0.9947
vn 0.6293 -0.1009 -0.7706
vn 0.6358 -0.0614 -0.7694
vn -0.3873 0.0466 -0.9208
vn -0.3827 0.0284 -0.9234
vn -0.1943 0.0116 0.9809
vn -0.2002 0.0185 0.9796
vn 0.7013 -0.1110 -0.7042
vn 0.7077 -0.0676 -0.7032
vn -0.2953 0.0327 -0.9549
vn -0.2900 0.0201 -0.9568
vn -0.2900 0.0201 0.9568
vn -0.2953 0.0327 0.9549
vn 0.7663 -0.1201 -0.6312
vn 0.7728 -0.0733 -0.6304
vn -0.2002 0.0185 -0.9796
vn -0.1943 0.0116 -0.9809
vn -0.3827 0.0284 0.9234
vn -0.3873 0.0466 0.9208
vn 0.8238 -0.1281 -0.5522
vn 0.8304 -0.0782 -0.5516
vn -0.1031 0.0042 -0.9947
vn -0.0967 0.0029 -0.9953
vn -0.4717 0.0364 0.8810
vn -0.4753 0.0599 0.8778
vn 0.8733 -0.1349 -0.4681
vn 0.8800 -0.0825 -0.4677
vn -0.0048 -0.0102 -0.9999
vn -0.5560 0.0440 0.8300
vn -0.5585 0.0727 0.8263
vn 0.9143 -0.1406 -0.3797
vn 0.9212 -0.0861 -0.3795
vn -0.6347 0.0512 0.7710
vn -0.6361 0.0846 0.7670
vn 0.9466 -0.1451 -0.2879
vn 0.9536 -0.0889 -0.2877
vn -0.7072 0.0578 0.7047
vn -0.7073 0.0957 0.7004
vn 0.9699 -0.1483 -0.1934
vn 0.9769 -0.0909 -0.1933
vn -0.7727 0.0637 0.6316
vn -0.7715 0.1058 0.6274
vn 0.9839 -0.1502 -0.0971
vn 0.9910 -0.0921 -0.0972
vn -0.8306 0.0691 0.5526
vn -0.8282 0.1148 0.5486
vn 0.9957 -0.0926 -0.0000
vn -0.8804 0.0736 0.4684
vn 0.7732 0.0125 0.6340
vn 0.8303 0.0515 0.5549
vn 0.7719 0.0512 0.6336
vn -0.9946 0.0350 0.0980
vn 0.8820 0.0108 0.4711
vn -0.9994 0.0350 -0.0000
vn 0.8316 0.0116 0.5552
vn -0.9946 0.0350 -0.0980
vn -0.9802 0.0349 -0.1951
vn 0.7074 0.0135 0.7067
vn -0.9563 0.0347 -0.2902
vn 0.6347 0.0146 0.7726
vn -0.9233 0.0344 -0.3826
vn 0.5559 0.0158 0.8311
vn -0.8813 0.0340 -0.4713
vn 0.4718 0.0170 0.8815
vn 0.0006 0.0237 -0.9997
vn 0.0986 0.0223 -0.9949
vn -0.8309 0.0335 -0.5555
vn 0.3831 0.0183 0.9235
vn 0.1956 0.0210 -0.9805
vn -0.7724 0.0329 -0.6343
vn 0.2908 0.0196 0.9566
vn 0.2908 0.0196 -0.9566
vn -0.7065 0.0322 -0.7070
vn 0.1956 0.0210 0.9805
vn 0.3831 0.0183 -0.9235
vn -0.6338 0.0314 -0.7729
vn 0.0986 0.0223 0.9949
vn 0.4718 0.0170 -0.8815
vn -0.5550 0.0305 -0.8313
vn 0.0006 0.0237 0.9997
vn 0.5559 0.0158 -0.8311
vn -0.4708 0.0296 -0.8818
vn -0.0974 0.0249 0.9949
vn 0.6347 0.0146 -0.7726
vn -0.3821 0.0285 -0.9237
vn -0.1945 0.0262 0.9806
vn 0.7074 0.0135 -0.7067
vn -0.2897 0.0274 -0.9567
vn -0.2897 0.0274 0.9567
vn 0.7732 0.0125 -0.6340
vn -0.1945 0.0262 -0.9806
vn -0.3821 0.0285 0.9237
vn 0.8316 0.0116 -0.5552
vn -0.0974 0.0249 -0.9949
vn -0.4708 0.0296 0.8818
vn 0.8820 0.0108 -0.4711
vn -0.5550 0.0305 0.8313
vn 0.9239 0.0102 -0.3824
vn -0.6338 0.0314 0.7729
vn 0.9569 0.0097 -0.2901
vn -0.7065 0.0322 0.7070
vn 0.9808 0.0093 -0.1950
vn -0.7724 0.0329 0.6343
vn 0.9951 0.0091 -0.0980
vn -0.8309 0.0335 0.5555
vn 1.0000 0.0090 -0.0000
vn -0.8813 0.0340 0.4713
vn 0.9951 0.0091 0.0980
vn -0.9233 0.0344 0.3826
vn 0.9808 0.0093 0.1950
vn -0.9563 0.0347 0.2902
vn 0.9569 0.0097 0.2901
vn -0.9802 0.0349 0.1951
vn -0.0095 -0.9994 -0.0319
vn -0.0425 -0.9763 -0.2123
vn -0.0064 -0.9994 -0.0328
vn -0.9799 0.0425 -0.1949
vn 0.7061 0.0509 0.7063
vn -0.9561 0.0426 -0.2900
vn 0.6335 0.0505 0.7721
vn -0.9231 0.0428 -0.3823
vn 0.5548 0.0501 0.8305
vn -0.8811 0.0430 -0.4709
vn 0.4707 0.0497 0.8809
vn 0.0978 0.0478 -0.9941
vn -0.8307 0.0432 -0.5550
vn 0.3821 0.0493 0.9228
vn 0.1947 0.0483 -0.9797
vn -0.7723 0.0435 -0.6337
vn 0.2898 0.0488 0.9558
vn 0.2898 0.0488 -0.9558
vn -0.7065 0.0439 -0.7063
vn 0.1947 0.0483 0.9797
vn 0.3821 0.0493 -0.9228
vn -0.6339 0.0442 -0.7722
vn 0.0978 0.0478 0.9941
vn 0.4707 0.0497 -0.8809
vn -0.5551 0.0446 -0.8306
vn -0.0002 0.0474 0.9989
vn 0.5548 0.0501 -0.8305
vn -0.4710 0.0450 -0.8810
vn -0.0981 0.0469 0.9941
vn 0.6335 0.0505 -0.7721
vn -0.3824 0.0455 -0.9229
vn -0.1950 0.0464 0.9797
vn 0.7061 0.0509 -0.7063
vn -0.2901 0.0459 -0.9559
vn -0.2901 0.0459 0.9559
vn 0.7719 0.0512 -0.6336
vn -0.1950 0.0464 -0.9797
vn -0.3824 0.0455 0.9229
vn 0.8303 0.0515 -0.5549
vn -0.0981 0.0469 -0.9941
vn -0.4710 0.0450 0.8810
vn 0.8807 0.0517 -0.4708
vn -0.0002 0.0474 -0.9989
vn -0.5551 0.0446 0.8306
vn 0.9226 0.0519 -0.3822
vn -0.6339 0.0442 0.7722
vn 0.9556 0.0521 -0.2899
vn -0.7065 0.0439 0.7063
vn 0.9794 0.0522 -0.1949
vn -0.7723 0.0435 0.6337
vn 0.9938 0.0523 -0.0979
vn -0.8307 0.0432 0.5550
vn 0.9986 0.0523 -0.0000
vn -0.8811 0.0430 0.4709
vn 0.9938 0.0523 0.0979
vn -0.9231 0.0428 0.3823
vn 0.9794 0.0522 0.1949
vn -0.9561 0.0426 0.2900
vn 0.9556 0.0521 0.2899
vn -0.9799 0.0425 0.1949
vn 0.9226 0.0519 0.3822
vn -0.9943 0.0424 0.0979
vn 0.8807 0.0517 0.4708
vn -0.9991 0.0424 -0.0000
vn -0.9943 0.0424 -0.0979
vn -0.3053 -0.8352 0.4574
vn -0.4304 -0.7346 0.5245
vn -0.3493 -0.8346 0.4259
vn -0.0126 -0.9994 0.0307
vn -0.0631 -0.9762 0.2073
vn -0.0832 -0.9762 0.2003
vn 0.0268 -0.9994 -0.0218
vn 0.1782 -0.9767 -0.1193
vn 0.0289 -0.9994 -0.0192
vn -0.0215 -0.9763 -0.2152
vn -0.0031 -0.9994 -0.0334
vn -0.0155 -0.9995 0.0293
vn -0.1026 -0.9761 0.1914
vn 0.1890 -0.9767 -0.1012
vn 0.0307 -0.9994 -0.0163
vn -0.0003 -0.9764 -0.2160
vn 0.0002 -0.9994 -0.0336
vn -0.0182 -0.9995 0.0275
vn -0.1209 -0.9761 0.1806
vn 0.1980 -0.9768 -0.0821
vn 0.0321 -0.9994 -0.0132
vn -0.0208 -0.9995 0.0255
vn -0.1382 -0.9761 0.1680
vn 0.2050 -0.9768 -0.0623
vn 0.0333 -0.9994 -0.0101
vn -0.0231 -0.9995 0.0233
vn -0.1541 -0.9760 0.1538
vn 0.2101 -0.9768 -0.0418
vn 0.0342 -0.9994 -0.0068
vn -0.0252 -0.9995 0.0209
vn -0.1685 -0.9760 0.1381
vn 0.2132 -0.9768 -0.0210
vn 0.0347 -0.9994 -0.0034
vn -0.0271 -0.9995 0.0182
vn -0.1814 -0.9759 0.1210
vn 0.2142 -0.9768 -0.0000
vn 0.0349 -0.9994 -0.0000
vn -0.0287 -0.9995 0.0154
vn -0.1925 -0.9759 0.1027
vn 0.0347 -0.9994 0.0034
vn 0.2132 -0.9768 0.0210
vn -0.0301 -0.9995 0.0125
vn -0.2017 -0.9759 0.0834
vn 0.0342 -0.9994 0.0068
vn 0.2101 -0.9768 0.0418
vn -0.0311 -0.9995 0.0095
vn -0.2090 -0.9759 0.0633
vn 0.0333 -0.9994 0.0101
vn 0.2050 -0.9768 0.0623
vn -0.0319 -0.9995 0.0064
vn -0.2142 -0.9759 0.0426
vn 0.0321 -0.9994 0.0132
vn 0.1980 -0.9768 0.0821
vn -0.0323 -0.9995 0.0032
vn -0.2174 -0.9758 0.0214
vn 0.0307 -0.9994 0.0163
vn 0.1890 -0.9767 0.1012
vn -0.0325 -0.9995 -0.0000
vn -0.2185 -0.9758 -0.0000
vn 0.0289 -0.9994 0.0192
vn 0.1783 -0.9767 0.1193
vn -0.2174 -0.9758 -0.0214
vn -0.0323 -0.9995 -0.0032
vn 0.0268 -0.9994 0.0218
vn 0.1658 -0.9767 0.1363
vn -0.2142 -0.9759 -0.0426
vn -0.0319 -0.9995 -0.0064
vn 0.0245 -0.9994 0.0243
vn 0.1517 -0.9767 0.1519
vn -0.2090 -0.9759 -0.0633
vn -0.0311 -0.9995 -0.0095
vn 0.0219 -0.9994 0.0265
vn 0.1361 -0.9767 0.1662
vn -0.2017 -0.9759 -0.0834
vn -0.0301 -0.9995 -0.0125
vn 0.0192 -0.9994 0.0284
vn 0.1192 -0.9766 0.1788
vn -0.1925 -0.9759 -0.1027
vn -0.0287 -0.9995 -0.0154
vn 0.0163 -0.9994 0.0301
vn 0.1012 -0.9766 0.1898
vn 0.0209 -0.9764 -0.2148
vn 0.0035 -0.9994 -0.0336
vn -0.1814 -0.9759 -0.1210
vn -0.0271 -0.9995 -0.0182
vn 0.0132 -0.9994 0.0314
vn 0.0822 -0.9766 0.1990
vn 0.0418 -0.9765 -0.2115
vn 0.0068 -0.9994 -0.0332
vn -0.1685 -0.9760 -0.1381
vn -0.0252 -0.9995 -0.0209
vn 0.0100 -0.9994 0.0325
vn 0.0623 -0.9765 0.2062
vn 0.0623 -0.9765 -0.2062
vn 0.0100 -0.9994 -0.0325
vn -0.1541 -0.9760 -0.1538
vn -0.0231 -0.9995 -0.0233
vn 0.0068 -0.9994 0.0332
vn 0.0418 -0.9765 0.2115
vn 0.0821 -0.9766 -0.1990
vn 0.0132 -0.9994 -0.0314
vn -0.1382 -0.9761 -0.1680
vn -0.0208 -0.9995 -0.0255
vn 0.0035 -0.9994 0.0336
vn 0.0209 -0.9764 0.2148
vn 0.1012 -0.9766 -0.1898
vn 0.0163 -0.9994 -0.0301
vn -0.1209 -0.9761 -0.1806
vn -0.0182 -0.9995 -0.0275
vn 0.0002 -0.9994 0.0336
vn -0.0003 -0.9764 0.2160
vn 0.1192 -0.9766 -0.1788
vn 0.0192 -0.9994 -0.0284
vn -0.1026 -0.9761 -0.1914
vn -0.0155 -0.9995 -0.0293
vn -0.0031 -0.9994 0.0334
vn -0.0215 -0.9763 0.2152
vn 0.1361 -0.9767 -0.1662
vn 0.0219 -0.9994 -0.0265
vn -0.0832 -0.9762 -0.2003
vn -0.0126 -0.9994 -0.0307
vn -0.0064 -0.9994 0.0328
vn -0.0425 -0.9763 0.2123
vn 0.1517 -0.9767 -0.1519
vn 0.0245 -0.9994 -0.0243
vn -0.0632 -0.9762 -0.2073
vn -0.0095 -0.9994 0.0319
vn 0.1658 -0.9767 -0.1363
vn -0.6073 0.6829 0.4060
vn -0.4366 0.8253 0.3581
vn -0.4699 0.8251 0.3138
vn 0.5104 -0.8459 -0.1548
vn 0.6243 -0.7371 -0.2586
vn 0.6466 -0.7372 -0.1961
vn -0.4799 -0.7344 0.4799
vn -0.3899 -0.8341 0.3901
vn 0.5230 -0.8460 -0.1040
vn 0.6627 -0.7372 -0.1318
vn -0.5247 -0.7343 0.4306
vn -0.4268 -0.8337 0.3505
vn 0.5307 -0.8460 -0.0523
vn 0.6724 -0.7372 -0.0662
vn -0.5644 -0.7342 0.3772
vn -0.4596 -0.8333 0.3072
vn 0.5332 -0.8460 -0.0000
vn 0.6756 -0.7372 -0.0000
vn -0.5988 -0.7342 0.3201
vn -0.4879 -0.8330 0.2609
vn 0.6724 -0.7372 0.0662
vn 0.5307 -0.8460 0.0523
vn -0.6273 -0.7341 0.2599
vn -0.5115 -0.8327 0.2120
vn 0.6627 -0.7372 0.1318
vn 0.5230 -0.8460 0.1040
vn -0.6499 -0.7340 0.1972
vn -0.5302 -0.8325 0.1609
vn 0.6466 -0.7372 0.1961
vn 0.5104 -0.8459 0.1548
vn -0.6661 -0.7340 0.1325
vn -0.5436 -0.8323 0.1082
vn 0.6243 -0.7371 0.2586
vn 0.4928 -0.8459 0.2041
vn -0.6759 -0.7340 0.0666
vn -0.5518 -0.8322 0.0544
vn 0.5961 -0.7370 0.3186
vn 0.4705 -0.8458 0.2515
vn -0.6792 -0.7340 -0.0000
vn -0.5545 -0.8322 -0.0000
vn 0.5620 -0.7370 0.3755
vn 0.4437 -0.8457 0.2965
vn -0.5518 -0.8322 -0.0544
vn -0.6759 -0.7340 -0.0666
vn 0.5226 -0.7369 0.4288
vn 0.4126 -0.8456 0.3386
vn -0.5436 -0.8323 -0.1082
vn -0.6661 -0.7340 -0.1325
vn 0.4782 -0.7368 0.4781
vn 0.3776 -0.8455 0.3776
vn -0.5302 -0.8325 -0.1609
vn -0.6499 -0.7340 -0.1972
vn 0.4291 -0.7366 0.5227
vn 0.3389 -0.8454 0.4129
vn -0.5115 -0.8327 -0.2120
vn -0.6273 -0.7341 -0.2599
vn 0.3759 -0.7365 0.5624
vn 0.2969 -0.8453 0.4443
vn -0.4879 -0.8330 -0.2609
vn -0.5988 -0.7342 -0.3201
vn 0.3190 -0.7364 0.5967
vn 0.2520 -0.8451 0.4715
vn 0.0537 -0.8414 -0.5378
vn 0.0001 -0.7356 -0.6774
vn 0.0665 -0.7358 -0.6740
vn -0.4596 -0.8333 -0.3072
vn -0.5644 -0.7342 -0.3772
vn 0.2590 -0.7362 0.6252
vn 0.2047 -0.8450 0.4941
vn 0.1060 -0.8432 -0.5270
vn 0.1322 -0.7359 -0.6640
vn -0.4268 -0.8337 -0.3505
vn -0.5247 -0.7343 -0.4306
vn 0.1966 -0.7361 0.6477
vn 0.1553 -0.8448 0.5120
vn 0.1553 -0.8448 -0.5120
vn 0.1966 -0.7361 -0.6477
vn -0.3899 -0.8341 -0.3901
vn -0.4799 -0.7344 -0.4799
vn 0.1322 -0.7359 0.6640
vn 0.1060 -0.8432 0.5270
vn 0.2047 -0.8450 -0.4941
vn 0.2590 -0.7362 -0.6252
vn -0.3493 -0.8346 -0.4259
vn -0.4304 -0.7346 -0.5245
vn 0.0665 -0.7358 0.6740
vn 0.0537 -0.8414 0.5378
vn 0.2520 -0.8451 -0.4715
vn 0.3190 -0.7364 -0.5967
vn -0.3053 -0.8352 -0.4574
vn -0.3768 -0.7347 -0.5641
vn 0.0001 -0.7356 0.6774
vn 0.0005 -0.8401 0.5425
vn 0.2969 -0.8453 -0.4443
vn 0.3759 -0.7365 -0.5624
vn -0.2586 -0.8358 -0.4843
vn -0.3197 -0.7348 -0.5982
vn -0.0663 -0.7354 0.6743
vn -0.0529 -0.8390 0.5416
vn 0.3389 -0.8454 -0.4129
vn 0.4291 -0.7366 -0.5227
vn -0.2094 -0.8365 -0.5064
vn -0.2594 -0.7350 -0.6265
vn -0.1322 -0.7353 0.6647
vn -0.1061 -0.8381 0.5352
vn 0.3776 -0.8455 -0.3776
vn 0.4782 -0.7368 -0.4781
vn -0.1584 -0.8372 -0.5234
vn -0.1967 -0.7351 -0.6488
vn -0.1967 -0.7351 0.6488
vn -0.1584 -0.8372 0.5234
vn 0.4126 -0.8456 -0.3386
vn 0.5226 -0.7369 -0.4288
vn -0.1061 -0.8381 -0.5352
vn -0.1322 -0.7353 -0.6647
vn -0.2594 -0.7350 0.6265
vn -0.2094 -0.8365 0.5064
vn 0.4437 -0.8457 -0.2965
vn 0.5620 -0.7370 -0.3755
vn -0.0529 -0.8390 -0.5416
vn -0.0663 -0.7354 -0.6743
vn -0.3197 -0.7348 0.5982
vn -0.2586 -0.8358 0.4843
vn 0.4705 -0.8458 -0.2515
vn 0.5961 -0.7370 -0.3186
vn 0.0005 -0.8401 -0.5425
vn -0.3768 -0.7347 0.5641
vn 0.4928 -0.8459 -0.2041
vn -0.3577 0.8260 0.4357
vn -0.1955 0.9361 0.2925
vn -0.2233 0.9360 0.2720
vn 0.7101 0.7007 -0.0699
vn 0.5532 0.8330 -0.0000
vn 0.7134 0.7007 -0.0000
vn -0.6446 0.6824 0.3447
vn -0.4986 0.8249 0.2664
vn 0.7101 0.7007 0.0699
vn 0.5506 0.8330 0.0542
vn -0.6756 0.6820 0.2800
vn -0.5226 0.8247 0.2164
vn 0.7062 0.7002 0.1048
vn 0.5475 0.8329 0.0812
vn -0.7001 0.6817 0.2125
vn -0.5415 0.8245 0.1642
vn 0.6831 0.7003 0.2071
vn 0.5375 0.8324 0.1346
vn 0.5296 0.8329 0.1607
vn -0.7178 0.6814 0.1429
vn -0.5551 0.8244 0.1104
vn 0.6598 0.7000 0.2732
vn 0.5115 0.8327 0.2120
vn -0.7285 0.6813 0.0718
vn -0.5634 0.8243 0.0555
vn 0.6302 0.6996 0.3367
vn 0.4885 0.8325 0.2612
vn -0.7321 0.6812 -0.0000
vn -0.5661 0.8243 -0.0000
vn 0.5946 0.6991 0.3970
vn 0.4608 0.8323 0.3080
vn -0.5634 0.8243 -0.0555
vn -0.7285 0.6813 -0.0718
vn 0.5533 0.6986 0.4537
vn 0.4287 0.8321 0.3520
vn -0.5607 0.8239 -0.0832
vn -0.7245 0.6809 -0.1075
vn 0.5066 0.6980 0.5062
vn 0.3924 0.8318 0.3926
vn -0.7103 0.6811 -0.1779
vn -0.5415 0.8245 -0.1642
vn -0.7001 0.6817 -0.2125
vn 0.4550 0.6973 0.5539
vn 0.3523 0.8315 0.4295
vn -0.5226 0.8247 -0.2164
vn -0.6756 0.6820 -0.2800
vn 0.3989 0.6965 0.5964
vn 0.3088 0.8312 0.4624
vn -0.4986 0.8249 -0.2664
vn -0.6446 0.6824 -0.3447
vn 0.3389 0.6957 0.6333
vn 0.2622 0.8308 0.4909
vn 0.0004 0.6912 -0.7227
vn 0.0546 0.8292 -0.5563
vn 0.0712 0.6921 -0.7183
vn -0.4699 0.8251 -0.3138
vn -0.6073 0.6829 -0.4060
vn 0.2755 0.6949 0.6643
vn 0.2130 0.8304 0.5148
vn 0.1087 0.8296 -0.5477
vn 0.1410 0.6931 -0.7070
vn -0.4365 0.8253 -0.3581
vn -0.5641 0.6835 -0.4633
vn 0.2094 0.6940 0.6889
vn 0.1617 0.8300 0.5338
vn 0.1617 0.8300 -0.5338
vn 0.2094 0.6940 -0.6889
vn -0.3991 0.8256 -0.3988
vn -0.5155 0.6842 -0.5159
vn 0.1410 0.6931 0.7070
vn 0.1087 0.8296 0.5477
vn 0.2130 0.8304 -0.5148
vn 0.2755 0.6949 -0.6643
vn -0.3577 0.8260 -0.4357
vn -0.4620 0.6849 -0.5634
vn 0.0712 0.6921 0.7183
vn 0.0546 0.8292 0.5563
vn 0.2622 0.8308 -0.4909
vn 0.3389 0.6957 -0.6333
vn -0.3130 0.8263 -0.4682
vn -0.4041 0.6857 -0.6054
vn 0.0004 0.6912 0.7227
vn -0.0002 0.8288 0.5596
vn 0.3088 0.8312 -0.4624
vn 0.3989 0.6965 -0.5964
vn -0.2654 0.8267 -0.4961
vn -0.3424 0.6865 -0.6414
vn -0.0705 0.6902 0.7202
vn -0.0551 0.8283 0.5575
vn 0.3523 0.8315 -0.4295
vn 0.4550 0.6973 -0.5539
vn -0.2153 0.8271 -0.5192
vn -0.2776 0.6874 -0.6711
vn -0.1410 0.6893 0.7107
vn -0.1096 0.8279 0.5501
vn 0.3924 0.8318 -0.3926
vn 0.5066 0.6980 -0.5062
vn -0.1632 0.8275 -0.5373
vn -0.2102 0.6883 -0.6943
vn -0.2102 0.6883 0.6943
vn -0.1632 0.8275 0.5373
vn 0.4287 0.8321 -0.3520
vn 0.5533 0.6986 -0.4537
vn -0.1096 0.8279 -0.5501
vn -0.1410 0.6893 -0.7107
vn -0.2776 0.6874 0.6711
vn -0.2153 0.8271 0.5192
vn 0.4608 0.8323 -0.3080
vn 0.5946 0.6991 -0.3970
vn -0.0551 0.8283 -0.5575
vn -0.0705 0.6902 -0.7202
vn -0.3424 0.6865 0.6414
vn -0.2654 0.8267 0.4961
vn 0.4885 0.8325 -0.2612
vn 0.6302 0.6996 -0.3367
vn -0.0002 0.8288 -0.5596
vn -0.4041 0.6857 0.6054
vn -0.3130 0.8263 0.4682
vn 0.5115 0.8327 -0.2120
vn 0.6598 0.7000 -0.2732
vn -0.4620 0.6849 0.5634
vn 0.5296 0.8329 -0.1607
vn 0.6831 0.7003 -0.2071
vn -0.5155 0.6842 0.5159
vn -0.3991 0.8256 0.3988
vn 0.5427 0.8330 -0.1080
vn 0.6999 0.7005 -0.1391
vn -0.5641 0.6835 0.4633
vn 0.5506 0.8330 -0.0542
vn -0.2927 0.9360 0.1956
vn -0.1411 0.9835 0.1133
vn -0.1485 0.9839 0.0992
vn 0.3403 0.9364 0.0852
vn 0.3354 0.9366 0.1017
vn -0.2489 0.9360 0.2489
vn 0.3238 0.9366 0.1341
vn -0.2721 0.9360 0.2233
vn 0.3091 0.9365 0.1653
vn 0.2915 0.9365 0.1948
vn -0.3106 0.9360 0.1660
vn 0.2710 0.9365 0.2225
vn -0.3254 0.9359 0.1348
vn 0.2480 0.9365 0.2480
vn -0.3370 0.9359 0.1022
vn 0.2225 0.9365 0.2712
vn -0.3454 0.9359 0.0687
vn 0.1949 0.9364 0.2917
vn -0.3505 0.9359 0.0345
vn 0.1654 0.9364 0.3095
vn 0.0344 0.9363 -0.3496
vn -0.3522 0.9359 -0.0000
vn 0.1343 0.9364 0.3243
vn 0.0685 0.9363 -0.3444
vn -0.3505 0.9359 -0.0345
vn 0.1019 0.9364 0.3360
vn 0.1019 0.9363 -0.3360
vn -0.3488 0.9358 -0.0517
vn 0.0685 0.9363 0.3444
vn 0.1343 0.9364 -0.3243
vn -0.5491 0.8243 -0.1376
vn -0.3370 0.9359 -0.1022
vn 0.0344 0.9363 0.3496
vn 0.1654 0.9364 -0.3095
vn -0.3254 0.9359 -0.1348
vn -0.0000 0.9363 0.3513
vn 0.1949 0.9364 -0.2917
vn -0.3105 0.9360 -0.1660
vn -0.0345 0.9362 0.3497
vn 0.2225 0.9365 -0.2712
vn -0.2927 0.9360 -0.1956
vn -0.0686 0.9362 0.3447
vn 0.2480 0.9365 -0.2480
vn -0.2721 0.9360 -0.2233
vn -0.1021 0.9362 0.3364
vn 0.2710 0.9365 -0.2225
vn -0.2489 0.9360 -0.2489
vn -0.1346 0.9361 0.3249
vn 0.2915 0.9365 -0.1948
vn -0.2233 0.9360 -0.2720
vn -0.1658 0.9361 0.3102
vn 0.3091 0.9365 -0.1653
vn -0.1955 0.9361 -0.2925
vn 0.3238 0.9366 -0.1341
vn -0.1658 0.9361 -0.3102
vn 0.3354 0.9366 -0.1017
vn -0.1346 0.9361 -0.3249
vn 0.3437 0.9366 -0.0684
vn -0.1021 0.9362 -0.3364
vn 0.3488 0.9366 -0.0344
vn -0.0686 0.9362 -0.3447
vn 0.3504 0.9366 -0.0000
vn -0.0345 0.9362 -0.3497
vn 0.3488 0.9366 0.0344
vn -0.0000 0.9363 -0.3513
vn 0.3470 0.9364 0.0515
vn -0.0348 0.9839 0.1752
vn 0.1752 0.9839 0.0348
vn 0.0348 0.9839 -0.1752
vn 0.1807 0.9834 -0.0175
vn 0.1787 0.9839 -0.0000
vn -0.1545 0.9844 0.0842
vn 0.1778 0.9839 0.0175
vn -0.1657 0.9838 0.0683
vn -0.1709 0.9839 0.0519
vn 0.1709 0.9839 0.0519
vn -0.1752 0.9839 0.0348
vn 0.1657 0.9838 0.0683
vn -0.1778 0.9839 0.0175
vn 0.1546 0.9844 0.0842
vn -0.1787 0.9839 -0.0000
vn 0.1484 0.9839 0.0992
vn -0.1807 0.9834 -0.0175
vn 0.1411 0.9835 0.1133
vn -0.1753 0.9839 -0.0348
vn 0.1264 0.9839 0.1263
vn -0.3420 0.9358 -0.0857
vn -0.1709 0.9839 -0.0519
vn 0.1134 0.9839 0.1381
vn -0.1657 0.9838 -0.0684
vn 0.0992 0.9839 0.1485
vn -0.1545 0.9844 -0.0842
vn 0.0842 0.9839 0.1575
vn 0.0175 0.9839 -0.1778
vn -0.1483 0.9839 -0.0992
vn 0.0680 0.9839 0.1650
vn -0.1381 0.9839 -0.1133
vn 0.0520 0.9839 0.1709
vn 0.0519 0.9839 -0.1709
vn -0.1264 0.9839 -0.1263
vn 0.0350 0.9839 0.1752
vn 0.0680 0.9839 -0.1650
vn -0.1134 0.9839 -0.1381
vn 0.0178 0.9839 0.1778
vn 0.0843 0.9839 -0.1575
vn -0.0993 0.9839 -0.1485
vn -0.0000 0.9839 0.1786
vn 0.0993 0.9839 -0.1485
vn -0.0842 0.9839 -0.1575
vn -0.0175 0.9839 0.1778
vn 0.1134 0.9839 -0.1381
vn -0.0679 0.9839 -0.1650
vn 0.1264 0.9839 -0.1263
vn -0.0519 0.9839 -0.1709
vn -0.0526 0.9839 0.1709
vn 0.1381 0.9839 -0.1133
vn -0.0348 0.9839 -0.1752
vn -0.0679 0.9839 0.1650
vn 0.1486 0.9839 -0.0992
vn -0.0173 0.9839 -0.1778
vn -0.0842 0.9839 0.1575
vn 0.1546 0.9844 -0.0842
vn 0.0002 0.9839 -0.1786
vn -0.0993 0.9839 0.1485
vn 0.1657 0.9838 -0.0684
vn -0.1134 0.9839 0.1381
vn 0.1709 0.9839 -0.0519
vn -0.1264 0.9839 0.1263
vn 0.1753 0.9839 -0.0348
vn 0.2746 -0.9503 -0.1468
vn 0.2874 -0.9504 -0.1190
vn 0.3311 -0.9269 -0.1770
vn 0.3467 -0.9269 -0.1436
vn -0.1709 -0.9514 0.2562
vn -0.1450 -0.9514 0.2718
vn -0.2118 -0.9231 0.3209
vn -0.1789 -0.9233 0.3399
vn -0.0299 -0.9510 -0.3078
vn 0.0005 -0.9508 -0.3098
vn -0.0335 -0.9241 -0.3807
vn 0.0048 -0.9243 -0.3817
vn 0.2593 -0.9501 -0.1732
vn 0.3124 -0.9267 -0.2087
vn -0.1177 -0.9513 0.2849
vn -0.1442 -0.9235 0.3554
vn -0.0598 -0.9511 -0.3029
vn -0.0712 -0.9239 -0.3760
vn 0.2414 -0.9500 -0.1981
vn 0.2907 -0.9266 -0.2385
vn -0.0892 -0.9512 0.2953
vn -0.1083 -0.9237 0.3675
vn -0.0892 -0.9512 -0.2953
vn -0.1083 -0.9237 -0.3675
vn 0.2212 -0.9498 -0.2212
vn 0.2662 -0.9265 -0.2661
vn -0.0598 -0.9511 0.3029
vn -0.0712 -0.9239 0.3760
vn -0.1177 -0.9513 -0.2849
vn -0.1442 -0.9235 -0.3554
vn 0.1989 -0.9496 -0.2423
vn 0.2390 -0.9263 -0.2912
vn -0.0299 -0.9510 0.3078
vn -0.0334 -0.9241 0.3807
vn -0.1450 -0.9514 -0.2718
vn -0.1789 -0.9233 -0.3399
vn 0.1745 -0.9494 -0.2612
vn 0.2096 -0.9261 -0.3136
vn 0.0005 -0.9508 0.3098
vn 0.0048 -0.9243 0.3817
vn -0.1709 -0.9514 -0.2562
vn -0.2118 -0.9231 -0.3209
vn 0.1484 -0.9491 -0.2777
vn 0.1781 -0.9260 -0.3330
vn 0.0311 -0.9505 0.3092
vn 0.0438 -0.9244 0.3789
vn -0.1952 -0.9514 -0.2382
vn -0.2426 -0.9230 -0.2987
vn 0.1208 -0.9489 -0.2916
vn 0.1447 -0.9258 -0.3493
vn 0.0618 -0.9500 0.3062
vn 0.0835 -0.9244 0.3722
vn -0.2176 -0.9514 -0.2179
vn -0.2712 -0.9228 -0.2736
vn 0.0927 -0.9491 -0.3011
vn 0.1153 -0.9250 -0.3620
vn 0.0927 -0.9491 0.3011
vn 0.1153 -0.9250 0.3620
vn -0.2380 -0.9514 -0.1955
vn -0.2971 -0.9227 -0.2457
vn 0.0618 -0.9500 -0.3062
vn 0.0835 -0.9244 -0.3722
vn 0.1208 -0.9489 0.2916
vn 0.1447 -0.9258 0.3493
vn -0.2560 -0.9514 -0.1713
vn -0.3201 -0.9226 -0.2154
vn 0.0311 -0.9505 -0.3092
vn 0.0438 -0.9244 -0.3789
vn 0.1484 -0.9491 0.2777
vn 0.1781 -0.9260 0.3330
vn -0.2717 -0.9514 -0.1453
vn -0.3400 -0.9225 -0.1829
vn 0.1745 -0.9494 0.2612
vn 0.2096 -0.9261 0.3136
vn -0.2847 -0.9513 -0.1180
vn -0.3565 -0.9224 -0.1486
vn 0.1989 -0.9496 0.2423
vn 0.2390 -0.9263 0.2912
vn -0.2949 -0.9513 -0.0895
vn -0.3696 -0.9223 -0.1128
vn 0.2212 -0.9498 0.2212
vn 0.2662 -0.9265 0.2661
vn -0.3023 -0.9513 -0.0602
vn -0.3790 -0.9223 -0.0758
vn 0.2414 -0.9500 0.1981
vn 0.2907 -0.9266 0.2385
vn -0.3068 -0.9513 -0.0302
vn -0.3846 -0.9223 -0.0381
vn 0.2593 -0.9501 0.1732
vn 0.3124 -0.9267 0.2087
vn -0.3083 -0.9513 -0.0000
vn -0.3865 -0.9223 -0.0000
vn 0.2746 -0.9503 0.1468
vn 0.3311 -0.9269 0.1770
vn -0.3068 -0.9513 0.0302
vn -0.3846 -0.9223 0.0381
vn 0.2874 -0.9504 0.1190
vn 0.3467 -0.9269 0.1436
vn -0.3023 -0.9513 0.0602
vn -0.3790 -0.9223 0.0758
vn 0.2974 -0.9505 0.0902
vn 0.3589 -0.9270 0.1089
vn -0.2949 -0.9513 0.0895
vn -0.3696 -0.9223 0.1128
vn 0.3046 -0.9505 0.0606
vn 0.3677 -0.9271 0.0731
vn -0.2847 -0.9513 0.1180
vn -0.3565 -0.9224 0.1486
vn 0.3090 -0.9506 0.0304
vn 0.3730 -0.9271 0.0367
vn -0.2717 -0.9514 0.1453
vn -0.3400 -0.9225 0.1829
vn 0.3104 -0.9506 -0.0000
vn 0.3748 -0.9271 -0.0000
vn -0.2560 -0.9514 0.1713
vn -0.3201 -0.9226 0.2154
vn 0.3090 -0.9506 -0.0304
vn 0.3730 -0.9271 -0.0367
vn -0.2380 -0.9514 0.1955
vn -0.2971 -0.9227 0.2457
vn 0.3046 -0.9505 -0.0606
vn 0.3677 -0.9271 -0.0731
vn -0.2176 -0.9514 0.2179
vn -0.2712 -0.9228 0.2736
vn 0.2974 -0.9505 -0.0902
vn 0.3589 -0.9270 -0.1089
vn -0.1952 -0.9514 0.2382
vn -0.2426 -0.9230 0.2987
vn -0.2782 -0.9194 0.2780
vn -0.2049 -0.9642 0.1682
vn -0.3044 -0.9193 0.2496
vn -0.1872 -0.9643 0.1872
vn 0.1122 -0.9220 -0.3705
vn 0.0507 -0.9656 -0.2549
vn 0.0753 -0.9658 -0.2482
vn 0.1477 -0.9223 0.3572
vn 0.0753 -0.9658 0.2482
vn 0.1122 -0.9220 0.3705
vn 0.0991 -0.9659 0.2392
vn -0.2493 -0.9196 0.3035
vn -0.1677 -0.9644 0.2043
vn 0.0754 -0.9218 -0.3803
vn 0.0255 -0.9655 -0.2591
vn 0.1818 -0.9225 0.3405
vn 0.1218 -0.9660 0.2279
vn -0.2181 -0.9198 0.3261
vn -0.1466 -0.9646 0.2194
vn 0.0378 -0.9215 -0.3864
vn -0.0000 -0.9654 -0.2609
vn 0.2140 -0.9227 0.3206
vn 0.1433 -0.9662 0.2145
vn -0.1849 -0.9201 0.3454
vn -0.1242 -0.9647 0.2323
vn -0.0002 -0.9213 -0.3889
vn -0.0256 -0.9652 -0.2602
vn 0.2441 -0.9229 0.2977
vn 0.1634 -0.9663 0.1991
vn -0.1499 -0.9203 0.3614
vn -0.1006 -0.9648 0.2429
vn -0.0384 -0.9210 -0.3876
vn -0.0511 -0.9651 -0.2569
vn 0.2719 -0.9231 0.2721
vn 0.1819 -0.9664 0.1818
vn -0.1136 -0.9205 0.3738
vn -0.0762 -0.9649 0.2512
vn -0.0763 -0.9208 -0.3825
vn -0.0762 -0.9649 -0.2512
vn 0.2969 -0.9232 0.2438
vn 0.1986 -0.9665 0.1629
vn -0.0763 -0.9208 0.3825
vn -0.0511 -0.9651 0.2569
vn -0.1136 -0.9205 -0.3738
vn -0.1006 -0.9648 -0.2429
vn 0.3191 -0.9234 0.2134
vn 0.2133 -0.9665 0.1425
vn -0.0384 -0.9210 0.3876
vn -0.0256 -0.9652 0.2602
vn -0.1499 -0.9203 -0.3614
vn -0.1242 -0.9647 -0.2323
vn 0.3382 -0.9235 0.1809
vn 0.2260 -0.9666 0.1208
vn -0.0002 -0.9213 0.3889
vn -0.0000 -0.9654 0.2609
vn -0.1849 -0.9201 -0.3454
vn -0.1466 -0.9646 -0.2194
vn 0.3541 -0.9236 0.1468
vn 0.2366 -0.9667 0.0980
vn -0.2181 -0.9198 -0.3261
vn -0.1677 -0.9644 -0.2043
vn 0.3666 -0.9237 0.1113
vn 0.2449 -0.9667 0.0743
vn -0.2493 -0.9196 -0.3035
vn -0.1872 -0.9643 -0.1872
vn 0.3756 -0.9238 0.0748
vn 0.2509 -0.9667 0.0499
vn -0.2782 -0.9194 -0.2780
vn -0.2049 -0.9642 -0.1682
vn 0.3810 -0.9238 0.0376
vn 0.2545 -0.9668 0.0251
vn -0.3044 -0.9193 -0.2496
vn -0.2207 -0.9641 -0.1475
vn 0.3829 -0.9238 -0.0000
vn 0.2557 -0.9668 -0.0000
vn -0.3277 -0.9191 -0.2188
vn -0.2343 -0.9641 -0.1253
vn 0.2545 -0.9668 -0.0251
vn -0.3478 -0.9190 -0.1858
vn -0.2457 -0.9640 -0.1018
vn 0.3810 -0.9238 -0.0376
vn 0.2509 -0.9667 -0.0499
vn -0.3646 -0.9188 -0.1509
vn -0.2546 -0.9639 -0.0773
vn 0.3756 -0.9238 -0.0748
vn 0.2449 -0.9667 -0.0743
vn -0.3778 -0.9188 -0.1145
vn -0.2611 -0.9639 -0.0519
vn 0.3666 -0.9237 -0.1113
vn 0.2366 -0.9667 -0.0980
vn -0.3874 -0.9187 -0.0770
vn -0.2650 -0.9639 -0.0261
vn 0.3541 -0.9236 -0.1468
vn 0.2260 -0.9666 -0.1208
vn -0.3932 -0.9187 -0.0387
vn -0.2663 -0.9639 -0.0000
vn 0.3382 -0.9235 -0.1809
vn 0.2133 -0.9665 -0.1425
vn -0.3932 -0.9187 0.0387
vn -0.3951 -0.9186 -0.0000
vn -0.2650 -0.9639 0.0261
vn 0.3191 -0.9234 -0.2134
vn 0.1986 -0.9665 -0.1629
vn -0.3874 -0.9187 0.0770
vn -0.2611 -0.9639 0.0519
vn 0.2969 -0.9232 -0.2438
vn 0.1819 -0.9664 -0.1818
vn -0.3778 -0.9188 0.1145
vn -0.2546 -0.9639 0.0772
vn 0.2719 -0.9231 -0.2721
vn 0.1634 -0.9663 -0.1991
vn -0.3646 -0.9189 0.1509
vn -0.2457 -0.9640 0.1018
vn 0.2441 -0.9229 -0.2977
vn 0.1433 -0.9662 -0.2145
vn -0.3478 -0.9190 0.1858
vn -0.2343 -0.9641 0.1253
vn 0.2140 -0.9227 -0.3206
vn 0.1218 -0.9660 -0.2279
vn 0.0379 -0.9215 0.3864
vn 0.0255 -0.9655 0.2591
vn -0.3277 -0.9191 0.2188
vn -0.2207 -0.9641 0.1475
vn 0.1818 -0.9225 -0.3405
vn 0.0991 -0.9659 -0.2392
vn 0.0754 -0.9218 0.3803
vn 0.0507 -0.9656 0.2549
vn 0.1477 -0.9223 -0.3572
vn -0.8289 -0.0950 0.5512
vn -0.8784 -0.1000 0.4674
vn -0.3782 0.8501 -0.3664
vn -0.3435 0.8502 -0.3990
vn -0.3805 0.8499 -0.3645
vn 0.9965 0.0841 -0.0000
vn 0.1499 -0.9883 -0.0297
vn 0.3112 -0.9461 -0.0892
vn 0.3187 -0.9460 -0.0599
vn -0.7715 -0.0893 0.6299
vn -0.3782 0.8501 0.3664
vn -0.3435 0.8502 0.3990
vn -0.3408 0.8504 0.4009
vn 0.9917 0.0836 -0.0977
vn 0.1016 -0.9897 0.1012
vn 0.2109 -0.9486 0.2360
vn 0.0897 -0.9900 0.1087
vn -0.7066 -0.0828 0.7027
vn 0.4756 0.8562 0.2018
vn 0.4930 0.8562 0.1544
vn 0.4932 0.8563 0.1531
vn 0.9774 0.0822 -0.1947
vn 0.1016 -0.9897 -0.1012
vn 0.2109 -0.9486 -0.2360
vn 0.2334 -0.9480 -0.2162
vn -0.6349 -0.0757 0.7689
vn 0.0396 0.8532 0.5201
vn 0.0863 0.8533 0.5143
vn 0.0904 0.8535 0.5131
vn 0.9538 0.0799 -0.2897
vn -0.0825 -0.9960 -0.0352
vn -0.2639 -0.9608 -0.0853
vn -0.2544 -0.9605 -0.1126
vn -0.5569 -0.0679 0.8278
vn 0.4932 0.8563 -0.1531
vn 0.5059 0.8563 -0.1038
vn 0.4930 0.8562 -0.1544
vn 0.9209 0.0767 -0.3821
vn -0.0101 -0.9932 -0.1163
vn -0.0411 -0.9550 -0.2939
vn -0.0121 -0.9542 -0.2989
vn -0.4734 -0.0597 0.8788
vn -0.5260 0.8490 0.0506
vn -0.5189 0.8490 0.1000
vn -0.5187 0.8490 0.1008
vn -0.0030 -0.0134 -0.9999
vn -0.0846 -0.9961 0.0265
vn -0.2707 -0.9610 0.0573
vn -0.0862 -0.9961 0.0177
vn 0.8792 0.0726 -0.4708
vn 0.1890 0.8542 -0.4843
vn 0.2324 0.8543 -0.4649
vn 0.1853 0.8540 -0.4862
vn -0.3852 -0.0509 0.9214
vn 0.1527 -0.9882 -0.0149
vn 0.3231 -0.9459 -0.0301
vn -0.1011 -0.0230 -0.9946
vn -0.4121 0.8499 0.3285
vn -0.3805 0.8499 0.3645
vn 0.8290 0.0677 -0.5551
vn -0.0396 -0.9942 0.0998
vn -0.1229 -0.9571 0.2625
vn -0.0477 -0.9945 0.0928
vn -0.2931 -0.0419 0.9552
vn 0.4533 0.8561 0.2484
vn 0.4751 0.8561 0.2034
vn -0.1981 -0.0325 -0.9796
vn 0.1127 -0.9893 -0.0922
vn 0.2539 -0.9475 -0.1942
vn 0.7708 0.0621 -0.6341
vn -0.3408 0.8504 -0.4009
vn -0.3032 0.8505 -0.4298
vn -0.1981 -0.0325 0.9796
vn -0.0797 -0.9959 -0.0440
vn -0.2424 -0.9602 -0.1388
vn -0.2931 -0.0419 -0.9552
vn 0.5060 0.8564 -0.1029
vn 0.5137 0.8564 -0.0522
vn 0.7050 0.0557 -0.7070
vn 0.1866 -0.9492 0.2534
vn 0.0773 -0.9904 0.1148
vn -0.1011 -0.0230 0.9946
vn -0.5285 0.8489 -0.0000
vn -0.5261 0.8489 0.0502
vn -0.3852 -0.0509 -0.9214
vn -0.2748 -0.9611 0.0288
vn -0.0872 -0.9962 0.0088
vn 0.6324 0.0486 -0.7731
vn -0.0117 0.8528 0.5221
vn 0.0353 0.8529 0.5209
vn -0.0030 -0.0134 0.9999
vn 0.1536 -0.9881 -0.0000
vn 0.3246 -0.9458 -0.0000
vn -0.4734 -0.0597 -0.8788
vn -0.4421 0.8496 0.2875
vn -0.4140 0.8497 0.3266
vn 0.5536 0.0410 -0.8318
vn 0.0012 -0.9928 -0.1200
vn 0.0173 -0.9535 -0.3010
vn 0.0951 -0.0038 0.9955
vn 0.4264 0.8559 0.2926
vn 0.4524 0.8559 0.2504
vn -0.5569 -0.0679 -0.8278
vn 0.1228 -0.9891 -0.0818
vn 0.2721 -0.9471 -0.1703
vn 0.4693 0.0328 -0.8824
vn 0.2357 0.8546 -0.4627
vn 0.2773 0.8547 -0.4390
vn 0.1924 0.0058 0.9813
vn -0.0762 -0.9957 -0.0526
vn -0.2279 -0.9598 -0.1639
vn -0.6349 -0.0757 -0.7689
vn 0.5137 0.8564 -0.0517
vn 0.5163 0.8564 -0.0000
vn 0.3805 0.0241 -0.9245
vn -0.1477 -0.9577 0.2470
vn -0.0550 -0.9948 0.0854
vn 0.2879 0.0151 0.9576
vn -0.5261 0.8489 -0.0502
vn -0.7066 -0.0828 -0.7027
vn -0.2762 -0.9611 -0.0000
vn -0.0876 -0.9962 -0.0000
vn 0.2879 0.0151 -0.9576
vn -0.3001 0.8507 -0.4316
vn -0.2601 0.8508 -0.4566
vn 0.3805 0.0241 0.9245
vn 0.3231 -0.9459 0.0301
vn 0.1527 -0.9882 0.0149
vn -0.7715 -0.0893 -0.6299
vn -0.4680 0.8494 0.2438
vn -0.4436 0.8495 0.2857
vn 0.1924 0.0058 -0.9813
vn 0.1607 -0.9498 0.2683
vn 0.0645 -0.9908 0.1193
vn 0.4693 0.0328 0.8824
vn 0.3954 0.8557 0.3339
vn 0.4252 0.8557 0.2948
vn -0.8289 -0.0950 -0.5512
vn 0.1317 -0.9888 -0.0702
vn 0.2878 -0.9467 -0.1446
vn 0.0951 -0.0038 -0.9955
vn -0.0628 0.8524 0.5190
vn -0.0160 0.8525 0.5224
vn 0.5536 0.0410 0.8318
vn -0.0721 -0.9955 -0.0611
vn -0.2110 -0.9594 -0.1874
vn -0.8784 -0.1000 -0.4674
vn 0.0132 -0.9924 -0.1226
vn 0.0469 -0.9527 -0.3002
vn 0.6324 0.0486 0.7731
vn -0.5260 0.8490 -0.0506
vn -0.5189 0.8490 -0.1000
vn -0.9195 -0.1041 -0.3792
vn 0.2802 0.8549 -0.4367
vn 0.3194 0.8550 -0.4087
vn 0.7050 0.0557 0.7070
vn 0.3187 -0.9460 0.0599
vn 0.1499 -0.9883 0.0297
vn -0.9518 -0.1073 -0.2875
vn -0.1707 -0.9583 0.2292
vn -0.0615 -0.9951 0.0776
vn 0.7708 0.0621 0.6341
vn 0.3604 0.8554 0.3720
vn 0.3937 0.8555 0.3363
vn -0.9750 -0.1097 -0.1932
vn -0.2566 0.8510 -0.4582
vn -0.2145 0.8511 -0.4791
vn 0.8290 0.0677 0.5551
vn -0.0672 -0.9953 -0.0694
vn -0.1918 -0.9589 -0.2092
vn -0.9891 -0.1111 -0.0971
vn 0.1335 -0.9505 0.2805
vn 0.0514 -0.9912 0.1223
vn 0.8792 0.0726 0.4708
vn -0.5187 0.8490 -0.1008
vn -0.5069 0.8490 -0.1489
vn -0.9891 -0.1111 0.0971
vn -0.9938 -0.1116 -0.0000
vn -0.1134 0.8521 0.5110
vn -0.0672 0.8522 0.5189
vn 0.9209 0.0767 0.3821
vn 0.3112 -0.9461 0.0892
vn 0.1454 -0.9884 0.0440
vn -0.9750 -0.1097 0.1932
vn 0.0256 -0.9920 -0.1239
vn 0.0763 -0.9520 -0.2965
vn 0.9538 0.0799 0.2897
vn 0.3219 0.8552 0.4063
vn 0.3583 0.8552 0.3744
vn -0.9518 -0.1073 0.2875
vn 0.3219 0.8552 -0.4063
vn 0.3583 0.8552 -0.3744
vn 0.9774 0.0822 0.1947
vn -0.0615 -0.9951 -0.0776
vn -0.1707 -0.9583 -0.2292
vn -0.9195 -0.1041 0.3792
vn -0.1918 -0.9589 0.2092
vn -0.0672 -0.9953 0.0694
vn 0.9917 0.0836 0.0977
vn -0.5064 0.8491 -0.1500
vn -0.4902 0.8492 -0.1964
vn -0.2107 0.8514 -0.4804
vn -0.1669 0.8515 -0.4972
vn 0.3009 -0.9464 0.1175
vn 0.1393 -0.9886 0.0575
vn -0.2279 -0.9598 0.1639
vn -0.3901 -0.8948 0.2173
vn -0.2424 -0.9602 0.1388
vn 0.2480 0.4720 0.8460
vn 0.3296 0.4734 0.8168
vn 0.3297 0.4734 0.8168
vn -0.2748 -0.9611 -0.0288
vn -0.4446 -0.8957 -0.0000
vn -0.4424 -0.8957 -0.0452
vn -0.0952 0.4661 -0.8796
vn -0.0087 0.4676 -0.8839
vn -0.0953 0.4661 -0.8796
vn -0.0694 -0.9557 -0.2861
vn -0.1599 -0.8906 -0.4257
vn -0.1173 -0.8898 -0.4409
vn -0.8246 0.4535 0.3381
vn -0.7876 0.4541 0.4164
vn -0.7876 0.4541 0.4165
vn 0.0469 -0.9527 0.3002
vn 0.0164 -0.8874 0.4606
vn 0.0173 -0.9535 0.3010
vn 0.1639 0.4706 -0.8670
vn 0.2479 0.4720 -0.8460
vn 0.1638 0.4705 -0.8670
vn 0.3009 -0.9464 -0.1175
vn 0.4222 -0.8801 -0.2170
vn 0.4415 -0.8798 -0.1761
vn -0.4994 0.4591 0.7347
vn -0.4251 0.4604 0.7793
vn -0.0411 -0.9550 0.2939
vn -0.1173 -0.8898 0.4409
vn -0.0694 -0.9557 0.2861
vn 0.8587 0.4825 0.1725
vn 0.8714 0.4828 0.0867
vn 0.8715 0.4828 0.0867
vn 0.1866 -0.9492 -0.2534
vn 0.2334 -0.8835 -0.4061
vn 0.2721 -0.8828 -0.3828
vn -0.6914 0.4558 -0.5605
vn -0.6333 0.4568 -0.6247
vn -0.6915 0.4558 -0.5605
vn -0.2707 -0.9610 -0.0573
vn -0.4357 -0.8956 -0.0900
vn 0.7712 0.4810 -0.4169
vn 0.8084 0.4817 -0.3385
vn 0.2539 -0.9475 0.1942
vn 0.3418 -0.8816 0.3255
vn 0.2334 -0.9480 0.2162
vn -0.8538 0.4530 0.2564
vn -0.8247 0.4535 0.3380
vn -0.4095 -0.8951 0.1764
vn -0.2545 -0.9605 0.1126
vn 0.1639 0.4706 0.8670
vn 0.2479 0.4720 0.8460
vn 0.4568 -0.8795 -0.1336
vn -0.5690 0.4579 0.6830
vn -0.4995 0.4591 0.7347
vn -0.0735 -0.8890 -0.4519
vn 0.8376 0.4822 0.2567
vn 0.8587 0.4825 0.1726
vn 0.3084 -0.8822 -0.3559
vn 0.2480 0.4720 -0.8460
vn 0.3296 0.4734 -0.8168
vn -0.4248 -0.8954 -0.1338
vn 0.8084 0.4817 -0.3384
vn 0.8376 0.4822 -0.2568
vn -0.1599 -0.8906 0.4257
vn -0.0968 -0.9564 0.2756
vn -0.8749 0.4526 0.1723
vn -0.4248 -0.8954 0.1338
vn -0.2639 -0.9608 0.0853
vn -0.6332 0.4568 -0.6248
vn -0.5691 0.4579 -0.6830
vn 0.4677 -0.8793 -0.0898
vn -0.6332 0.4568 0.6248
vn -0.5691 0.4579 0.6830
vn 0.3084 -0.8822 0.3559
vn 0.8084 0.4817 0.3384
vn 0.8376 0.4822 0.2568
vn 0.3418 -0.8816 -0.3255
vn 0.0781 0.4691 0.8797
vn 0.1638 0.4705 0.8670
vn -0.4095 -0.8951 -0.1764
vn 0.8376 0.4822 -0.2567
vn 0.8587 0.4825 -0.1726
vn -0.0288 -0.8882 -0.4585
vn -0.8876 0.4524 0.0866
vn -0.4357 -0.8956 0.0900
vn 0.3297 0.4734 -0.8168
vn 0.4081 0.4748 -0.7798
vn 0.4743 -0.8792 -0.0451
vn -0.6914 0.4558 0.5605
vn -0.6333 0.4568 0.6247
vn -0.2008 -0.8913 0.4064
vn 0.7712 0.4810 0.4169
vn 0.8084 0.4817 0.3385
vn 0.3722 -0.8810 -0.2920
vn -0.5690 0.4579 -0.6830
vn -0.4995 0.4591 -0.7347
vn -0.3901 -0.8948 -0.2173
vn 0.8587 0.4825 -0.1725
vn 0.8714 0.4828 -0.0867
vn 0.2721 -0.8828 0.3828
vn -0.8918 0.4523 -0.0000
vn -0.4424 -0.8957 0.0452
vn -0.0086 0.4676 0.8839
vn 0.0780 0.4691 0.8797
vn 0.4765 -0.8792 -0.0000
vn -0.7431 0.4549 0.4908
vn -0.6915 0.4558 0.5605
vn 0.0164 -0.8874 -0.4606
vn 0.7266 0.4803 0.4913
vn 0.3990 -0.8806 -0.2557
vn 0.4825 0.4760 -0.7352
vn -0.3669 -0.8943 -0.2561
vn 0.8715 0.4828 -0.0867
vn 0.8757 0.4828 -0.0000
vn -0.0825 -0.9960 0.0352
vn -0.5069 0.8490 0.1489
vn -0.5064 0.8491 0.1500
vn -0.0306 -0.9939 0.1061
vn 0.4756 0.8562 -0.2018
vn 0.4751 0.8561 -0.2034
vn -0.0846 -0.9961 -0.0265
vn 0.1404 0.8539 -0.5011
vn 0.1364 0.8536 -0.5027
vn 0.0897 -0.9900 -0.1087
vn 0.5059 0.8563 0.1038
vn 0.5060 0.8564 0.1029
vn -0.0207 -0.9935 -0.1116
vn -0.3032 0.8505 0.4298
vn -0.3001 0.8507 0.4316
vn 0.1454 -0.9884 -0.0440
vn 0.1364 0.8536 0.5027
vn 0.1404 0.8539 0.5011
vn -0.0797 -0.9959 0.0440
vn -0.4902 0.8492 0.1964
vn -0.4895 0.8493 0.1979
vn 0.1127 -0.9893 0.0922
vn 0.4533 0.8561 -0.2484
vn 0.4524 0.8559 -0.2504
vn -0.0862 -0.9961 -0.0177
vn -0.4121 0.8499 -0.3285
vn -0.4140 0.8497 -0.3266
vn 0.0773 -0.9904 -0.1148
vn 0.1607 -0.9498 -0.2683
vn 0.5137 0.8564 0.0522
vn 0.5137 0.8564 0.0517
vn -0.0207 -0.9935 0.1116
vn -0.2601 0.8508 0.4566
vn -0.2566 0.8510 0.4582
vn 0.1393 -0.9886 -0.0575
vn 0.0904 0.8535 -0.5131
vn 0.0863 0.8533 -0.5143
vn 0.0132 -0.9924 0.1226
vn 0.0012 -0.9928 0.1200
vn -0.4691 0.8493 0.2421
vn -0.0306 -0.9939 -0.1061
vn -0.0968 -0.9564 -0.2756
vn -0.0628 0.8524 -0.5190
vn -0.0160 0.8525 -0.5224
vn -0.0672 0.8522 -0.5189
vn -0.0872 -0.9962 -0.0088
vn 0.1853 0.8540 0.4862
vn 0.1890 0.8542 0.4843
vn -0.0762 -0.9957 0.0526
vn 0.5162 0.8564 -0.0000
vn 0.1228 -0.9891 0.0818
vn 0.4264 0.8559 -0.2926
vn 0.4252 0.8557 -0.2948
vn -0.4421 0.8496 -0.2875
vn -0.4436 0.8495 -0.2857
vn 0.0645 -0.9908 -0.1193
vn 0.1335 -0.9505 -0.2805
vn -0.0101 -0.9932 0.1163
vn -0.2145 0.8511 0.4791
vn -0.2107 0.8514 0.4804
vn 0.0396 0.8532 -0.5201
vn 0.0352 0.8529 -0.5209
vn 0.0256 -0.9920 0.1239
vn -0.0396 -0.9942 -0.0998
vn -0.1229 -0.9571 -0.2625
vn -0.1134 0.8521 -0.5110
vn -0.1176 0.8518 -0.5105
vn 0.2324 0.8543 0.4649
vn 0.2357 0.8546 0.4627
vn -0.0721 -0.9955 0.0611
vn 0.1317 -0.9888 0.0702
vn 0.2721 -0.9471 0.1703
vn 0.3954 0.8557 -0.3339
vn 0.3937 0.8555 -0.3363
vn -0.4680 0.8494 -0.2438
vn -0.4691 0.8493 -0.2421
vn 0.0514 -0.9912 -0.1223
vn 0.1053 -0.9512 -0.2899
vn -0.0121 -0.9542 0.2989
vn -0.1669 0.8515 0.4972
vn -0.1628 0.8517 0.4981
vn -0.0117 0.8528 -0.5221
vn 0.0384 -0.9916 0.1238
vn 0.0763 -0.9520 0.2965
vn -0.0477 -0.9945 -0.0928
vn -0.1477 -0.9577 -0.2470
vn -0.1628 0.8517 -0.4981
vn 0.2773 0.8547 0.4390
vn 0.2802 0.8549 0.4367
vn -0.2110 -0.9594 0.1874
vn 0.2878 -0.9467 0.1446
vn 0.3604 0.8554 -0.3720
vn -0.4895 0.8493 -0.1979
vn 0.0384 -0.9916 -0.1238
vn -0.0550 -0.9948 -0.0854
vn -0.1176 0.8518 0.5105
vn 0.3194 0.8550 0.4087
vn 0.1053 -0.9512 0.2899
vn -0.8507 -0.2596 0.4572
vn -0.8018 -0.2586 0.5388
vn 0.9699 -0.2243 -0.0951
vn 0.9745 -0.2242 -0.0000
vn -0.8017 -0.2586 0.5388
vn -0.7451 -0.2575 0.6152
vn 0.9559 -0.2246 -0.1893
vn -0.7451 -0.2575 0.6153
vn -0.6812 -0.2563 0.6858
vn 0.9328 -0.2250 -0.2816
vn -0.6107 -0.2549 0.7497
vn 0.9007 -0.2256 -0.3713
vn -0.5343 -0.2534 0.8064
vn 0.8600 -0.2264 -0.4573
vn -0.5342 -0.2534 0.8064
vn -0.4527 -0.2518 0.8554
vn -0.0905 -0.2448 -0.9653
vn 0.0045 -0.2430 -0.9700
vn 0.8110 -0.2274 -0.5390
vn 0.8600 -0.2264 -0.4574
vn -0.4526 -0.2518 0.8554
vn -0.3666 -0.2502 0.8961
vn -0.1847 -0.2466 -0.9513
vn -0.0906 -0.2448 -0.9653
vn 0.7543 -0.2285 -0.6155
vn -0.2770 -0.2485 0.9282
vn -0.2770 -0.2484 -0.9282
vn 0.6904 -0.2297 -0.6860
vn -0.2770 -0.2484 0.9282
vn -0.1848 -0.2467 0.9513
vn -0.3666 -0.2502 -0.8961
vn 0.6199 -0.2311 -0.7499
vn -0.1847 -0.2467 0.9513
vn -0.0906 -0.2448 0.9653
vn -0.4526 -0.2519 -0.8554
vn 0.5434 -0.2326 -0.8066
vn 0.6198 -0.2311 -0.7500
vn -0.0905 -0.2448 0.9653
vn 0.0045 -0.2430 0.9700
vn -0.5343 -0.2534 -0.8064
vn -0.4527 -0.2519 -0.8554
vn 0.4617 -0.2341 -0.8556
vn 0.5433 -0.2326 -0.8067
vn 0.0995 -0.2412 0.9654
vn -0.6107 -0.2549 -0.7497
vn 0.3757 -0.2358 -0.8962
vn 0.0996 -0.2412 0.9654
vn 0.1937 -0.2393 0.9514
vn -0.6812 -0.2563 -0.6858
vn 0.2861 -0.2375 -0.9283
vn 0.3756 -0.2358 -0.8963
vn 0.2860 -0.2375 0.9283
vn -0.7451 -0.2575 -0.6153
vn 0.1937 -0.2393 -0.9514
vn 0.2860 -0.2375 -0.9283
vn 0.2861 -0.2375 0.9283
vn 0.3756 -0.2358 0.8963
vn -0.8018 -0.2586 -0.5388
vn 0.0996 -0.2412 -0.9654
vn 0.3757 -0.2358 0.8963
vn 0.4617 -0.2341 0.8556
vn -0.8506 -0.2596 -0.4572
vn 0.0995 -0.2412 -0.9654
vn 0.5434 -0.2326 0.8066
vn -0.8913 -0.2604 -0.3711
vn -0.8507 -0.2596 -0.4572
vn 0.6198 -0.2311 0.7499
vn -0.9234 -0.2610 -0.2815
vn 0.6199 -0.2311 0.7499
vn 0.6904 -0.2297 0.6860
vn -0.9465 -0.2614 -0.1892
vn 0.7543 -0.2285 0.6155
vn -0.9605 -0.2617 -0.0951
vn 0.8110 -0.2274 0.5390
vn -0.9651 -0.2618 -0.0000
vn 0.8600 -0.2264 0.4574
vn -0.9605 -0.2617 0.0951
vn 0.9007 -0.2256 0.3713
vn -0.9465 -0.2614 0.1892
vn 0.9328 -0.2250 0.2816
vn -0.9234 -0.2610 0.2815
vn 0.9559 -0.2246 0.1893
vn -0.8913 -0.2604 0.3711
vn 0.9699 -0.2243 0.0951
vn 0.3722 -0.8810 0.2920
vn 0.7266 0.4803 -0.4913
vn 0.7266 0.4803 -0.4914
vn -0.7431 0.4549 -0.4908
vn 0.1926 -0.8843 -0.4254
vn -0.0735 -0.8890 0.4519
vn -0.3468 0.4617 0.8164
vn -0.3467 0.4617 0.8164
vn 0.0781 0.4691 -0.8797
vn 0.0780 0.4691 -0.8797
vn 0.0615 -0.8866 0.4584
vn -0.2008 -0.8913 -0.4064
vn -0.1810 0.4646 -0.8668
vn -0.1811 0.4646 -0.8668
vn 0.4081 0.4748 0.7798
vn -0.3669 -0.8943 0.2561
vn 0.3990 -0.8806 0.2557
vn 0.6749 0.4794 -0.5610
vn -0.7876 0.4541 -0.4165
vn -0.7876 0.4541 -0.4164
vn 0.1501 -0.8850 -0.4407
vn -0.0288 -0.8882 0.4585
vn -0.2652 0.4631 0.8457
vn -0.2651 0.4632 0.8457
vn -0.0086 0.4676 -0.8839
vn 0.1062 -0.8858 0.4517
vn -0.2396 -0.8920 -0.3832
vn -0.2651 0.4632 -0.8457
vn -0.2652 0.4632 -0.8457
vn 0.4825 0.4760 0.7352
vn 0.4826 0.4761 0.7352
vn -0.3399 -0.8938 0.2924
vn 0.4222 -0.8801 0.2170
vn 0.6166 0.4784 -0.6253
vn -0.8246 0.4535 -0.3381
vn -0.8247 0.4535 -0.3381
vn 0.1062 -0.8858 -0.4517
vn -0.2760 -0.8927 -0.3563
vn -0.1811 0.4646 0.8668
vn -0.1810 0.4646 0.8668
vn 0.5522 0.4772 0.6836
vn 0.5523 0.4773 0.6835
vn 0.1501 -0.8850 0.4407
vn 0.4415 -0.8798 0.1761
vn -0.3467 0.4617 -0.8164
vn -0.3468 0.4617 -0.8164
vn -0.8538 0.4530 -0.2564
vn -0.3095 -0.8933 0.3260
vn -0.3095 -0.8933 -0.3260
vn 0.5523 0.4773 -0.6835
vn 0.5522 0.4772 -0.6836
vn 0.6166 0.4784 0.6253
vn 0.0615 -0.8866 -0.4584
vn 0.4567 -0.8795 0.1336
vn -0.0953 0.4661 0.8796
vn -0.0952 0.4661 0.8796
vn -0.8749 0.4526 -0.1723
vn 0.1926 -0.8843 0.4254
vn -0.3399 -0.8938 -0.2924
vn -0.4251 0.4604 -0.7793
vn 0.6749 0.4794 0.5610
vn -0.2760 -0.8927 0.3563
vn 0.4677 -0.8793 0.0898
vn 0.4826 0.4761 -0.7352
vn -0.8876 0.4524 -0.0866
vn -0.0087 0.4676 0.8839
vn 0.7266 0.4803 0.4914
vn 0.2334 -0.8835 0.4061
vn 0.4743 -0.8792 0.0451
vn -0.4994 0.4591 -0.7347
vn -0.2396 -0.8920 0.3832
vn 0.0003 0.4853 -0.8744
vn 0.0942 0.5031 -0.8591
vn 0.0980 0.4836 -0.8698
vn 0.1911 0.4958 -0.8472
vn 0.1949 0.4773 -0.8569
vn 0.2862 0.4837 -0.8271
vn 0.2899 0.4665 -0.8357
vn 0.3820 0.4511 -0.8066
vn 0.3785 0.4670 -0.7991
vn 0.4705 0.4312 -0.7698
vn 0.4672 0.4459 -0.7634
vn 0.5546 0.4072 -0.7257
vn 0.5515 0.4205 -0.7204
vn 0.6333 0.3791 -0.6747
vn 0.6306 0.3911 -0.6703
vn 0.7060 0.3474 -0.6172
vn 0.7036 0.3579 -0.6138
vn 0.7720 0.3122 -0.5537
vn 0.7699 0.3213 -0.5514
vn 0.8305 0.2740 -0.4850
vn 0.8288 0.2816 -0.4836
vn 0.8811 0.2330 -0.4116
vn 0.8797 0.2391 -0.4110
vn 0.9232 0.1898 -0.3343
vn 0.9221 0.1944 -0.3345
vn 0.9564 0.1446 -0.2537
vn 0.9557 0.1477 -0.2547
vn 0.9804 0.0980 -0.1707
vn 0.9800 0.0996 -0.1724
vn 0.9950 0.0503 -0.0861
vn 0.9948 0.0506 -0.0885
vn 1.0000 0.0021 -0.0007
vn 1.0000 0.0011 -0.0036
vn 0.9953 -0.0462 0.0847
vn 0.9955 -0.0485 0.0813
vn 0.9811 -0.0941 0.1693
vn 0.9814 -0.0975 0.1654
vn 0.9573 -0.1412 0.2522
vn 0.9578 -0.1456 0.2479
vn 0.9243 -0.1869 0.3327
vn 0.9249 -0.1923 0.3280
vn 0.8824 -0.2310 0.4099
vn 0.8831 -0.2371 0.4049
vn 0.8320 -0.2728 0.4831
vn 0.8328 -0.2795 0.4778
vn 0.7735 -0.3121 0.5516
vn 0.7744 -0.3193 0.5462
vn 0.7076 -0.3485 0.6148
vn 0.7087 -0.3559 0.6092
vn 0.6348 -0.3815 0.6719
vn 0.6361 -0.3891 0.6663
vn 0.5559 -0.4109 0.7226
vn 0.5574 -0.4186 0.7170
vn 0.4717 -0.4364 0.7662
vn 0.4734 -0.4439 0.7608
vn 0.3830 -0.4577 0.8024
vn 0.3848 -0.4650 0.7973
vn 0.2906 -0.4747 0.8308
vn 0.2926 -0.4816 0.8261
vn 0.1954 -0.4872 0.8512
vn 0.1976 -0.4935 0.8470
vn 0.0983 -0.4950 0.8633
vn 0.1008 -0.5007 0.8597
vn 0.0003 -0.4981 0.8671
vn 0.0030 -0.5031 0.8642
vn -0.0977 -0.4965 0.8625
vn -0.0949 -0.5007 0.8604
vn -0.1947 -0.4903 0.8495
vn -0.2870 -0.4811 0.8283
vn -0.2900 -0.4794 0.8283
vn -0.3794 -0.4644 0.8002
vn -0.3824 -0.4639 0.7991
vn -0.4682 -0.4432 0.7644
vn -0.4711 -0.4439 0.7622
vn -0.5525 -0.4176 0.7213
vn -0.5553 -0.4197 0.7180
vn -0.6316 -0.3881 0.6712
vn -0.6341 -0.3915 0.6667
vn -0.7045 -0.3547 0.6147
vn -0.7069 -0.3597 0.6090
vn -0.7707 -0.3179 0.5522
vn -0.7729 -0.3244 0.5454
vn -0.8295 -0.2780 0.4844
vn -0.8314 -0.2860 0.4765
vn -0.8803 -0.2354 0.4118
vn -0.8819 -0.2449 0.4029
vn -0.9226 -0.1905 0.3353
vn -0.9238 -0.2016 0.3254
vn -0.9560 -0.1438 0.2555
vn -0.9569 -0.1563 0.2447
vn -0.9802 -0.0956 0.1733
vn -0.9808 -0.1096 0.1616
vn -0.9949 -0.0465 0.0894
vn -0.9951 -0.0619 0.0769
vn -1.0000 0.0030 0.0046
vn -0.9999 -0.0136 -0.0086
vn -0.9954 0.0526 -0.0802
vn -0.9950 0.0347 -0.0940
vn -0.9812 0.1016 -0.1642
vn -0.9805 0.0826 -0.1786
vn -0.9575 0.1496 -0.2466
vn -0.9565 0.1297 -0.2614
vn -0.9246 0.1961 -0.3266
vn -0.9233 0.1754 -0.3418
vn -0.8828 0.2408 -0.4034
vn -0.8812 0.2193 -0.4189
vn -0.8324 0.2831 -0.4763
vn -0.8306 0.2611 -0.4919
vn -0.7741 0.3227 -0.5446
vn -0.7720 0.3003 -0.5602
vn -0.7084 0.3592 -0.6075
vn -0.7060 0.3365 -0.6232
vn -0.6359 0.3922 -0.6647
vn -0.6332 0.3693 -0.6801
vn -0.5573 0.4215 -0.7154
vn -0.5544 0.3986 -0.7306
vn -0.4734 0.4467 -0.7592
vn -0.4703 0.4240 -0.7740
vn -0.3850 0.4677 -0.7956
vn -0.3817 0.4452 -0.8100
vn -0.2929 0.4841 -0.8245
vn -0.2894 0.4621 -0.8383
vn -0.1981 0.4960 -0.8454
vn -0.1944 0.4744 -0.8586
vn 0.9254 -0.2008 0.3214
vn 0.8836 -0.2486 0.3968
vn -0.1013 0.5032 -0.8582
vn -0.0975 0.4822 -0.8706
vn -0.0036 0.5055 -0.8628
vn -0.0000 -0.8945 -0.4471
vn 0.1888 0.5769 -0.7947
vn 0.0960 0.4725 -0.8761
vn 0.1900 0.4663 -0.8640
vn -0.7007 0.4288 -0.5703
vn 0.2941 -0.5043 0.8119
vn 0.1994 -0.5167 0.8326
vn 0.2820 0.5627 -0.7771
vn 0.3731 0.5431 -0.7522
vn -0.6306 -0.3989 0.6658
vn 0.9192 0.2279 -0.3212
vn 0.9536 0.1748 -0.2450
vn -0.9995 0.0280 0.0154
vn 0.8332 -0.2936 0.4685
vn -0.6278 0.4660 -0.6235
vn 0.1030 -0.5242 0.8453
vn 0.4609 0.5185 -0.7202
vn -0.7038 -0.3628 0.6107
vn 0.9788 0.1204 -0.1659
vn -0.9943 0.0832 -0.0669
vn 0.7749 -0.3355 0.5357
vn -0.5491 0.4987 -0.6707
vn 0.0055 -0.5267 0.8500
vn 0.5447 0.4889 -0.6813
vn -0.7703 -0.3231 0.5498
vn 0.9943 0.0653 -0.0848
vn -0.9793 0.1381 -0.1481
vn 0.7092 -0.3739 0.5978
vn -0.4655 0.5268 -0.7112
vn -0.0927 -0.5235 0.8470
vn 0.6238 0.4547 -0.6357
vn -0.8293 -0.2800 0.4836
vn 0.9999 0.0101 -0.0025
vn -0.9546 0.1920 -0.2275
vn 0.6367 -0.4085 0.6541
vn -0.3778 0.5499 -0.7449
vn -0.1897 -0.5146 0.8362
vn -0.1919 -0.4933 0.8484
vn 0.6972 0.4162 -0.5837
vn -0.8804 -0.2338 0.4127
vn 0.9958 -0.0446 0.0801
vn -0.9207 0.2446 -0.3043
vn 0.5581 -0.4390 0.7041
vn -0.2869 0.5678 -0.7716
vn -0.2852 -0.5007 0.8173
vn 0.7641 0.3738 -0.5257
vn -0.9228 -0.1850 0.3379
vn 0.9818 -0.0983 0.1622
vn -0.8777 0.2950 -0.3776
vn -0.0022 0.5894 -0.8078
vn 0.0939 0.5858 -0.8050
vn 0.4743 -0.4653 0.7473
vn -0.1935 0.5804 -0.7910
vn -0.3780 -0.4820 0.7905
vn 0.8238 0.3279 -0.4623
vn -0.9563 -0.1339 0.2600
vn 0.9583 -0.1506 0.2429
vn -0.8263 0.3429 -0.4468
vn 0.3861 -0.4871 0.7834
vn -0.0982 0.5876 -0.8032
vn -0.4668 -0.4587 0.7561
vn 0.8757 0.2791 -0.3939
vn -0.9804 -0.0811 0.1797
vn -0.7671 0.3877 -0.5112
vn -0.5513 -0.4309 0.7144
vn -0.9948 -0.0269 0.0979
vn 0.4582 0.4222 -0.7822
vn 0.3806 0.1230 -0.9165
vn 0.4689 0.1195 -0.8751
vn -0.7663 0.2979 -0.5692
vn 0.4056 -0.3480 0.8452
vn 0.3185 -0.3600 0.8769
vn 0.2827 0.4558 -0.8440
vn -0.6989 0.3325 -0.6332
vn 0.2277 -0.3690 0.9011
vn 0.3720 0.4410 -0.8168
vn -0.6252 0.3640 -0.6904
vn 0.1334 -0.3750 0.9174
vn -0.5460 0.3920 -0.7404
vn 0.0205 -0.3770 0.9260
vn 0.5416 0.3992 -0.7399
vn -0.4619 0.4162 -0.7832
vn -0.1076 -0.3745 0.9210
vn 0.6204 0.3723 -0.6903
vn -0.3743 0.4364 -0.8182
vn -0.2175 -0.3698 0.9033
vn 0.6940 0.3418 -0.6337
vn -0.2840 0.4523 -0.8454
vn -0.3104 -0.3623 0.8788
vn 0.7615 0.3080 -0.5703
vn -0.1911 0.4641 -0.8649
vn -0.3984 -0.3510 0.8474
vn 0.8220 0.2712 -0.5007
vn -0.0949 0.4715 -0.8767
vn -0.4825 -0.3368 0.8086
vn 0.8748 0.2317 -0.4254
vn 0.0014 0.4743 -0.8804
vn -0.5626 -0.3195 0.7625
vn 0.9190 0.1903 -0.3452
vn -0.6377 -0.2992 0.7098
vn 0.9540 0.1474 -0.2610
vn -0.7074 -0.2759 0.6507
vn 0.9793 0.1036 -0.1736
vn -0.7711 -0.2497 0.5857
vn 0.9947 0.0596 -0.0842
vn -0.8281 -0.2207 0.5152
vn 0.9999 0.0158 0.0063
vn -0.8780 -0.1890 0.4397
vn 0.9949 -0.0272 0.0967
vn -0.9201 -0.1546 0.3598
vn 0.9802 -0.0687 0.1859
vn -0.9539 -0.1178 0.2762
vn 0.9559 -0.1085 0.2731
vn -0.9787 -0.0787 0.1895
vn 0.9226 -0.1461 0.3571
vn -0.9942 -0.0378 0.1005
vn 0.8808 -0.1812 0.4373
vn -0.9999 0.0046 0.0103
vn 0.8313 -0.2137 0.5131
vn -0.9956 0.0479 -0.0801
vn 0.7746 -0.2435 0.5837
vn -0.9812 0.0918 -0.1697
vn 0.7114 -0.2703 0.6488
vn -0.9567 0.1356 -0.2575
vn 0.6422 -0.2942 0.7078
vn -0.9225 0.1786 -0.3422
vn 0.5679 -0.3151 0.7604
vn -0.8789 0.2204 -0.4230
vn 0.4889 -0.3331 0.8063
vn -0.8266 0.2603 -0.4990
vn 0.6317 0.1089 -0.7675
vn 0.7071 -0.0121 -0.7070
vn 0.7046 0.1018 -0.7023
vn -0.5547 0.0822 -0.8280
vn 0.0976 -0.0993 0.9903
vn 0.0003 -0.1016 0.9948
vn 0.5529 0.1148 -0.8253
vn -0.4702 0.0919 -0.8778
vn -0.0970 -0.1042 0.9898
vn -0.3813 0.1005 -0.9190
vn -0.1926 -0.1061 0.9755
vn -0.2890 0.1081 -0.9512
vn -0.2871 -0.1071 0.9519
vn 0.7708 0.0937 -0.6302
vn -0.1940 0.1145 -0.9743
vn -0.3785 -0.1078 0.9193
vn 0.8297 0.0846 -0.5518
vn -0.0973 0.1196 -0.9880
vn -0.4663 -0.1076 0.8781
vn 0.8806 0.0746 -0.4680
vn 0.0002 0.1232 -0.9924
vn -0.5498 -0.1063 0.8285
vn 0.9230 0.0640 -0.3794
vn -0.6281 -0.1041 0.7711
vn 0.9565 0.0529 -0.2871
vn -0.7006 -0.1008 0.7064
vn 0.9806 0.0413 -0.1918
vn -0.7666 -0.0965 0.6349
vn 0.9951 0.0295 -0.0945
vn -0.8254 -0.0911 0.5572
vn 0.9998 0.0176 0.0037
vn -0.8764 -0.0846 0.4741
vn 0.9948 0.0057 0.1018
vn -0.9192 -0.0772 0.3863
vn 0.9800 -0.0059 0.1990
vn -0.9532 -0.0687 0.2945
vn 0.9556 -0.0173 0.2941
vn -0.9780 -0.0593 0.1998
vn 0.9220 -0.0282 0.3862
vn -0.9935 -0.0491 0.1029
vn 0.8794 -0.0385 0.4745
vn -0.9993 -0.0381 0.0048
vn 0.8284 -0.0482 0.5580
vn -0.9953 -0.0265 -0.0934
vn 0.7695 -0.0572 0.6361
vn -0.9815 -0.0144 -0.1909
vn 0.7033 -0.0654 0.7079
vn -0.9581 -0.0019 -0.2865
vn 0.6305 -0.0728 0.7728
vn -0.9252 0.0108 -0.3794
vn 0.5518 -0.0793 0.8302
vn -0.8832 0.0235 -0.4685
vn 0.4680 -0.0850 0.8797
vn 0.0976 0.1254 -0.9873
vn -0.8324 0.0361 -0.5529
vn 0.3798 -0.0898 0.9207
vn 0.1942 0.1260 -0.9728
vn -0.7736 0.0484 -0.6318
vn 0.2881 -0.0938 0.9530
vn 0.2887 0.1251 -0.9492
vn -0.7072 0.0603 -0.7044
vn 0.1938 -0.0969 0.9762
vn -0.6340 0.0716 -0.7700
vn 0.8315 -0.0055 -0.5555
vn 0.8818 -0.0085 -0.4716
vn 0.8819 -0.0024 -0.4714
vn -0.2905 -0.0461 -0.9558
vn -0.1951 -0.0053 0.9808
vn -0.2902 -0.0085 0.9569
vn 0.7730 -0.0088 -0.6343
vn -0.1953 -0.0438 -0.9798
vn -0.3825 -0.0119 0.9239
vn -0.0982 -0.0412 -0.9943
vn -0.4711 -0.0153 0.8819
vn -0.0002 -0.0385 -0.9993
vn -0.5551 -0.0187 0.8316
vn 0.9239 0.0005 -0.3827
vn -0.6338 -0.0221 0.7732
vn 0.9569 0.0033 -0.2903
vn -0.7064 -0.0255 0.7074
vn 0.9808 0.0059 -0.1951
vn -0.7722 -0.0289 0.6348
vn 0.9951 0.0082 -0.0981
vn -0.8305 -0.0321 0.5561
vn 0.9999 0.0102 -0.0001
vn -0.8808 -0.0352 0.4721
vn 0.9951 0.0120 0.0980
vn -0.9227 -0.0382 0.3835
vn 0.9807 0.0135 0.1950
vn -0.9557 -0.0410 0.2913
vn 0.9568 0.0146 0.2902
vn -0.9796 -0.0435 0.1963
vn 0.9238 0.0155 0.3827
vn -0.9940 -0.0459 0.0994
vn 0.8818 0.0160 0.4714
vn -0.9988 -0.0479 0.0015
vn 0.8313 0.0162 0.5556
vn -0.9941 -0.0497 -0.0963
vn 0.7728 0.0160 0.6344
vn -0.9798 -0.0512 -0.1933
vn 0.7069 0.0155 0.7072
vn -0.9561 -0.0524 -0.2884
vn 0.6342 0.0147 0.7731
vn -0.9231 -0.0532 -0.3808
vn 0.5553 0.0136 0.8315
vn -0.8813 -0.0538 -0.4694
vn 0.4711 0.0121 0.8820
vn 0.0978 -0.0355 -0.9946
vn -0.8310 -0.0540 -0.5536
vn 0.3824 0.0104 0.9239
vn 0.1949 -0.0324 -0.9803
vn -0.7727 -0.0538 -0.6325
vn 0.2900 0.0083 0.9570
vn 0.2902 -0.0292 -0.9565
vn -0.7069 -0.0533 -0.7053
vn 0.1948 0.0060 0.9808
vn 0.3826 -0.0258 -0.9236
vn -0.6343 -0.0525 -0.7713
vn 0.0978 0.0035 0.9952
vn 0.4713 -0.0224 -0.8817
vn -0.5556 -0.0514 -0.8299
vn -0.0002 0.0007 1.0000
vn 0.5555 -0.0190 -0.8313
vn -0.4715 -0.0499 -0.8805
vn -0.0982 -0.0022 0.9952
vn 0.6344 -0.0155 -0.7729
vn -0.3828 -0.0481 -0.9226
vn 0.9808 -0.0008 -0.1953
vn 0.9557 -0.0560 -0.2889
vn 0.9795 -0.0550 -0.1936
vn -0.0006 -0.0247 -0.9997
vn -0.4719 0.0255 0.8813
vn -0.5560 0.0240 0.8308
vn 0.9238 -0.0060 -0.3829
vn -0.6348 0.0222 0.7724
vn 0.9569 -0.0034 -0.2905
vn -0.7074 0.0203 0.7065
vn -0.7733 0.0182 0.6338
vn 0.9952 0.0019 -0.0982
vn -0.8317 0.0159 0.5551
vn 1.0000 0.0046 -0.0001
vn -0.8821 0.0135 0.4710
vn 0.9952 0.0072 0.0979
vn -0.9240 0.0110 0.3823
vn 0.9807 0.0099 0.1950
vn -0.9570 0.0084 0.2900
vn 0.9569 0.0124 0.2902
vn -0.9808 0.0058 0.1949
vn 0.9238 0.0148 0.3827
vn -0.9952 0.0031 0.0979
vn 0.8818 0.0172 0.4714
vn -1.0000 0.0004 -0.0000
vn 0.8313 0.0194 0.5556
vn -0.9952 -0.0022 -0.0979
vn 0.7727 0.0214 0.6344
vn -0.9808 -0.0048 -0.1949
vn 0.7068 0.0232 0.7071
vn -0.9570 -0.0074 -0.2900
vn 0.6340 0.0249 0.7729
vn -0.9240 -0.0098 -0.3823
vn 0.5551 0.0263 0.8314
vn -0.8821 -0.0122 -0.4710
vn 0.4709 0.0275 0.8818
vn 0.0974 -0.0244 -0.9949
vn -0.8317 -0.0144 -0.5551
vn 0.3821 0.0285 0.9237
vn 0.1945 -0.0238 -0.9806
vn -0.7733 -0.0164 -0.6339
vn 0.2897 0.0292 0.9567
vn 0.2897 -0.0230 -0.9568
vn -0.7074 -0.0182 -0.7065
vn 0.1945 0.0296 0.9805
vn 0.3821 -0.0219 -0.9238
vn -0.6348 -0.0199 -0.7724
vn 0.0974 0.0298 0.9948
vn 0.4709 -0.0205 -0.8819
vn -0.5560 -0.0213 -0.8309
vn -0.0006 0.0297 0.9996
vn 0.5551 -0.0190 -0.8316
vn -0.4719 -0.0225 -0.8814
vn -0.0987 0.0294 0.9947
vn 0.6340 -0.0172 -0.7731
vn -0.3832 -0.0234 -0.9234
vn -0.1957 0.0288 0.9802
vn 0.7068 -0.0153 -0.7073
vn -0.2909 -0.0242 -0.9565
vn -0.2909 0.0279 0.9564
vn 0.7727 -0.0132 -0.6346
vn -0.1957 -0.0246 -0.9804
vn -0.3832 0.0269 0.9233
vn 0.8313 -0.0109 -0.5558
vn -0.0987 -0.0248 -0.9948
vn 0.9893 -0.1055 0.1005
vn 0.9980 -0.0627 0.0020
vn 0.9932 -0.0604 0.0997
vn -0.7726 0.0681 0.6312
vn 0.9939 -0.0534 -0.0966
vn -0.8307 0.0695 0.5524
vn 0.9987 -0.0512 0.0014
vn -0.8808 0.0703 0.4682
vn 0.9939 -0.0484 0.0994
vn -0.9225 0.0705 0.3796
vn 0.9795 -0.0451 0.1964
vn -0.9552 0.0700 0.2874
vn 0.9557 -0.0413 0.2915
vn -0.9789 0.0690 0.1925
vn 0.9227 -0.0371 0.3838
vn -0.9931 0.0674 0.0957
vn 0.8807 -0.0324 0.4725
vn -0.9979 0.0652 -0.0020
vn 0.8303 -0.0273 0.5566
vn -0.9931 0.0624 -0.0996
vn 0.7719 -0.0219 0.6353
vn -0.9788 0.0591 -0.1963
vn 0.7060 -0.0162 0.7080
vn -0.9551 0.0554 -0.2912
vn 0.6333 -0.0103 0.7738
vn -0.9222 0.0511 -0.3832
vn 0.5545 -0.0042 0.8322
vn -0.8806 0.0465 -0.4716
vn 0.4703 0.0020 0.8825
vn -0.0012 -0.0181 -0.9998
vn 0.0968 -0.0237 -0.9950
vn -0.8304 0.0414 -0.5556
vn 0.3816 0.0082 0.9243
vn 0.1939 -0.0290 -0.9806
vn -0.7723 0.0361 -0.6342
vn 0.2892 0.0144 0.9572
vn 0.2891 -0.0340 -0.9567
vn -0.7068 0.0304 -0.7068
vn 0.1939 0.0206 0.9808
vn 0.3816 -0.0386 -0.9235
vn -0.6344 0.0245 -0.7726
vn 0.0968 0.0266 0.9949
vn 0.4703 -0.0427 -0.8815
vn -0.5559 0.0185 -0.8311
vn -0.0012 0.0325 0.9995
vn 0.5545 -0.0463 -0.8309
vn -0.4720 0.0123 -0.8815
vn -0.0992 0.0381 0.9943
vn 0.6334 -0.0494 -0.7723
vn -0.3835 0.0061 -0.9235
vn -0.1963 0.0434 0.9796
vn 0.7061 -0.0520 -0.7062
vn -0.2913 -0.0001 -0.9566
vn -0.2914 0.0483 0.9554
vn 0.7720 -0.0540 -0.6333
vn -0.1962 -0.0062 -0.9805
vn -0.3836 0.0529 0.9220
vn 0.8304 -0.0554 -0.5544
vn -0.0992 -0.0123 -0.9950
vn -0.4722 0.0569 0.8797
vn 0.8808 -0.0562 -0.4701
vn -0.5561 0.0605 0.8289
vn 0.9227 -0.0564 -0.3813
vn -0.6346 0.0636 0.7702
vn -0.7070 0.0662 0.7041
vn 0.9551 -0.0540 0.2912
vn 0.9239 0.0066 0.3825
vn 0.9223 -0.0501 0.3833
vn -0.8806 0.0838 0.4664
vn -0.9227 0.0567 0.3814
vn -0.9218 0.0864 0.3778
vn 0.9788 -0.0574 0.1964
vn 0.9750 -0.1025 0.1972
vn -0.9557 0.0566 0.2889
vn -0.9543 0.0881 0.2857
vn 0.9513 -0.0986 0.2921
vn -0.9795 0.0559 0.1937
vn -0.9776 0.0888 0.1910
vn 0.9185 -0.0939 0.3842
vn -0.9938 0.0547 0.0966
vn -0.9916 0.0886 0.0944
vn 0.8806 -0.0458 0.4717
vn 0.8768 -0.0883 0.4727
vn -0.9986 0.0528 -0.0014
vn -0.9962 0.0875 -0.0029
vn 0.8304 -0.0411 0.5556
vn 0.8267 -0.0821 0.5566
vn -0.9938 0.0504 -0.0993
vn -0.9913 0.0854 -0.1003
vn 0.7723 -0.0361 0.6343
vn 0.7686 -0.0751 0.6353
vn -0.9770 0.0824 -0.1966
vn -0.9794 0.0475 -0.1964
vn 0.7067 -0.0307 0.7068
vn 0.7030 -0.0675 0.7079
vn -0.9535 0.0786 -0.2911
vn -0.9556 0.0441 -0.2915
vn 0.6343 -0.0252 0.7727
vn 0.6306 -0.0593 0.7738
vn -0.9208 0.0739 -0.3829
vn -0.9225 0.0402 -0.3838
vn 0.5558 -0.0194 0.8311
vn 0.5521 -0.0506 0.8323
vn -0.8795 0.0684 -0.4710
vn -0.8806 0.0358 -0.4725
vn 0.4719 -0.0134 0.8815
vn 0.4681 -0.0416 0.8827
vn 0.0950 -0.0358 -0.9948
vn 0.0012 -0.0268 -0.9996
vn 0.0993 -0.0324 -0.9945
vn -0.8297 0.0621 -0.5548
vn -0.8302 0.0311 -0.5566
vn 0.3835 -0.0074 0.9235
vn 0.3795 -0.0322 0.9246
vn 0.1920 -0.0451 -0.9803
vn 0.1963 -0.0377 -0.9798
vn -0.7719 0.0551 -0.6333
vn -0.7718 0.0260 -0.6353
vn 0.2912 -0.0014 0.9566
vn 0.2872 -0.0226 0.9576
vn 0.2873 -0.0540 -0.9563
vn 0.2914 -0.0427 -0.9556
vn -0.7068 0.0476 -0.7058
vn -0.7060 0.0206 -0.7080
vn 0.1962 0.0046 0.9806
vn 0.1921 -0.0129 0.9813
vn 0.3797 -0.0625 -0.9230
vn 0.3837 -0.0473 -0.9222
vn -0.6348 0.0394 -0.7717
vn -0.6333 0.0149 -0.7738
vn 0.0992 0.0106 0.9950
vn 0.0950 -0.0032 0.9955
vn 0.4684 -0.0705 -0.8807
vn 0.4723 -0.0515 -0.8799
vn -0.5566 0.0308 -0.8302
vn -0.5545 0.0091 -0.8322
vn 0.0012 0.0163 0.9999
vn -0.0031 0.0065 1.0000
vn 0.5525 -0.0779 -0.8299
vn 0.5562 -0.0553 -0.8292
vn -0.4731 0.0218 -0.8808
vn -0.4703 0.0031 -0.8825
vn -0.0968 0.0219 0.9951
vn -0.1011 0.0160 0.9948
vn 0.6311 -0.0847 -0.7710
vn 0.6348 -0.0586 -0.7705
vn -0.3848 0.0124 -0.9229
vn -0.3816 -0.0029 -0.9243
vn -0.1939 0.0272 0.9807
vn -0.1981 0.0253 0.9799
vn 0.7036 -0.0907 -0.7047
vn 0.7072 -0.0613 -0.7043
vn -0.2928 0.0029 -0.9562
vn -0.2891 -0.0090 -0.9572
vn -0.2891 0.0323 0.9568
vn -0.2932 0.0342 0.9554
vn 0.7693 -0.0959 -0.6317
vn 0.7728 -0.0635 -0.6315
vn -0.1979 -0.0069 -0.9802
vn -0.1939 -0.0151 -0.9809
vn -0.3815 0.0369 0.9236
vn -0.3854 0.0427 0.9218
vn 0.8274 -0.1003 -0.5526
vn 0.8309 -0.0652 -0.5526
vn -0.1010 -0.0166 -0.9947
vn -0.0968 -0.0210 -0.9951
vn -0.4703 0.0412 0.8815
vn -0.4738 0.0507 0.8792
vn 0.8775 -0.1039 -0.4682
vn 0.8810 -0.0662 -0.4684
vn -0.0031 -0.0263 -0.9997
vn -0.5545 0.0450 0.8310
vn -0.5575 0.0581 0.8281
vn 0.9191 -0.1065 -0.3794
vn 0.9227 -0.0667 -0.3797
vn -0.6334 0.0483 0.7724
vn -0.6358 0.0648 0.7691
vn 0.9518 -0.1082 -0.2870
vn 0.9555 -0.0666 -0.2875
vn -0.7061 0.0511 0.7063
vn -0.7079 0.0708 0.7027
vn 0.9754 -0.1089 -0.1919
vn 0.9791 -0.0659 -0.1925
vn -0.7720 0.0533 0.6334
vn -0.7731 0.0760 0.6297
vn 0.9895 -0.1087 -0.0950
vn 0.9933 -0.0646 -0.0957
vn -0.8304 0.0550 0.5545
vn -0.8309 0.0803 0.5506
vn 0.9942 -0.1076 0.0027
vn -0.8808 0.0562 0.4702
vn 0.7731 0.0145 0.6341
vn 0.8314 0.0240 0.5552
vn 0.7729 0.0259 0.6340
vn -0.9952 0.0074 0.0979
vn 0.8820 0.0093 0.4712
vn -1.0000 0.0047 -0.0001
vn 0.8316 0.0119 0.5553
vn -0.9952 0.0019 -0.0981
vn -0.9808 -0.0010 -0.1952
vn 0.7073 0.0168 0.7067
vn -0.9569 -0.0038 -0.2904
vn 0.6346 0.0190 0.7726
vn -0.9238 -0.0066 -0.3828
vn 0.5558 0.0211 0.8310
vn -0.8818 -0.0093 -0.4715
vn 0.4717 0.0229 0.8815
vn 0.0004 -0.0285 -0.9996
vn 0.0984 -0.0288 -0.9947
vn -0.8314 -0.0119 -0.5556
vn 0.3830 0.0245 0.9234
vn 0.1955 -0.0288 -0.9803
vn -0.7729 -0.0145 -0.6344
vn 0.2906 0.0259 0.9565
vn 0.2907 -0.0286 -0.9564
vn -0.7069 -0.0168 -0.7071
vn 0.1955 0.0270 0.9803
vn 0.3831 -0.0281 -0.9233
vn -0.6342 -0.0191 -0.7730
vn 0.0984 0.0279 0.9948
vn 0.4717 -0.0273 -0.8813
vn -0.5553 -0.0211 -0.8314
vn 0.0004 0.0285 0.9996
vn 0.5559 -0.0263 -0.8308
vn -0.4711 -0.0229 -0.8818
vn -0.0976 0.0288 0.9948
vn 0.6347 -0.0250 -0.7724
vn -0.3823 -0.0245 -0.9237
vn -0.1947 0.0288 0.9804
vn 0.7073 -0.0234 -0.7065
vn -0.2899 -0.0259 -0.9567
vn -0.2899 0.0286 0.9566
vn 0.7732 -0.0217 -0.6338
vn -0.1947 -0.0270 -0.9805
vn -0.3823 0.0281 0.9236
vn 0.8316 -0.0197 -0.5550
vn -0.0976 -0.0279 -0.9948
vn -0.4710 0.0273 0.8817
vn 0.8820 -0.0175 -0.4709
vn -0.5553 0.0263 0.8313
vn 0.9240 -0.0152 -0.3822
vn -0.6341 0.0250 0.7728
vn 0.9570 -0.0127 -0.2899
vn -0.7069 0.0234 0.7070
vn 0.9808 -0.0101 -0.1947
vn -0.7728 0.0217 0.6343
vn 0.9952 -0.0074 -0.0977
vn -0.8313 0.0197 0.5555
vn 1.0000 -0.0047 0.0002
vn -0.8818 0.0175 0.4713
vn 0.9952 -0.0018 0.0981
vn -0.9238 0.0152 0.3826
vn 0.9808 0.0010 0.1951
vn -0.9569 0.0127 0.2902
vn 0.9569 0.0038 0.2902
vn -0.9807 0.0101 0.1950
vn 0.0256 -0.9948 0.0990
vn 0.0014 -0.9981 -0.0611
vn 0.0080 -0.9977 -0.0673
vn -0.9808 -0.0144 -0.1947
vn 0.7070 0.0275 0.7067
vn -0.9569 -0.0171 -0.2899
vn 0.6342 0.0289 0.7726
vn -0.9239 -0.0196 -0.3822
vn 0.5554 0.0299 0.8311
vn -0.8819 -0.0219 -0.4709
vn 0.4712 0.0307 0.8815
vn 0.0977 -0.0292 -0.9948
vn -0.8315 -0.0240 -0.5550
vn 0.3825 0.0312 0.9234
vn 0.1948 -0.0279 -0.9804
vn -0.7731 -0.0259 -0.6338
vn 0.2900 0.0314 0.9565
vn 0.2900 -0.0264 -0.9567
vn -0.7072 -0.0275 -0.7065
vn 0.1948 0.0313 0.9803
vn 0.3824 -0.0246 -0.9237
vn -0.6345 -0.0288 -0.7724
vn 0.0978 0.0309 0.9947
vn 0.4712 -0.0226 -0.8818
vn -0.5557 -0.0299 -0.8308
vn -0.0003 0.0302 0.9995
vn 0.5554 -0.0203 -0.8314
vn -0.4716 -0.0307 -0.8813
vn -0.0983 0.0292 0.9947
vn 0.6342 -0.0179 -0.7730
vn -0.3829 -0.0312 -0.9233
vn -0.1954 0.0279 0.9803
vn 0.7069 -0.0152 -0.7071
vn -0.2905 -0.0314 -0.9564
vn -0.2905 0.0264 0.9565
vn 0.7729 -0.0125 -0.6344
vn -0.1953 -0.0313 -0.9802
vn -0.3829 0.0246 0.9235
vn 0.8314 -0.0096 -0.5557
vn -0.0983 -0.0309 -0.9947
vn -0.4716 0.0225 0.8815
vn 0.8818 -0.0066 -0.4715
vn -0.0003 -0.0302 -0.9995
vn -0.5558 0.0203 0.8311
vn 0.9238 -0.0036 -0.3829
vn -0.6346 0.0178 0.7727
vn 0.9569 -0.0005 -0.2905
vn -0.7072 0.0152 0.7068
vn 0.9807 0.0026 -0.1953
vn -0.7731 0.0124 0.6341
vn 0.9951 0.0057 -0.0983
vn -0.8316 0.0096 0.5554
vn 1.0000 0.0087 -0.0003
vn -0.8820 0.0066 0.4712
vn 0.9951 0.0116 0.0977
vn -0.9239 0.0035 0.3826
vn 0.9807 0.0144 0.1948
vn -0.9569 0.0005 0.2903
vn 0.9569 0.0171 0.2899
vn -0.9808 -0.0026 0.1952
vn 0.9238 0.0196 0.3823
vn -0.9952 -0.0057 0.0982
vn 0.8818 0.0219 0.4710
vn -1.0000 -0.0087 0.0002
vn -0.9951 -0.0116 -0.0977
vn -0.2015 -0.9130 0.3546
vn -0.3357 -0.8286 0.4480
vn -0.2345 -0.9145 0.3296
vn 0.0549 -0.9912 -0.1206
vn 0.0150 -0.9993 0.0353
vn 0.0697 -0.9905 -0.1184
vn -0.0320 -0.9982 0.0508
vn 0.1096 -0.9924 -0.0564
vn 0.1163 -0.9921 -0.0479
vn 0.0174 -0.9952 0.0959
vn 0.0156 -0.9972 -0.0726
vn 0.0143 -0.9994 0.0319
vn 0.0843 -0.9899 -0.1141
vn 0.1218 -0.9918 -0.0386
vn -0.0350 -0.9983 0.0468
vn 0.0101 -0.9957 0.0922
vn 0.0241 -0.9968 -0.0769
vn 0.0139 -0.9995 0.0288
vn 0.0982 -0.9893 -0.1079
vn 0.1260 -0.9916 -0.0286
vn -0.0380 -0.9984 0.0428
vn 0.0136 -0.9996 0.0263
vn 0.1112 -0.9888 -0.0999
vn 0.1289 -0.9915 -0.0181
vn -0.0411 -0.9984 0.0385
vn 0.0133 -0.9996 0.0239
vn 0.1228 -0.9883 -0.0900
vn 0.1302 -0.9915 -0.0074
vn -0.0442 -0.9984 0.0339
vn 0.1333 -0.9880 -0.0784
vn 0.0133 -0.9997 0.0225
vn 0.1301 -0.9915 0.0033
vn -0.0473 -0.9985 0.0288
vn 0.1423 -0.9876 -0.0659
vn 0.0128 -0.9997 0.0212
vn 0.1286 -0.9916 0.0138
vn -0.0503 -0.9985 0.0231
vn 0.1495 -0.9874 -0.0524
vn 0.0120 -0.9997 0.0201
vn 0.1256 -0.9918 0.0238
vn -0.0532 -0.9984 0.0169
vn 0.1548 -0.9872 -0.0380
vn 0.0107 -0.9998 0.0192
vn 0.1214 -0.9921 0.0332
vn -0.0557 -0.9984 0.0099
vn 0.1581 -0.9872 -0.0232
vn 0.0091 -0.9998 0.0182
vn 0.1160 -0.9924 0.0417
vn -0.0578 -0.9983 0.0023
vn 0.1594 -0.9872 -0.0081
vn 0.0070 -0.9998 0.0170
vn 0.1095 -0.9928 0.0493
vn -0.0593 -0.9982 -0.0060
vn 0.1587 -0.9873 0.0068
vn 0.0046 -0.9999 0.0155
vn 0.1023 -0.9932 0.0557
vn -0.0600 -0.9981 -0.0149
vn 0.1560 -0.9875 0.0213
vn 0.0019 -0.9999 0.0136
vn 0.0944 -0.9937 0.0609
vn -0.0599 -0.9979 -0.0244
vn 0.1516 -0.9878 0.0351
vn -0.0010 -0.9999 0.0111
vn 0.0862 -0.9942 0.0649
vn -0.0587 -0.9977 -0.0344
vn 0.1455 -0.9882 0.0480
vn -0.0040 -1.0000 0.0080
vn 0.0777 -0.9947 0.0675
vn -0.0564 -0.9974 -0.0447
vn 0.1379 -0.9886 0.0597
vn -0.0069 -1.0000 0.0041
vn 0.0692 -0.9952 0.0690
vn -0.0527 -0.9971 -0.0552
vn 0.1292 -0.9891 0.0702
vn -0.0095 -1.0000 -0.0004
vn 0.0610 -0.9957 0.0692
vn -0.0477 -0.9967 -0.0657
vn 0.1194 -0.9897 0.0793
vn -0.0118 -0.9999 -0.0056
vn 0.0531 -0.9963 0.0682
vn -0.0412 -0.9963 -0.0759
vn 0.0035 -0.9961 0.0882
vn 0.0333 -0.9962 -0.0800
vn 0.1090 -0.9902 0.0869
vn -0.0135 -0.9998 -0.0116
vn 0.0458 -0.9967 0.0663
vn -0.0339 -0.9957 -0.0860
vn -0.0023 -0.9965 0.0840
vn 0.0431 -0.9957 -0.0819
vn 0.0980 -0.9908 0.0930
vn -0.0144 -0.9997 -0.0181
vn 0.0391 -0.9972 0.0636
vn -0.0243 -0.9951 -0.0957
vn -0.0075 -0.9968 0.0797
vn 0.0532 -0.9952 -0.0824
vn 0.0868 -0.9914 0.0975
vn -0.0145 -0.9996 -0.0250
vn 0.0332 -0.9976 0.0602
vn -0.0135 -0.9945 -0.1037
vn -0.0121 -0.9971 0.0754
vn 0.0635 -0.9946 -0.0815
vn 0.0756 -0.9921 0.1006
vn -0.0136 -0.9994 -0.0323
vn 0.0282 -0.9980 0.0563
vn -0.0014 -0.9939 -0.1103
vn -0.0161 -0.9973 0.0711
vn 0.0737 -0.9941 -0.0792
vn 0.0645 -0.9927 0.1023
vn -0.0115 -0.9991 -0.0398
vn 0.0240 -0.9984 0.0521
vn 0.0117 -0.9932 -0.1156
vn -0.0198 -0.9976 0.0669
vn 0.0836 -0.9936 -0.0754
vn 0.0545 -0.9932 0.1031
vn -0.0084 -0.9989 -0.0472
vn 0.0207 -0.9986 0.0477
vn 0.0256 -0.9926 -0.1191
vn -0.0231 -0.9978 0.0628
vn 0.0931 -0.9932 -0.0703
vn 0.0441 -0.9937 0.1031
vn -0.0040 -0.9985 -0.0544
vn 0.0181 -0.9989 0.0434
vn 0.0401 -0.9919 -0.1208
vn -0.0262 -0.9979 0.0588
vn 0.1018 -0.9928 -0.0640
vn 0.0345 -0.9942 0.1015
vn 0.0163 -0.9991 0.0392
vn -0.0291 -0.9981 0.0548
vn -0.5710 0.6930 0.4402
vn -0.4708 0.8340 0.2877
vn -0.6117 0.6912 0.3846
vn 0.4366 -0.8852 -0.1609
vn 0.5871 -0.7930 -0.1630
vn 0.4508 -0.8845 -0.1205
vn -0.2648 -0.9159 0.3015
vn -0.3773 -0.8304 0.4098
vn 0.6007 -0.7922 -0.1077
vn 0.4608 -0.8840 -0.0790
vn -0.2923 -0.9172 0.2707
vn -0.4151 -0.8321 0.3678
vn 0.6088 -0.7917 -0.0513
vn 0.4667 -0.8837 -0.0366
vn -0.3167 -0.9183 0.2374
vn -0.4486 -0.8336 0.3222
vn 0.6113 -0.7914 0.0057
vn 0.4683 -0.8835 0.0061
vn -0.3378 -0.9193 0.2019
vn -0.4774 -0.8350 0.2736
vn 0.6082 -0.7913 0.0626
vn 0.4657 -0.8836 0.0487
vn -0.3554 -0.9201 0.1646
vn -0.5014 -0.8361 0.2225
vn 0.5996 -0.7914 0.1189
vn 0.4589 -0.8838 0.0907
vn -0.3693 -0.9208 0.1257
vn -0.5203 -0.8370 0.1692
vn 0.5854 -0.7918 0.1740
vn 0.4480 -0.8843 0.1319
vn -0.3795 -0.9212 0.0856
vn -0.5339 -0.8378 0.1143
vn 0.5659 -0.7924 0.2275
vn 0.4330 -0.8849 0.1717
vn -0.3857 -0.9216 0.0447
vn -0.5421 -0.8383 0.0583
vn 0.5413 -0.7933 0.2788
vn 0.4142 -0.8857 0.2098
vn -0.3879 -0.9217 0.0033
vn -0.5448 -0.8386 0.0018
vn 0.5117 -0.7943 0.3275
vn 0.3918 -0.8866 0.2458
vn -0.3862 -0.9216 -0.0381
vn -0.5420 -0.8386 -0.0547
vn 0.4775 -0.7955 0.3729
vn 0.3659 -0.8877 0.2794
vn -0.3805 -0.9214 -0.0792
vn -0.5336 -0.8385 -0.1106
vn 0.4391 -0.7970 0.4148
vn 0.3369 -0.8890 0.3101
vn -0.3708 -0.9210 -0.1196
vn -0.5198 -0.8381 -0.1655
vn 0.3967 -0.7986 0.4527
vn 0.3051 -0.8904 0.3379
vn -0.3572 -0.9204 -0.1589
vn -0.5007 -0.8375 -0.2189
vn 0.3509 -0.8003 0.4862
vn 0.2708 -0.8919 0.3623
vn -0.3398 -0.9197 -0.1967
vn -0.4765 -0.8366 -0.2701
vn 0.3020 -0.8022 0.5150
vn 0.2342 -0.8935 0.3832
vn 0.0776 -0.9013 -0.4261
vn 0.0332 -0.8169 -0.5759
vn 0.0900 -0.8145 -0.5731
vn -0.3189 -0.9188 -0.2328
vn -0.4474 -0.8356 -0.3187
vn 0.2505 -0.8043 0.5389
vn 0.1959 -0.8952 0.4003
vn 0.1196 -0.8995 -0.4203
vn 0.1462 -0.8122 -0.5647
vn -0.2944 -0.9177 -0.2667
vn -0.4137 -0.8344 -0.3642
vn 0.1970 -0.8064 0.5576
vn 0.1562 -0.8969 0.4137
vn 0.1610 -0.8976 -0.4103
vn 0.2014 -0.8099 -0.5509
vn -0.2668 -0.9165 -0.2981
vn -0.3757 -0.8330 -0.4062
vn 0.1419 -0.8086 0.5710
vn 0.1154 -0.8987 0.4230
vn 0.2012 -0.8958 -0.3962
vn 0.2549 -0.8077 -0.5316
vn -0.2361 -0.9152 -0.3267
vn -0.3337 -0.8314 -0.4443
vn 0.0858 -0.8109 0.5789
vn 0.0740 -0.9006 0.4283
vn 0.2398 -0.8941 -0.3782
vn 0.3063 -0.8055 -0.5072
vn -0.2028 -0.9137 -0.3522
vn -0.2882 -0.8296 -0.4782
vn 0.0292 -0.8132 0.5813
vn 0.0323 -0.9025 0.4296
vn 0.2765 -0.8925 -0.3564
vn 0.3551 -0.8034 -0.4779
vn -0.1671 -0.9121 -0.3743
vn -0.2396 -0.8277 -0.5074
vn -0.0274 -0.8155 0.5781
vn -0.0092 -0.9043 0.4267
vn 0.3109 -0.8909 -0.3311
vn 0.4008 -0.8015 -0.4439
vn -0.1293 -0.9105 -0.3929
vn -0.1883 -0.8257 -0.5317
vn -0.0833 -0.8178 0.5694
vn -0.0502 -0.9062 0.4199
vn 0.3425 -0.8895 -0.3024
vn 0.4429 -0.7996 -0.4055
vn -0.0897 -0.9087 -0.4076
vn -0.1348 -0.8236 -0.5509
vn -0.1381 -0.8201 0.5553
vn -0.0903 -0.9080 0.4092
vn 0.3712 -0.8882 -0.2707
vn 0.4810 -0.7980 -0.3632
vn -0.0489 -0.9069 -0.4184
vn -0.0798 -0.8214 -0.5647
vn -0.1912 -0.8224 0.5359
vn -0.1291 -0.9097 0.3946
vn 0.3966 -0.8870 -0.2363
vn 0.5148 -0.7964 -0.3173
vn -0.0071 -0.9051 -0.4252
vn -0.0236 -0.8192 -0.5731
vn -0.2422 -0.8245 0.5114
vn -0.1663 -0.9114 0.3763
vn 0.4185 -0.8860 -0.1996
vn 0.5439 -0.7951 -0.2683
vn 0.0351 -0.9032 -0.4278
vn -0.2905 -0.8266 0.4820
vn 0.5681 -0.7939 -0.2167
vn -0.3229 0.8406 0.4348
vn -0.2012 0.9552 0.2170
vn -0.3653 0.8387 0.4038
vn 0.6494 0.7604 -0.0014
vn 0.4638 0.8842 -0.0553
vn 0.4673 0.8841 -0.0070
vn -0.4975 0.8329 0.2425
vn -0.6468 0.6898 0.3253
vn 0.6467 0.7599 0.0651
vn 0.4661 0.8837 0.0415
vn -0.5194 0.8320 0.1949
vn -0.6757 0.6887 0.2628
vn 0.6435 0.7591 0.0980
vn 0.4632 0.8838 0.0651
vn -0.5363 0.8314 0.1453
vn -0.6983 0.6880 0.1978
vn 0.6222 0.7579 0.1960
vn 0.4573 0.8819 0.1147
vn 0.4501 0.8823 0.1377
vn -0.5481 0.8311 0.0943
vn -0.7142 0.6876 0.1308
vn 0.6006 0.7564 0.2592
vn 0.4352 0.8812 0.1844
vn -0.5546 0.8310 0.0425
vn -0.7234 0.6875 0.0627
vn 0.5728 0.7546 0.3201
vn 0.4159 0.8800 0.2296
vn -0.5558 0.8313 -0.0097
vn -0.7258 0.6879 -0.0059
vn 0.5393 0.7525 0.3781
vn 0.3922 0.8785 0.2730
vn -0.5517 0.8317 -0.0615
vn -0.7213 0.6886 -0.0744
vn 0.5002 0.7501 0.4327
vn 0.3643 0.8768 0.3140
vn -0.5499 0.8307 -0.0872
vn -0.7170 0.6886 -0.1080
vn 0.4558 0.7474 0.4833
vn 0.3324 0.8749 0.3522
vn -0.7025 0.6898 -0.1754
vn -0.5282 0.8335 -0.1622
vn -0.6923 0.6910 -0.2080
vn 0.4067 0.7446 0.5294
vn 0.2968 0.8728 0.3874
vn -0.5090 0.8347 -0.2100
vn -0.6681 0.6927 -0.2718
vn 0.3532 0.7415 0.5705
vn 0.2578 0.8706 0.4190
vn -0.4853 0.8362 -0.2555
vn -0.6377 0.6947 -0.3329
vn 0.2958 0.7382 0.6063
vn 0.2156 0.8683 0.4467
vn -0.0252 0.7291 -0.6840
vn 0.0236 0.8639 -0.5031
vn 0.0412 0.7325 -0.6795
vn -0.4572 0.8379 -0.2983
vn -0.6015 0.6970 -0.3905
vn 0.2350 0.7348 0.6362
vn 0.1708 0.8659 0.4702
vn 0.0715 0.8664 -0.4943
vn 0.1069 0.7359 -0.6686
vn -0.4251 0.8397 -0.3378
vn -0.5599 0.6995 -0.4441
vn 0.1715 0.7313 0.6601
vn 0.1236 0.8633 0.4893
vn 0.1182 0.8687 -0.4810
vn 0.1711 0.7391 -0.6515
vn -0.3894 0.8418 -0.3739
vn -0.5133 0.7023 -0.4933
vn 0.1058 0.7277 0.6776
vn 0.0746 0.8607 0.5036
vn 0.1633 0.8710 -0.4634
vn 0.2333 0.7422 -0.6282
vn -0.3505 0.8439 -0.4060
vn -0.4622 0.7052 -0.5376
vn 0.0386 0.7241 0.6886
vn 0.0242 0.8581 0.5129
vn 0.2064 0.8731 -0.4417
vn 0.2929 0.7452 -0.5991
vn -0.3089 0.8463 -0.4341
vn -0.4071 0.7084 -0.5766
vn -0.0295 0.7205 0.6929
vn -0.0271 0.8554 0.5172
vn 0.2473 0.8751 -0.4160
vn 0.3494 0.7479 -0.5644
vn -0.2648 0.8487 -0.4579
vn -0.3486 0.7116 -0.6100
vn -0.0978 0.7169 0.6903
vn -0.0787 0.8528 0.5163
vn 0.2855 0.8769 -0.3867
vn 0.4023 0.7504 -0.5244
vn -0.2188 0.8512 -0.4771
vn -0.2872 0.7150 -0.6374
vn -0.1655 0.7133 0.6810
vn -0.1301 0.8502 0.5101
vn 0.3207 0.8786 -0.3540
vn 0.4510 0.7527 -0.4796
vn -0.1714 0.8537 -0.4917
vn -0.2235 0.7185 -0.6586
vn -0.2321 0.7099 0.6650
vn -0.1807 0.8477 0.4988
vn 0.3527 0.8800 -0.3181
vn 0.4953 0.7547 -0.4303
vn -0.1230 0.8563 -0.5017
vn -0.1583 0.7220 -0.6735
vn -0.2969 0.7066 0.6424
vn -0.2301 0.8452 0.4823
vn 0.3813 0.8812 -0.2794
vn 0.5346 0.7564 -0.3769
vn -0.0741 0.8589 -0.5068
vn -0.0920 0.7256 -0.6820
vn -0.3592 0.7034 0.6134
vn -0.2776 0.8428 0.4611
vn 0.5685 0.7579 -0.3200
vn 0.4060 0.8823 -0.2382
vn -0.0251 0.8614 -0.5073
vn -0.4182 0.7003 0.5785
vn 0.5968 0.7591 -0.2601
vn 0.4268 0.8831 -0.1948
vn -0.4738 0.6975 0.5376
vn 0.6192 0.7599 -0.1977
vn 0.4435 0.8837 -0.1496
vn -0.4044 0.8370 0.3688
vn -0.5248 0.6951 0.4913
vn 0.6356 0.7604 -0.1334
vn 0.4558 0.8841 -0.1030
vn -0.4396 0.8354 0.3300
vn 0.6457 0.7606 -0.0677
vn -0.2459 0.9535 0.1740
vn -0.1197 0.9915 0.0512
vn -0.2646 0.9527 0.1491
vn 0.2608 0.9646 0.0386
vn 0.2583 0.9647 0.0512
vn -0.2247 0.9544 0.1967
vn 0.2516 0.9648 0.0771
vn 0.2423 0.9648 0.1026
vn 0.2306 0.9647 0.1273
vn -0.2806 0.9520 0.1224
vn 0.2165 0.9645 0.1510
vn -0.2936 0.9513 0.0942
vn 0.2000 0.9643 0.1734
vn -0.3034 0.9507 0.0647
vn 0.1811 0.9641 0.1944
vn -0.3101 0.9501 0.0344
vn 0.1601 0.9637 0.2136
vn -0.3135 0.9496 0.0037
vn 0.1371 0.9633 0.2307
vn 0.0256 0.9547 -0.2964
vn -0.3136 0.9492 -0.0271
vn 0.1122 0.9629 0.2456
vn 0.0515 0.9555 -0.2904
vn -0.3105 0.9488 -0.0576
vn 0.0857 0.9623 0.2580
vn 0.0764 0.9563 -0.2822
vn -0.3083 0.9485 -0.0723
vn 0.0578 0.9618 0.2678
vn 0.1003 0.9571 -0.2717
vn -0.5347 0.8337 -0.1378
vn -0.2948 0.9484 -0.1163
vn 0.0289 0.9611 0.2746
vn 0.1231 0.9579 -0.2593
vn -0.2826 0.9484 -0.1438
vn -0.0008 0.9604 0.2785
vn 0.1445 0.9587 -0.2450
vn -0.2677 0.9484 -0.1697
vn -0.0310 0.9597 0.2792
vn 0.1644 0.9595 -0.2289
vn -0.2503 0.9486 -0.1938
vn -0.0613 0.9590 0.2768
vn 0.1828 0.9602 -0.2111
vn -0.2308 0.9488 -0.2158
vn -0.0913 0.9582 0.2712
vn 0.1995 0.9609 -0.1919
vn -0.2092 0.9491 -0.2355
vn -0.1207 0.9574 0.2623
vn 0.2145 0.9616 -0.1713
vn -0.1860 0.9495 -0.2528
vn -0.1485 0.9568 0.2501
vn 0.2278 0.9621 -0.1497
vn -0.1614 0.9499 -0.2675
vn -0.1757 0.9561 0.2345
vn 0.2392 0.9626 -0.1269
vn -0.1358 0.9505 -0.2796
vn 0.2486 0.9631 -0.1031
vn -0.1093 0.9511 -0.2890
vn 0.2559 0.9635 -0.0785
vn -0.0823 0.9517 -0.2957
vn 0.2610 0.9639 -0.0532
vn -0.0551 0.9524 -0.2998
vn 0.2639 0.9642 -0.0274
vn -0.0278 0.9532 -0.3012
vn 0.2644 0.9644 -0.0013
vn -0.0009 0.9539 -0.3001
vn 0.2643 0.9644 0.0112
vn -0.0279 0.9933 0.1125
vn 0.1414 0.9900 -0.0008
vn 0.0280 0.9850 -0.1700
vn 0.1494 0.9878 -0.0430
vn 0.1434 0.9892 -0.0288
vn -0.1271 0.9911 0.0386
vn 0.1464 0.9891 -0.0145
vn -0.1332 0.9907 0.0263
vn -0.1440 0.9895 0.0124
vn 0.1439 0.9895 0.0125
vn -0.1414 0.9899 -0.0007
vn 0.1332 0.9907 0.0264
vn -0.1464 0.9891 -0.0144
vn 0.1271 0.9911 0.0386
vn -0.1434 0.9892 -0.0288
vn 0.1194 0.9915 0.0511
vn -0.1494 0.9878 -0.0430
vn 0.1082 0.9922 0.0622
vn -0.1413 0.9883 -0.0568
vn 0.1017 0.9921 0.0733
vn -0.1349 0.9884 -0.0704
vn 0.0944 0.9920 0.0835
vn -0.1330 0.9876 -0.0837
vn 0.0802 0.9926 0.0910
vn -0.1270 0.9871 -0.0972
vn 0.0680 0.9928 0.0990
vn 0.0140 0.9847 -0.1735
vn -0.1197 0.9868 -0.1087
vn 0.0554 0.9930 0.1043
vn -0.1174 0.9858 -0.1204
vn 0.0393 0.9933 0.1090
vn 0.0408 0.9849 -0.1683
vn -0.1019 0.9862 -0.1304
vn 0.0281 0.9932 0.1125
vn 0.0545 0.9854 -0.1614
vn -0.0899 0.9858 -0.1421
vn 0.0142 0.9933 0.1151
vn 0.0678 0.9856 -0.1549
vn -0.0799 0.9857 -0.1485
vn -0.0000 0.9934 0.1149
vn 0.0797 0.9857 -0.1485
vn -0.0678 0.9856 -0.1550
vn -0.0140 0.9933 0.1151
vn 0.0897 0.9858 -0.1421
vn -0.0545 0.9854 -0.1614
vn 0.1018 0.9862 -0.1304
vn -0.0408 0.9849 -0.1684
vn -0.0394 0.9932 0.1091
vn 0.1160 0.9859 -0.1204
vn -0.0281 0.9850 -0.1701
vn -0.0555 0.9930 0.1043
vn 0.1199 0.9868 -0.1088
vn -0.0142 0.9847 -0.1735
vn -0.0680 0.9928 0.0991
vn 0.1270 0.9871 -0.0972
vn -0.0000 0.9851 -0.1722
vn -0.0801 0.9926 0.0909
vn 0.1330 0.9876 -0.0837
vn -0.0944 0.9920 0.0835
vn 0.1348 0.9884 -0.0704
vn -0.1017 0.9921 0.0733
vn 0.1411 0.9884 -0.0568
vn -0.1083 0.9922 0.0622
vn 0.1595 -0.9862 -0.0440
vn 0.1540 -0.9865 -0.0565
vn 0.2110 -0.9752 -0.0661
vn 0.2032 -0.9756 -0.0832
vn -0.0161 -0.9967 0.0793
vn -0.0096 -0.9963 0.0849
vn -0.0513 -0.9896 0.1344
vn -0.0388 -0.9889 0.1431
vn 0.0193 -0.9932 -0.1148
vn 0.0314 -0.9926 -0.1177
vn 0.0174 -0.9847 -0.1735
vn 0.0351 -0.9838 -0.1759
vn 0.1470 -0.9868 -0.0682
vn 0.1937 -0.9760 -0.0993
vn -0.0026 -0.9959 0.0900
vn -0.0255 -0.9883 0.1506
vn 0.0077 -0.9938 -0.1106
vn 0.0002 -0.9856 -0.1693
vn 0.1388 -0.9872 -0.0790
vn 0.1825 -0.9766 -0.1143
vn 0.0049 -0.9955 0.0947
vn -0.0115 -0.9875 0.1570
vn -0.0031 -0.9944 -0.1052
vn -0.0163 -0.9864 -0.1633
vn 0.1293 -0.9876 -0.0888
vn 0.1697 -0.9772 -0.1280
vn 0.0130 -0.9950 0.0989
vn 0.0032 -0.9868 0.1622
vn -0.0131 -0.9950 -0.0988
vn -0.0320 -0.9873 -0.1558
vn 0.1188 -0.9881 -0.0974
vn 0.1556 -0.9778 -0.1402
vn 0.0217 -0.9945 0.1025
vn 0.0184 -0.9860 0.1660
vn -0.0222 -0.9956 -0.0915
vn -0.0467 -0.9881 -0.1468
vn 0.1074 -0.9887 -0.1047
vn 0.1403 -0.9786 -0.1508
vn 0.0309 -0.9939 0.1054
vn 0.0341 -0.9851 0.1685
vn -0.0302 -0.9961 -0.0835
vn -0.0603 -0.9888 -0.1365
vn 0.0954 -0.9893 -0.1106
vn 0.1239 -0.9794 -0.1597
vn 0.0406 -0.9934 0.1075
vn 0.0501 -0.9843 0.1694
vn -0.0372 -0.9965 -0.0748
vn -0.0726 -0.9895 -0.1251
vn 0.0828 -0.9899 -0.1150
vn 0.1069 -0.9802 -0.1667
vn 0.0507 -0.9928 0.1087
vn 0.0664 -0.9834 0.1689
vn -0.0431 -0.9969 -0.0657
vn -0.0836 -0.9901 -0.1126
vn 0.0699 -0.9906 -0.1180
vn 0.0892 -0.9811 -0.1719
vn 0.0612 -0.9922 0.1090
vn 0.0826 -0.9825 0.1668
vn -0.0479 -0.9973 -0.0563
vn -0.0933 -0.9907 -0.0992
vn 0.0570 -0.9912 -0.1193
vn 0.0712 -0.9820 -0.1752
vn 0.0719 -0.9915 0.1081
vn 0.0988 -0.9817 0.1630
vn -0.0517 -0.9976 -0.0468
vn -0.1015 -0.9912 -0.0851
vn 0.0441 -0.9919 -0.1192
vn 0.0531 -0.9829 -0.1765
vn 0.0827 -0.9909 0.1062
vn 0.1147 -0.9808 0.1576
vn -0.0544 -0.9978 -0.0371
vn -0.1083 -0.9916 -0.0705
vn 0.0936 -0.9903 0.1030
vn 0.1302 -0.9800 0.1506
vn -0.0563 -0.9980 -0.0276
vn -0.1136 -0.9920 -0.0555
vn 0.1042 -0.9897 0.0986
vn 0.1451 -0.9792 0.1420
vn -0.0572 -0.9982 -0.0181
vn -0.1175 -0.9923 -0.0402
vn 0.1146 -0.9891 0.0929
vn 0.1591 -0.9784 0.1319
vn -0.0573 -0.9983 -0.0089
vn -0.1200 -0.9925 -0.0247
vn 0.1244 -0.9885 0.0860
vn 0.1722 -0.9777 0.1202
vn -0.0567 -0.9984 0.0001
vn -0.1210 -0.9926 -0.0093
vn 0.1336 -0.9880 0.0779
vn 0.1841 -0.9771 0.1071
vn -0.0555 -0.9984 0.0087
vn -0.1207 -0.9927 0.0061
vn 0.1420 -0.9875 0.0686
vn 0.1947 -0.9765 0.0927
vn -0.0536 -0.9984 0.0171
vn -0.1190 -0.9927 0.0212
vn 0.1494 -0.9871 0.0583
vn 0.2038 -0.9760 0.0772
vn -0.0512 -0.9984 0.0252
vn -0.1160 -0.9926 0.0361
vn 0.1557 -0.9867 0.0471
vn 0.2113 -0.9755 0.0607
vn -0.0483 -0.9983 0.0329
vn -0.1118 -0.9924 0.0505
vn 0.1607 -0.9864 0.0350
vn 0.2170 -0.9752 0.0433
vn -0.0450 -0.9982 0.0403
vn -0.1064 -0.9922 0.0645
vn 0.1643 -0.9862 0.0224
vn 0.2209 -0.9750 0.0254
vn -0.0412 -0.9980 0.0475
vn -0.0998 -0.9919 0.0780
vn 0.1664 -0.9860 0.0092
vn 0.2229 -0.9748 0.0070
vn -0.0370 -0.9978 0.0544
vn -0.0921 -0.9916 0.0908
vn 0.1671 -0.9859 -0.0042
vn 0.2229 -0.9748 -0.0116
vn -0.0324 -0.9976 0.0610
vn -0.0834 -0.9912 0.1029
vn 0.1661 -0.9859 -0.0176
vn 0.2209 -0.9748 -0.0301
vn -0.0276 -0.9974 0.0672
vn -0.0738 -0.9907 0.1142
vn 0.1636 -0.9860 -0.0310
vn 0.2169 -0.9750 -0.0483
vn -0.0221 -0.9971 0.0735
vn -0.0630 -0.9902 0.1248
vn -0.2744 -0.9134 0.3007
vn -0.2065 -0.9583 0.1975
vn -0.3006 -0.9139 0.2730
vn -0.1884 -0.9579 0.2165
vn 0.1097 -0.9355 -0.3360
vn 0.0595 -0.9616 -0.2680
vn 0.0884 -0.9611 -0.2615
vn 0.1435 -0.9163 0.3740
vn 0.0787 -0.9553 0.2850
vn 0.1090 -0.9155 0.3873
vn 0.1040 -0.9552 0.2772
vn -0.2457 -0.9131 0.3255
vn -0.1686 -0.9576 0.2337
vn 0.0738 -0.9353 -0.3460
vn 0.0302 -0.9620 -0.2715
vn 0.1764 -0.9171 0.3575
vn 0.1296 -0.9549 0.2673
vn -0.2147 -0.9128 0.3474
vn -0.1474 -0.9572 0.2489
vn 0.0370 -0.9351 -0.3525
vn 0.0008 -0.9623 -0.2718
vn 0.2076 -0.9180 0.3380
vn -0.1818 -0.9127 0.3660
vn -0.1248 -0.9569 0.2621
vn -0.0004 -0.9347 -0.3554
vn -0.0284 -0.9627 -0.2692
vn 0.2366 -0.9189 0.3156
vn 0.1532 -0.9546 0.2557
vn -0.1473 -0.9127 0.3812
vn -0.1012 -0.9567 0.2731
vn -0.0380 -0.9343 -0.3546
vn -0.0571 -0.9630 -0.2635
vn 0.2633 -0.9199 0.2905
vn 0.1758 -0.9545 0.2408
vn -0.1115 -0.9128 0.3930
vn -0.0766 -0.9564 0.2819
vn -0.0754 -0.9337 -0.3501
vn -0.0849 -0.9632 -0.2551
vn 0.2874 -0.9210 0.2631
vn 0.1971 -0.9545 0.2238
vn -0.0748 -0.9130 0.4011
vn -0.0514 -0.9562 0.2883
vn -0.1123 -0.9330 -0.3418
vn -0.1126 -0.9631 -0.2443
vn 0.3088 -0.9220 0.2334
vn 0.2168 -0.9545 0.2047
vn -0.0377 -0.9133 0.4056
vn -0.0255 -0.9559 0.2925
vn -0.1482 -0.9323 -0.3300
vn -0.1377 -0.9630 -0.2316
vn 0.3272 -0.9231 0.2020
vn 0.2346 -0.9546 0.1837
vn -0.0004 -0.9137 0.4064
vn 0.0006 -0.9557 0.2942
vn -0.1829 -0.9314 -0.3146
vn -0.1615 -0.9631 -0.2153
vn 0.3425 -0.9242 0.1689
vn 0.2505 -0.9547 0.1608
vn -0.2160 -0.9305 -0.2958
vn -0.1834 -0.9631 -0.1969
vn 0.3546 -0.9253 0.1346
vn 0.2642 -0.9548 0.1364
vn -0.2471 -0.9295 -0.2737
vn -0.2032 -0.9631 -0.1765
vn 0.3633 -0.9263 0.0993
vn 0.2754 -0.9549 0.1106
vn -0.2758 -0.9285 -0.2486
vn -0.2209 -0.9630 -0.1544
vn 0.3687 -0.9274 0.0633
vn 0.2841 -0.9551 0.0836
vn -0.3020 -0.9274 -0.2207
vn -0.2362 -0.9629 -0.1308
vn 0.2933 -0.9556 0.0272
vn 0.2901 -0.9554 0.0557
vn -0.3252 -0.9263 -0.1902
vn -0.2490 -0.9627 -0.1060
vn 0.3705 -0.9284 0.0270
vn 0.2936 -0.9559 -0.0016
vn -0.3453 -0.9252 -0.1576
vn -0.2593 -0.9625 -0.0802
vn 0.3689 -0.9294 -0.0094
vn 0.2909 -0.9563 -0.0305
vn -0.3620 -0.9240 -0.1230
vn -0.2671 -0.9622 -0.0537
vn 0.3638 -0.9304 -0.0455
vn 0.2853 -0.9566 -0.0591
vn -0.3752 -0.9229 -0.0869
vn -0.2722 -0.9619 -0.0268
vn 0.3553 -0.9312 -0.0809
vn 0.2766 -0.9570 -0.0871
vn -0.3846 -0.9217 -0.0497
vn -0.2748 -0.9615 0.0004
vn 0.3434 -0.9321 -0.1154
vn 0.2651 -0.9574 -0.1141
vn -0.3921 -0.9195 0.0267
vn -0.3903 -0.9206 -0.0117
vn -0.2747 -0.9611 0.0275
vn 0.3283 -0.9328 -0.1487
vn 0.2508 -0.9579 -0.1399
vn -0.3900 -0.9185 0.0651
vn -0.2720 -0.9607 0.0544
vn 0.3100 -0.9335 -0.1804
vn 0.2339 -0.9583 -0.1641
vn -0.3841 -0.9175 0.1030
vn -0.2669 -0.9603 0.0807
vn 0.2887 -0.9341 -0.2102
vn 0.2144 -0.9588 -0.1864
vn -0.3744 -0.9166 0.1401
vn -0.2593 -0.9599 0.1064
vn 0.2646 -0.9345 -0.2379
vn 0.1927 -0.9593 -0.2066
vn -0.3610 -0.9158 0.1760
vn -0.2493 -0.9595 0.1311
vn 0.2379 -0.9349 -0.2633
vn 0.1689 -0.9598 -0.2244
vn -0.3441 -0.9151 0.2104
vn -0.2371 -0.9591 0.1546
vn 0.2088 -0.9352 -0.2860
vn 0.1434 -0.9602 -0.2396
vn 0.0367 -0.9142 0.4036
vn 0.0268 -0.9556 0.2936
vn -0.3239 -0.9144 0.2428
vn -0.2228 -0.9587 0.1768
vn 0.1775 -0.9354 -0.3058
vn 0.1164 -0.9607 -0.2520
vn 0.0733 -0.9148 0.3972
vn 0.0529 -0.9554 0.2905
vn 0.1444 -0.9355 -0.3225
vn -0.8788 0.0865 0.4693
vn -0.3709 0.7992 -0.4729
vn -0.4198 0.7983 -0.4318
vn -0.4156 0.7976 -0.4371
vn 0.9895 -0.1097 -0.0938
vn 0.9942 -0.1079 0.0033
vn 0.1253 -0.9921 -0.0068
vn 0.3699 -0.9286 -0.0299
vn 0.1344 -0.9909 0.0042
vn -0.8285 0.0835 0.5537
vn -0.3447 0.8537 0.3904
vn -0.3957 0.8481 0.3524
vn -0.3520 0.8539 0.3833
vn 0.9755 -0.1105 -0.1901
vn 0.1021 -0.9831 0.1522
vn 0.2823 -0.9110 0.3006
vn 0.2552 -0.9109 0.3243
vn -0.7702 0.0796 0.6328
vn 0.4157 0.9040 0.0996
vn 0.4089 0.9043 0.1228
vn 0.4227 0.9027 0.0802
vn 0.9523 -0.1104 -0.2847
vn 0.0565 -0.9978 -0.0359
vn 0.2564 -0.9459 -0.1989
vn 0.0680 -0.9971 -0.0354
vn -0.7044 0.0748 0.7058
vn 0.0891 0.8962 0.4347
vn 0.0412 0.8932 0.4478
vn 0.0879 0.8965 0.4343
vn 0.9199 -0.1093 -0.3766
vn -0.0241 -0.9995 0.0226
vn -0.2628 -0.9628 -0.0634
vn -0.0212 -0.9996 0.0210
vn -0.6318 0.0692 0.7721
vn 0.4323 0.8873 -0.1606
vn 0.4347 0.8893 -0.1422
vn 0.4239 0.8862 -0.1871
vn 0.8788 -0.1072 -0.4650
vn -0.0049 -1.0000 -0.0020
vn -0.0169 -0.9642 -0.2647
vn -0.0020 -1.0000 -0.0064
vn -0.5530 0.0627 0.8308
vn -0.5725 0.8151 0.0885
vn -0.5844 0.8111 0.0257
vn -0.5732 0.8154 0.0806
vn -0.0950 -0.0237 -0.9952
vn 0.0031 -0.0335 -0.9994
vn -0.0440 -0.9982 0.0411
vn -0.2776 -0.9500 0.1432
vn -0.2839 -0.9521 0.1137
vn 0.8292 -0.1043 -0.5491
vn 0.2358 0.8495 -0.4720
vn 0.1676 0.8449 -0.5079
vn 0.1936 0.8443 -0.4996
vn -0.4687 0.0556 0.8816
vn 0.3778 -0.9259 0.0045
vn 0.1419 -0.9897 0.0167
vn -0.1922 -0.0139 -0.9813
vn -0.3891 0.8478 0.3603
vn -0.4363 0.8422 0.3167
vn 0.7717 -0.1005 -0.6280
vn -0.0462 -0.9917 0.1199
vn -0.1047 -0.9270 0.3603
vn -0.1334 -0.9295 0.3439
vn -0.3799 0.0479 0.9238
vn 0.4009 0.9054 0.1398
vn 0.3913 0.9055 0.1642
vn -0.2875 -0.0040 -0.9578
vn 0.2818 -0.9431 -0.1767
vn 0.0799 -0.9962 -0.0333
vn 0.7067 -0.0957 -0.7010
vn -0.3229 0.8014 -0.5034
vn -0.3770 0.8000 -0.4667
vn -0.2874 0.0395 0.9570
vn -0.2502 -0.9640 -0.0903
vn -0.0187 -0.9996 0.0196
vn -0.3799 0.0058 -0.9250
vn 0.4375 0.8919 -0.1145
vn 0.4402 0.8926 -0.0974
vn 0.6348 -0.0902 -0.7674
vn 0.0886 -0.9832 0.1598
vn 0.2259 -0.9111 0.3449
vn -0.1921 0.0307 0.9809
vn -0.5845 0.8108 0.0326
vn -0.5895 0.8072 -0.0304
vn -0.4687 0.0155 -0.8832
vn -0.2877 -0.9541 0.0832
vn -0.0385 -0.9987 0.0343
vn 0.5568 -0.0839 -0.8264
vn 0.0440 0.8929 0.4482
vn -0.0071 0.8895 0.4570
vn -0.0950 0.0215 0.9952
vn 0.3821 -0.9233 0.0398
vn 0.1476 -0.9886 0.0304
vn -0.5529 0.0249 -0.8329
vn -0.4305 0.8419 0.3253
vn -0.4732 0.8364 0.2766
vn 0.4732 -0.0768 -0.8776
vn 0.0138 -0.9630 -0.2693
vn 0.0016 -0.9999 -0.0112
vn 0.0031 0.0120 0.9999
vn 0.3829 0.9063 0.1787
vn 0.3702 0.9063 0.2040
vn -0.6316 0.0340 -0.7745
vn 0.3050 -0.9402 -0.1517
vn 0.0919 -0.9953 -0.0295
vn 0.3850 -0.0692 -0.9203
vn 0.2745 0.8546 -0.4407
vn 0.2098 0.8501 -0.4831
vn 0.1010 0.0023 0.9949
vn -0.2352 -0.9650 -0.1160
vn -0.0166 -0.9997 0.0183
vn -0.7043 0.0426 -0.7087
vn 0.4404 0.8950 -0.0707
vn 0.4416 0.8957 -0.0525
vn 0.2930 -0.0609 -0.9542
vn -0.0513 -0.9927 0.1095
vn -0.1601 -0.9321 0.3250
vn 0.1979 -0.0076 0.9802
vn -0.5901 0.8069 -0.0245
vn -0.5884 0.8039 -0.0868
vn -0.7700 0.0507 -0.6360
vn -0.2880 -0.9562 0.0529
vn -0.0347 -0.9989 0.0304
vn 0.1980 -0.0521 -0.9788
vn -0.2722 0.8042 -0.5284
vn -0.3310 0.8023 -0.4967
vn 0.2927 -0.0174 0.9560
vn 0.3825 -0.9209 0.0755
vn 0.1512 -0.9875 0.0450
vn -0.8283 0.0582 -0.5572
vn -0.4684 0.8361 0.2855
vn -0.5058 0.8308 0.2324
vn 0.1011 -0.0430 -0.9940
vn 0.0742 -0.9835 0.1652
vn 0.1947 -0.9115 0.3622
vn 0.3846 -0.0272 0.9227
vn 0.3617 0.9069 0.2161
vn 0.3457 0.9066 0.2420
vn -0.8786 0.0651 -0.4731
vn 0.3257 -0.9373 -0.1243
vn 0.1037 -0.9943 -0.0238
vn -0.0028 0.8892 0.4576
vn -0.0566 0.8853 0.4615
vn 0.4728 -0.0368 0.8804
vn -0.2181 -0.9658 -0.1403
vn -0.0149 -0.9997 0.0170
vn -0.9204 0.0712 -0.3845
vn 0.0451 -0.9615 -0.2711
vn 0.0063 -0.9999 -0.0161
vn 0.5562 -0.0462 0.8298
vn -0.5894 0.8037 -0.0822
vn -0.5813 0.8011 -0.1427
vn -0.9533 0.0765 -0.2922
vn 0.3094 0.8597 -0.4064
vn 0.2489 0.8552 -0.4547
vn 0.6342 -0.0551 0.7712
vn 0.3795 -0.9185 0.1110
vn 0.1515 -0.9867 0.0589
vn -0.9770 0.0810 -0.1972
vn -0.0548 -0.9936 0.0991
vn -0.1845 -0.9347 0.3038
vn 0.7060 -0.0637 0.7053
vn 0.3375 0.9070 0.2517
vn 0.3177 0.9065 0.2779
vn -0.9914 0.0847 -0.1002
vn -0.2195 0.8074 -0.5477
vn -0.2826 0.8051 -0.5215
vn 0.7710 -0.0717 0.6328
vn -0.1989 -0.9664 -0.1630
vn -0.0135 -0.9998 0.0155
vn 0.0593 -0.9839 0.1686
vn 0.1620 -0.9123 0.3761
vn 0.8285 -0.0791 0.5543
vn -0.5684 0.7991 -0.1959
vn -0.5820 0.8011 -0.1394
vn -0.9962 0.0874 -0.0023
vn -0.0511 0.8850 0.4627
vn -0.1069 0.8808 0.4612
vn 0.8781 -0.0859 0.4707
vn 0.1494 -0.9859 0.0751
vn 0.3725 -0.9164 0.1467
vn -0.9914 0.0891 0.0956
vn 0.0767 -0.9598 -0.2699
vn 0.0119 -0.9997 -0.0209
vn 0.9193 -0.0919 0.3826
vn 0.3102 0.9068 0.2855
vn 0.2865 0.9060 0.3115
vn -0.9771 0.0899 0.1926
vn 0.3405 0.8646 -0.3694
vn 0.2848 0.8602 -0.4230
vn 0.9518 -0.0972 0.2909
vn -0.1777 -0.9667 -0.1840
vn -0.0122 -0.9998 0.0137
vn -0.9535 0.0898 0.2879
vn -0.0569 -0.9944 0.0888
vn -0.2066 -0.9373 0.2806
vn 0.9752 -0.1017 0.1966
vn -0.5489 0.7975 -0.2505
vn -0.5680 0.7989 -0.1977
vn -0.9206 0.0886 0.3804
vn -0.1655 0.8111 -0.5611
vn -0.2322 0.8083 -0.5410
vn 0.9894 -0.1052 0.1004
vn 0.1467 -0.9851 0.0903
vn 0.3613 -0.9147 0.1810
vn -0.2574 -0.9451 0.2013
vn -0.4213 -0.8380 0.3467
vn -0.4474 -0.8420 0.3015
vn 0.3507 0.4767 0.8061
vn 0.2692 0.4750 0.8378
vn 0.3519 0.4766 0.8056
vn -0.5058 -0.8626 0.0011
vn -0.2856 -0.9581 0.0230
vn -0.0246 0.3699 -0.9288
vn -0.1130 0.3668 -0.9234
vn -0.1136 0.3666 -0.9234
vn -0.1035 -0.9665 -0.2349
vn -0.1468 -0.8734 -0.4643
vn -0.0757 -0.9660 -0.2473
vn -0.8071 0.4105 0.4243
vn -0.8469 0.4048 0.3449
vn -0.8067 0.4106 0.4250
vn 0.0248 -0.9181 0.3956
vn 0.0808 -0.8000 0.5945
vn 0.0263 -0.8024 0.5962
vn 0.2392 0.3823 -0.8926
vn 0.1532 0.3780 -0.9130
vn 0.1527 0.3777 -0.9132
vn 0.5336 -0.8256 -0.1836
vn 0.3436 -0.9343 -0.0947
vn -0.4244 0.4447 0.7888
vn -0.5011 0.4394 0.7456
vn -0.4233 0.4448 0.7893
vn -0.0743 -0.9245 0.3738
vn -0.0814 -0.8081 0.5835
vn -0.1334 -0.8113 0.5692
vn 0.8872 0.4587 0.0499
vn 0.8759 0.4626 0.1368
vn 0.8873 0.4584 0.0494
vn 0.1705 -0.9536 -0.2481
vn 0.3157 -0.8494 -0.4229
vn 0.2004 -0.9512 -0.2347
vn -0.6658 0.3593 -0.6539
vn -0.7249 0.3606 -0.5869
vn -0.7252 0.3605 -0.5867
vn -0.4986 -0.8654 -0.0498
vn -0.2806 -0.9598 -0.0066
vn 0.8170 0.4327 -0.3813
vn 0.7781 0.4271 -0.4605
vn 0.7782 0.4269 -0.4606
vn 0.4620 -0.7948 0.3934
vn 0.4247 -0.7941 0.4349
vn -0.8471 0.4048 0.3443
vn -0.8789 0.3991 0.2612
vn -0.2689 -0.9476 0.1726
vn -0.4690 -0.8458 0.2542
vn 0.2680 0.4750 0.8382
vn 0.1838 0.4728 0.8618
vn 0.5544 -0.8216 -0.1324
vn 0.3584 -0.9314 -0.0631
vn -0.5021 0.4394 0.7449
vn -0.5743 0.4338 0.6943
vn -0.0968 -0.8719 -0.4799
vn -0.0468 -0.9652 -0.2573
vn 0.8758 0.4628 0.1374
vn 0.8561 0.4664 0.2227
vn 0.3611 -0.8456 -0.3931
vn 0.2292 -0.9486 -0.2183
vn 0.3232 0.3872 -0.8635
vn 0.2397 0.3825 -0.8923
vn -0.4868 -0.8678 -0.0998
vn -0.2729 -0.9614 -0.0354
vn 0.8477 0.4384 -0.2987
vn 0.8168 0.4329 -0.3813
vn -0.1835 -0.8148 0.5500
vn -0.8791 0.3991 0.2606
vn -0.9025 0.3937 0.1747
vn -0.4860 -0.8495 0.2054
vn -0.6002 0.3586 -0.7150
vn -0.6655 0.3594 -0.6542
vn 0.5700 -0.8178 -0.0792
vn -0.5751 0.4338 0.6936
vn -0.6420 0.4281 0.6360
vn 0.3835 -0.7937 0.4723
vn 0.8558 0.4665 0.2233
vn 0.8280 0.4696 0.3063
vn 0.4035 -0.8417 -0.3589
vn 0.1824 0.4728 0.8621
vn 0.0963 0.4701 0.8773
vn -0.4703 -0.8699 -0.1484
vn 0.8703 0.4438 -0.2135
vn 0.8476 0.4384 -0.2988
vn -0.0452 -0.8701 -0.4907
vn -0.9026 0.3937 0.1741
vn -0.9174 0.3884 0.0862
vn -0.4983 -0.8531 0.1550
vn 0.4038 0.3924 -0.8264
vn 0.3236 0.3874 -0.8632
vn 0.5801 -0.8142 -0.0246
vn -0.6428 0.4280 0.6353
vn -0.7038 0.4223 0.5713
vn -0.2313 -0.8184 0.5261
vn 0.8277 0.4698 0.3070
vn 0.7920 0.4724 0.3868
vn 0.4423 -0.8377 -0.3204
vn -0.5289 0.3585 -0.7693
vn -0.5998 0.3587 -0.7153
vn -0.4494 -0.8717 -0.1953
vn 0.8703 0.4440 -0.2133
vn 0.8845 0.4490 -0.1266
vn 0.3387 -0.7937 0.5052
vn -0.9175 0.3885 0.0858
vn -0.9235 0.3835 -0.0034
vn -0.5057 -0.8565 0.1039
vn 0.0949 0.4701 0.8775
vn 0.0077 0.4669 0.8843
vn 0.5847 -0.8107 0.0309
vn -0.7044 0.4222 0.5705
vn -0.7589 0.4164 0.5007
vn 0.0073 -0.8680 -0.4965
vn 0.7915 0.4726 0.3875
vn 0.7482 0.4747 0.4635
vn 0.4772 -0.8336 -0.2781
vn 0.4803 0.3978 -0.7817
vn 0.4042 0.3926 -0.8261
vn -0.4240 -0.8732 -0.2401
vn 0.8845 0.4492 -0.1262
vn 0.8902 0.4539 -0.0386
vn -0.0500 -0.9977 0.0460
vn -0.5546 0.8199 0.1424
vn -0.5562 0.8202 0.1338
vn -0.0395 -0.9907 0.1299
vn 0.4096 0.8830 -0.2293
vn 0.4242 0.8824 -0.2035
vn -0.0274 -0.9993 0.0246
vn 0.1228 0.8398 -0.5288
vn 0.1483 0.8391 -0.5233
vn 0.0457 -0.9983 -0.0349
vn 0.4271 0.9023 0.0582
vn 0.4328 0.9007 0.0366
vn -0.0070 -1.0000 0.0021
vn -0.2979 0.8595 0.4154
vn -0.3057 0.8597 0.4092
vn 0.1150 -0.9932 -0.0162
vn 0.1322 0.8990 0.4175
vn 0.1326 0.8993 0.4168
vn -0.0531 -0.9972 0.0530
vn -0.5309 0.8250 0.1936
vn -0.5336 0.8253 0.1846
vn 0.1145 -0.9831 0.1427
vn 0.3067 -0.9115 0.2741
vn 0.3923 0.8788 -0.2716
vn 0.4094 0.8783 -0.2469
vn -0.0309 -0.9992 0.0272
vn -0.4589 0.7972 -0.3923
vn -0.4563 0.7966 -0.3964
vn 0.0357 -0.9988 -0.0327
vn 0.4351 0.9002 0.0159
vn 0.4392 0.8984 -0.0077
vn -0.0313 -0.9897 0.1394
vn -0.0423 -0.9222 0.3843
vn -0.2495 0.8651 0.4351
vn -0.2574 0.8654 0.4300
vn 0.0756 0.8347 -0.5454
vn 0.1001 0.8340 -0.5426
vn 0.0019 -0.9868 0.1617
vn 0.0593 -0.9163 0.3961
vn -0.5020 0.8304 0.2415
vn -0.0087 -0.9999 0.0058
vn -0.0028 0.8241 -0.5664
vn -0.0761 0.8204 -0.5668
vn -0.0565 0.8195 -0.5703
vn 0.1729 0.9015 0.3968
vn 0.1751 0.9017 0.3954
vn -0.0556 -0.9966 0.0609
vn -0.2432 -0.9425 0.2291
vn 0.4396 0.8978 -0.0271
vn 0.1255 -0.9833 0.1315
vn 0.3282 -0.9122 0.2451
vn 0.3711 0.8744 -0.3124
vn 0.3906 0.8740 -0.2892
vn -0.4938 0.7967 -0.3486
vn -0.4924 0.7963 -0.3514
vn 0.0267 -0.9992 -0.0294
vn -0.0216 -0.9887 0.1480
vn -0.0092 -0.9201 0.3917
vn -0.2001 0.8705 0.4496
vn -0.2078 0.8708 0.4456
vn 0.0264 0.8298 -0.5575
vn 0.0496 0.8290 -0.5571
vn 0.0153 -0.9860 0.1663
vn 0.0939 -0.9147 0.3931
vn -0.0100 -0.9999 0.0089
vn -0.1284 0.8160 -0.5636
vn -0.1110 0.8151 -0.5686
vn 0.2113 0.9034 0.3730
vn 0.2150 0.9036 0.3706
vn -0.0571 -0.9959 0.0696
vn -0.2262 -0.9399 0.2556
vn 0.1346 -0.9837 0.1189
vn 0.3465 -0.9133 0.2140
vn 0.3461 0.8699 -0.3516
vn 0.3676 0.8694 -0.3302
vn -0.5239 0.7968 -0.3012
vn -0.5234 0.7965 -0.3025
vn 0.0188 -0.9995 -0.0254
vn 0.1397 -0.9559 -0.2585
vn -0.0105 -0.9878 0.1556
vn -0.1502 0.8757 0.4590
vn -0.1574 0.8760 0.4560
vn -0.0244 0.8250 -0.5647
vn 0.0296 -0.9852 0.1691
vn 0.1283 -0.9134 0.3864
vn -0.0111 -0.9999 0.0115
vn -0.1298 -0.9668 -0.2201
vn -0.1807 0.8120 -0.5550
vn 0.2470 0.9050 0.3464
vn 0.2522 0.9050 0.3425
vn -0.0576 -0.9952 0.0789
vn 0.1417 -0.9843 0.1050
vn 0.3173 0.8651 -0.3885
vn -0.5487 0.7975 -0.2507
vn 0.1083 -0.9579 -0.2657
vn -0.1546 -0.9669 -0.2031
vn -0.1003 0.8805 0.4633
vn 0.2800 0.9061 0.3171
vn 0.0443 -0.9845 0.1699
vn -0.8009 -0.1886 0.5684
vn -0.8515 -0.1933 0.4874
vn -0.8518 -0.1934 0.4870
vn 0.9739 -0.2027 -0.1023
vn 0.9802 -0.1977 -0.0071
vn 0.9802 -0.1977 -0.0069
vn -0.7422 -0.1840 0.6444
vn -0.8006 -0.1885 0.5688
vn 0.9582 -0.2078 -0.1967
vn 0.9739 -0.2027 -0.1025
vn -0.6764 -0.1796 0.7143
vn -0.7419 -0.1839 0.6449
vn 0.9333 -0.2128 -0.2892
vn 0.9582 -0.2077 -0.1968
vn -0.6040 -0.1756 0.7774
vn -0.6760 -0.1795 0.7147
vn 0.8996 -0.2178 -0.3786
vn -0.5258 -0.1718 0.8331
vn -0.6035 -0.1755 0.7778
vn 0.8995 -0.2178 -0.3787
vn 0.8572 -0.2227 -0.4644
vn -0.4425 -0.1684 0.8808
vn -0.5252 -0.1717 0.8335
vn -0.0129 -0.2584 -0.9660
vn -0.1082 -0.2592 -0.9597
vn -0.0124 -0.2584 -0.9660
vn 0.8571 -0.2227 -0.4645
vn 0.8066 -0.2274 -0.5456
vn -0.3549 -0.1654 0.9201
vn -0.4419 -0.1683 0.8812
vn -0.1086 -0.2592 -0.9597
vn -0.2029 -0.2595 -0.9442
vn 0.8065 -0.2274 -0.5457
vn 0.7483 -0.2320 -0.6215
vn -0.2639 -0.1627 0.9507
vn -0.3542 -0.1653 0.9204
vn -0.2034 -0.2594 -0.9441
vn -0.2957 -0.2593 -0.9194
vn 0.7482 -0.2320 -0.6216
vn 0.6828 -0.2363 -0.6913
vn -0.1703 -0.1605 0.9722
vn -0.2631 -0.1626 0.9509
vn -0.2961 -0.2592 -0.9193
vn -0.3856 -0.2586 -0.8857
vn 0.6827 -0.2363 -0.6915
vn 0.6108 -0.2404 -0.7544
vn -0.0751 -0.1588 0.9844
vn -0.1695 -0.1604 0.9724
vn -0.3860 -0.2585 -0.8855
vn -0.4718 -0.2574 -0.8433
vn 0.6106 -0.2404 -0.7546
vn 0.5330 -0.2442 -0.8101
vn 0.0208 -0.1576 0.9873
vn -0.0743 -0.1588 0.9845
vn -0.4721 -0.2574 -0.8431
vn -0.5535 -0.2557 -0.7926
vn 0.5327 -0.2441 -0.8103
vn 0.4500 -0.2476 -0.8580
vn 0.1166 -0.1568 0.9807
vn 0.0217 -0.1575 0.9873
vn -0.5537 -0.2557 -0.7925
vn -0.6298 -0.2536 -0.7342
vn 0.4497 -0.2476 -0.8582
vn 0.3627 -0.2506 -0.8976
vn 0.2113 -0.1565 0.9648
vn 0.1174 -0.1567 0.9806
vn -0.6300 -0.2536 -0.7341
vn -0.7000 -0.2510 -0.6686
vn 0.3624 -0.2506 -0.8977
vn 0.2719 -0.2532 -0.9284
vn 0.3039 -0.1568 0.9397
vn 0.2121 -0.1564 0.9647
vn -0.7001 -0.2510 -0.6684
vn -0.7634 -0.2481 -0.5964
vn 0.2716 -0.2532 -0.9285
vn 0.1786 -0.2554 -0.9502
vn 0.3936 -0.1574 0.9057
vn 0.3046 -0.1567 0.9395
vn -0.7635 -0.2480 -0.5963
vn -0.8194 -0.2447 -0.5184
vn 0.1782 -0.2554 -0.9503
vn 0.0835 -0.2572 -0.9628
vn 0.4795 -0.1587 0.8631
vn 0.3943 -0.1574 0.9054
vn -0.8195 -0.2446 -0.5183
vn -0.8675 -0.2410 -0.4352
vn 0.0830 -0.2571 -0.9628
vn 0.5609 -0.1604 0.8122
vn 0.4802 -0.1586 0.8627
vn -0.8676 -0.2409 -0.4351
vn -0.9072 -0.2369 -0.3477
vn 0.6368 -0.1625 0.7537
vn 0.5614 -0.1603 0.8118
vn -0.9072 -0.2369 -0.3476
vn -0.9381 -0.2326 -0.2567
vn 0.7066 -0.1651 0.6881
vn 0.6373 -0.1625 0.7533
vn -0.9599 -0.2281 -0.1632
vn -0.9381 -0.2326 -0.2568
vn 0.7697 -0.1681 0.6159
vn 0.7071 -0.1650 0.6876
vn -0.9724 -0.2233 -0.0680
vn -0.9599 -0.2280 -0.1631
vn 0.8254 -0.1715 0.5379
vn 0.7701 -0.1680 0.6154
vn -0.9755 -0.2184 0.0280
vn -0.9724 -0.2232 -0.0679
vn 0.8731 -0.1752 0.4549
vn 0.8257 -0.1714 0.5375
vn -0.9691 -0.2134 0.1237
vn -0.9755 -0.2183 0.0282
vn 0.9125 -0.1792 0.3676
vn 0.8734 -0.1751 0.4545
vn -0.9533 -0.2083 0.2185
vn -0.9691 -0.2133 0.1240
vn 0.9432 -0.1835 0.2769
vn 0.9127 -0.1792 0.3672
vn -0.9284 -0.2033 0.3111
vn -0.9533 -0.2083 0.2188
vn 0.9648 -0.1881 0.1837
vn 0.9433 -0.1835 0.2766
vn -0.8944 -0.1983 0.4009
vn -0.9283 -0.2032 0.3115
vn 0.9772 -0.1928 0.0888
vn 0.9649 -0.1881 0.1834
vn -0.8942 -0.1982 0.4014
vn 0.9772 -0.1928 0.0885
vn 0.8901 0.4541 -0.0382
vn 0.4950 -0.7960 0.3484
vn 0.7319 0.4213 -0.5356
vn 0.7319 0.4210 -0.5358
vn -0.7775 0.3624 -0.5141
vn -0.7776 0.3623 -0.5139
vn 0.2677 -0.8531 -0.4478
vn -0.0280 -0.8051 0.5925
vn -0.3427 0.4498 0.8247
vn -0.3415 0.4499 0.8252
vn 0.0651 0.3738 -0.9252
vn 0.0645 0.3736 -0.9254
vn 0.1351 -0.7980 0.5873
vn -0.1951 -0.8745 -0.4441
vn -0.2012 0.3641 -0.9094
vn -0.2018 0.3639 -0.9093
vn 0.4299 0.4778 0.7661
vn 0.4310 0.4777 0.7655
vn -0.3910 -0.8340 0.3893
vn 0.5232 -0.7976 0.3002
vn 0.6785 0.4154 -0.6059
vn 0.6784 0.4151 -0.6061
vn -0.8225 0.3647 -0.4364
vn -0.8226 0.3646 -0.4363
vn 0.2176 -0.8566 -0.4679
vn -0.2580 0.4547 0.8525
vn -0.2568 0.4547 0.8528
vn -0.0240 0.3701 -0.9287
vn 0.1886 -0.7963 0.5747
vn -0.2410 -0.8752 -0.4195
vn -0.2877 0.3619 -0.8867
vn -0.2883 0.3617 -0.8866
vn 0.5047 0.4783 0.7187
vn 0.5057 0.4783 0.7180
vn -0.3565 -0.8300 0.4290
vn 0.5464 -0.7996 0.2494
vn 0.6184 0.4095 -0.6707
vn 0.6183 0.4092 -0.6710
vn -0.8597 0.3676 -0.3546
vn -0.8598 0.3675 -0.3546
vn 0.1661 -0.8598 -0.4828
vn -0.2843 -0.8755 -0.3907
vn -0.1711 0.4591 0.8717
vn -0.1697 0.4592 0.8720
vn 0.5745 0.4783 0.6642
vn 0.5754 0.4782 0.6635
vn 0.2408 -0.7951 0.5567
vn 0.5643 -0.8019 0.1964
vn -0.3716 0.3602 -0.8557
vn -0.3721 0.3601 -0.8555
vn -0.8887 0.3709 -0.2697
vn -0.3181 -0.8261 0.4652
vn -0.3245 -0.8755 -0.3580
vn 0.5523 0.4037 -0.7294
vn 0.5521 0.4034 -0.7297
vn 0.6387 0.4777 0.6032
vn 0.6395 0.4776 0.6025
vn 0.1135 -0.8629 -0.4925
vn -0.0827 0.4632 0.8824
vn -0.0813 0.4632 0.8825
vn -0.9090 0.3747 -0.1823
vn -0.9091 0.3746 -0.1821
vn 0.2910 -0.7942 0.5335
vn -0.3614 -0.8751 -0.3218
vn -0.4521 0.3592 -0.8165
vn -0.4526 0.3590 -0.8163
vn 0.6966 0.4766 0.5364
vn 0.6973 0.4764 0.5356
vn -0.2763 -0.8222 0.4977
vn 0.5767 -0.8046 0.1420
vn 0.4806 0.3981 -0.7814
vn -0.9207 0.3789 -0.0933
vn -0.9208 0.3789 -0.0931
vn 0.0604 -0.8656 -0.4971
vn -0.3947 -0.8743 -0.2824
vn 0.0063 0.4669 0.8843
vn 0.5077 -0.8296 -0.2324
vn 0.7477 0.4748 0.4642
vn -0.7594 0.4164 0.5000
vn 0.5835 -0.8075 0.0866
vn -0.5284 0.3586 -0.7695
vn -0.5081 -0.8597 0.0525
vn -0.9235 0.3835 -0.0037
vn 0.0088 0.0752 -0.9971
vn 0.0832 -0.0009 -0.9965
vn -0.0066 0.0382 -0.9992
vn 0.0982 0.0348 -0.9946
vn 0.1719 -0.0405 -0.9843
vn 0.1865 -0.0062 -0.9824
vn 0.2586 -0.0804 -0.9626
vn 0.2729 -0.0475 -0.9609
vn 0.3425 -0.1202 -0.9318
vn 0.3564 -0.0887 -0.9301
vn 0.4229 -0.1595 -0.8920
vn 0.4364 -0.1293 -0.8904
vn 0.4989 -0.1978 -0.8438
vn 0.5121 -0.1690 -0.8422
vn 0.5698 -0.2349 -0.7875
vn 0.5826 -0.2074 -0.7859
vn 0.6350 -0.2704 -0.7237
vn 0.6474 -0.2441 -0.7220
vn 0.6937 -0.3039 -0.6530
vn 0.7057 -0.2788 -0.6513
vn 0.7455 -0.3352 -0.5761
vn 0.7572 -0.3111 -0.5744
vn 0.7899 -0.3638 -0.4937
vn 0.8012 -0.3408 -0.4919
vn 0.8263 -0.3896 -0.4067
vn 0.8373 -0.3674 -0.4048
vn 0.8546 -0.4123 -0.3159
vn 0.8653 -0.3909 -0.3139
vn 0.8743 -0.4316 -0.2220
vn 0.8847 -0.4109 -0.2200
vn 0.8853 -0.4475 -0.1262
vn 0.8956 -0.4273 -0.1240
vn 0.8876 -0.4597 -0.0292
vn 0.8976 -0.4399 -0.0269
vn 0.8811 -0.4681 0.0680
vn 0.8910 -0.4486 0.0704
vn 0.8658 -0.4726 0.1645
vn 0.8756 -0.4533 0.1670
vn 0.8419 -0.4733 0.2593
vn 0.8194 -0.4506 0.3544
vn 0.8096 -0.4700 0.3516
vn 0.7791 -0.4432 0.4434
vn 0.7693 -0.4629 0.4404
vn 0.7312 -0.4319 0.5281
vn 0.7213 -0.4520 0.5249
vn 0.6761 -0.4168 0.6076
vn 0.6661 -0.4373 0.6043
vn 0.6143 -0.3980 0.6813
vn 0.6042 -0.4191 0.6778
vn 0.5466 -0.3756 0.7485
vn 0.5362 -0.3975 0.7447
vn 0.4733 -0.3500 0.8084
vn 0.4627 -0.3727 0.8043
vn 0.3954 -0.3213 0.8605
vn 0.3846 -0.3450 0.8562
vn 0.3136 -0.2899 0.9042
vn 0.3024 -0.3146 0.8998
vn 0.2285 -0.2559 0.9393
vn 0.2171 -0.2818 0.9346
vn 0.1411 -0.2199 0.9653
vn 0.1293 -0.2470 0.9604
vn 0.0522 -0.1820 0.9819
vn 0.0401 -0.2104 0.9768
vn -0.0374 -0.1427 0.9891
vn -0.0498 -0.1724 0.9838
vn -0.1268 -0.1023 0.9866
vn -0.1395 -0.1334 0.9812
vn -0.2151 -0.0613 0.9747
vn -0.2282 -0.0937 0.9691
vn -0.3015 -0.0200 0.9533
vn -0.3150 -0.0538 0.9476
vn -0.3851 0.0212 0.9226
vn -0.3990 -0.0140 0.9169
vn -0.4652 0.0619 0.8831
vn -0.4794 0.0253 0.8772
vn -0.5409 0.1016 0.8349
vn -0.5555 0.0636 0.8291
vn -0.6115 0.1400 0.7787
vn -0.6265 0.1008 0.7728
vn -0.6765 0.1768 0.7149
vn -0.6918 0.1363 0.7091
vn -0.7350 0.2115 0.6443
vn -0.7507 0.1699 0.6384
vn -0.7866 0.2439 0.5673
vn -0.8026 0.2012 0.5615
vn -0.8307 0.2736 0.4848
vn -0.8471 0.2299 0.4791
vn -0.8670 0.3003 0.3977
vn -0.8837 0.2557 0.3921
vn -0.8950 0.3238 0.3067
vn -0.9120 0.2785 0.3011
vn -0.9146 0.3439 0.2126
vn -0.9318 0.2979 0.2072
vn -0.9255 0.3603 0.1165
vn -0.9430 0.3138 0.1112
vn -0.9277 0.3729 0.0193
vn -0.9453 0.3260 0.0141
vn -0.9210 0.3817 -0.0782
vn -0.9387 0.3344 -0.0833
vn -0.9056 0.3864 -0.1750
vn -0.9234 0.3390 -0.1799
vn -0.8816 0.3871 -0.2701
vn -0.8995 0.3396 -0.2748
vn -0.8672 0.3364 -0.3672
vn -0.8493 0.3837 -0.3626
vn -0.8268 0.3292 -0.4561
vn -0.8089 0.3763 -0.4517
vn -0.7787 0.3183 -0.5407
vn -0.7609 0.3650 -0.5365
vn -0.7234 0.3036 -0.6202
vn -0.7057 0.3498 -0.6162
vn -0.6613 0.2853 -0.6937
vn -0.6438 0.3309 -0.6899
vn -0.5932 0.2637 -0.7607
vn -0.5759 0.3085 -0.7571
vn -0.5196 0.2388 -0.8203
vn -0.5025 0.2828 -0.8170
vn -0.4414 0.2110 -0.8722
vn -0.4245 0.2541 -0.8691
vn -0.3591 0.1806 -0.9157
vn -0.3425 0.2226 -0.9128
vn -0.2736 0.1477 -0.9504
vn -0.2573 0.1886 -0.9477
vn -0.1858 0.1128 -0.9761
vn 0.7947 -0.4095 0.4480
vn -0.1698 0.1525 -0.9736
vn -0.0965 0.0762 -0.9924
vn -0.0808 0.1146 -0.9901
vn -0.3786 -0.9200 -0.1014
vn 0.2095 0.0498 -0.9765
vn 0.1362 0.1312 -0.9820
vn 0.2236 0.0886 -0.9706
vn -0.6740 0.4217 -0.6066
vn -0.6128 0.4021 -0.6804
vn 0.1600 -0.1746 0.9716
vn 0.2951 0.0065 -0.9554
vn 0.3780 -0.0368 -0.9251
vn -0.5853 0.2029 0.7850
vn 0.8545 -0.3298 -0.4013
vn 0.8821 -0.3544 -0.3104
vn -0.8947 0.4458 0.0273
vn 0.7470 -0.3976 0.5329
vn -0.5455 0.3788 -0.7476
vn 0.0717 -0.1348 0.9883
vn 0.4573 -0.0794 -0.8858
vn -0.6492 0.2414 0.7213
vn 0.9012 -0.3755 -0.2164
vn -0.8878 0.4548 -0.0698
vn 0.6921 -0.3817 0.6127
vn -0.4730 0.3520 -0.8077
vn -0.0172 -0.0935 0.9955
vn 0.5323 -0.1211 -0.8378
vn -0.7068 0.2776 0.6506
vn 0.9117 -0.3927 -0.1203
vn -0.8724 0.4597 -0.1663
vn 0.6306 -0.3619 0.6866
vn -0.3957 0.3221 -0.8600
vn -0.1059 -0.0511 0.9931
vn 0.6023 -0.1615 -0.7818
vn -0.7575 0.3114 0.5738
vn 0.9136 -0.4060 -0.0231
vn -0.8484 0.4604 -0.2611
vn 0.5631 -0.3384 0.7539
vn -0.3146 0.2892 -0.9041
vn -0.1934 -0.0080 0.9811
vn 0.6665 -0.2001 -0.7182
vn -0.8007 0.3424 0.4915
vn 0.9067 -0.4151 0.0743
vn -0.8163 0.4569 -0.3534
vn 0.4902 -0.3114 0.8140
vn -0.2303 0.2537 -0.9395
vn -0.2789 0.0354 0.9597
vn 0.7243 -0.2366 -0.6476
vn -0.8362 0.3702 0.4046
vn 0.8912 -0.4201 0.1711
vn -0.7762 0.4493 -0.4423
vn 0.0333 0.1351 -0.9903
vn 0.1219 0.0928 -0.9882
vn 0.4127 -0.2813 0.8663
vn -0.1436 0.2160 -0.9658
vn -0.3617 0.0785 0.9290
vn 0.7753 -0.2705 -0.5708
vn -0.8636 0.3947 0.3138
vn 0.8516 -0.4540 0.2620
vn 0.8672 -0.4208 0.2662
vn -0.7286 0.4375 -0.5270
vn 0.3313 -0.2482 0.9103
vn -0.0555 0.1763 -0.9828
vn -0.4408 0.1211 0.8894
vn 0.8188 -0.3017 -0.4884
vn -0.8825 0.4156 0.2201
vn 0.8350 -0.4173 0.3588
vn 0.2468 -0.2125 0.9455
vn -0.5156 0.1627 0.8412
vn -0.8930 0.4326 0.1243
vn 0.4713 -0.0401 -0.8811
vn 0.3787 -0.0175 -0.9254
vn 0.4583 -0.0577 -0.8869
vn -0.7119 0.4703 -0.5215
vn -0.6574 0.4549 -0.6008
vn 0.2601 -0.1762 0.9494
vn 0.3091 0.0455 -0.9499
vn -0.5963 0.4357 -0.6743
vn 0.1732 -0.1382 0.9751
vn 0.3920 0.0025 -0.9200
vn -0.5293 0.4129 -0.7412
vn 0.0849 -0.0984 0.9915
vn -0.4569 0.3866 -0.8011
vn -0.0039 -0.0571 0.9984
vn 0.5464 -0.0818 -0.8335
vn -0.3799 0.3572 -0.8533
vn -0.0924 -0.0148 0.9956
vn 0.6164 -0.1223 -0.7779
vn -0.2990 0.3249 -0.8972
vn -0.1797 0.0281 0.9833
vn 0.6808 -0.1611 -0.7146
vn -0.2150 0.2901 -0.9325
vn -0.2650 0.0712 0.9616
vn 0.7388 -0.1978 -0.6443
vn -0.1286 0.2529 -0.9589
vn -0.3475 0.1141 0.9307
vn 0.7899 -0.2322 -0.5676
vn -0.0407 0.2138 -0.9760
vn -0.4263 0.1564 0.8909
vn 0.8336 -0.2638 -0.4854
vn 0.0478 0.1731 -0.9837
vn -0.5008 0.1977 0.8427
vn 0.8694 -0.2923 -0.3983
vn -0.5701 0.2375 0.7865
vn 0.8971 -0.3174 -0.3073
vn -0.6338 0.2755 0.7228
vn 0.9163 -0.3389 -0.2133
vn -0.6910 0.3114 0.6523
vn 0.9269 -0.3566 -0.1171
vn -0.7414 0.3448 0.5756
vn 0.9287 -0.3702 -0.0197
vn -0.7845 0.3754 0.4936
vn 0.9218 -0.3797 0.0780
vn -0.8198 0.4030 0.4069
vn 0.9062 -0.3849 0.1750
vn -0.8470 0.4272 0.3165
vn 0.8822 -0.3857 0.2703
vn -0.8659 0.4478 0.2231
vn 0.8498 -0.3822 0.3630
vn -0.8762 0.4647 0.1276
vn 0.8094 -0.3745 0.4524
vn -0.8779 0.4777 0.0311
vn 0.7614 -0.3625 0.5374
vn -0.8711 0.4868 -0.0657
vn 0.7063 -0.3465 0.6173
vn -0.8556 0.4917 -0.1619
vn 0.6446 -0.3265 0.6913
vn -0.8316 0.4925 -0.2566
vn 0.5769 -0.3028 0.7586
vn -0.7994 0.4892 -0.3487
vn 0.5039 -0.2757 0.8186
vn -0.7594 0.4818 -0.4372
vn 0.4262 -0.2453 0.8707
vn 0.3447 -0.2120 0.9145
vn 0.6695 -0.1715 -0.7228
vn 0.6049 -0.1617 -0.7797
vn 0.6718 -0.1930 -0.7151
vn -0.5468 0.3754 -0.7484
vn -0.4736 0.3500 -0.8082
vn -0.0199 -0.0803 0.9966
vn 0.5337 -0.0969 -0.8401
vn -0.3959 0.3215 -0.8602
vn -0.1084 -0.0406 0.9933
vn 0.6043 -0.1350 -0.7852
vn -0.3144 0.2902 -0.9038
vn -0.1958 -0.0001 0.9806
vn -0.2299 0.2566 -0.9388
vn -0.2812 0.0407 0.9588
vn 0.7285 -0.2060 -0.6533
vn -0.1433 0.2209 -0.9647
vn -0.3638 0.0815 0.9279
vn 0.7809 -0.2384 -0.5773
vn -0.0550 0.1833 -0.9815
vn -0.4428 0.1219 0.8883
vn 0.8263 -0.2684 -0.4951
vn 0.0338 0.1444 -0.9889
vn -0.5175 0.1614 0.8403
vn 0.8640 -0.2956 -0.4075
vn -0.5871 0.1997 0.7845
vn 0.8934 -0.3196 -0.3157
vn -0.6511 0.2365 0.7212
vn 0.9141 -0.3403 -0.2206
vn -0.7089 0.2714 0.6510
vn 0.9259 -0.3573 -0.1230
vn -0.7599 0.3041 0.5746
vn 0.9285 -0.3705 -0.0239
vn -0.8035 0.3342 0.4927
vn 0.9220 -0.3798 0.0757
vn -0.8394 0.3614 0.4060
vn 0.9061 -0.3850 0.1753
vn -0.8671 0.3854 0.3155
vn 0.8811 -0.3862 0.2729
vn -0.8865 0.4061 0.2218
vn 0.8477 -0.3832 0.3669
vn -0.8973 0.4231 0.1260
vn 0.8058 -0.3762 0.4574
vn -0.8993 0.4364 0.0290
vn 0.7561 -0.3651 0.5432
vn -0.8926 0.4457 -0.0683
vn 0.6991 -0.3502 0.6233
vn -0.8772 0.4509 -0.1649
vn 0.6356 -0.3317 0.6971
vn -0.8531 0.4520 -0.2606
vn 0.5658 -0.3095 0.7642
vn -0.8203 0.4491 -0.3541
vn 0.4909 -0.2841 0.8236
vn -0.7798 0.4421 -0.4433
vn 0.4121 -0.2559 0.8744
vn 0.1224 0.1045 -0.9870
vn -0.7317 0.4311 -0.5280
vn 0.3298 -0.2250 0.9169
vn 0.2100 0.0639 -0.9756
vn -0.6764 0.4162 -0.6077
vn 0.2447 -0.1916 0.9505
vn 0.2957 0.0231 -0.9550
vn -0.6146 0.3976 -0.6814
vn 0.1574 -0.1562 0.9751
vn 0.0690 -0.1190 0.9905
vn 0.8312 -0.2749 -0.4833
vn 0.7974 -0.2119 -0.5649
vn 0.8445 -0.2342 -0.4817
vn -0.3450 0.2116 -0.9144
vn -0.2579 0.1818 -0.9489
vn -0.2920 -0.0070 0.9564
vn 0.7322 -0.2225 -0.6438
vn -0.1682 0.1501 -0.9742
vn -0.3781 0.0288 0.9253
vn 0.7854 -0.2499 -0.5663
vn -0.0770 0.1169 -0.9902
vn -0.4606 0.0644 0.8853
vn 0.0149 0.0825 -0.9965
vn -0.5387 0.0992 0.8366
vn 0.8688 -0.2975 -0.3958
vn -0.6116 0.1331 0.7799
vn 0.8981 -0.3173 -0.3045
vn -0.6786 0.1656 0.7156
vn 0.9187 -0.3342 -0.2103
vn -0.7391 0.1964 0.6443
vn 0.9305 -0.3481 -0.1141
vn -0.7924 0.2252 0.5669
vn 0.9332 -0.3589 -0.0169
vn -0.8381 0.2518 0.4839
vn 0.9269 -0.3664 0.0806
vn -0.8757 0.2758 0.3963
vn 0.9117 -0.3707 0.1773
vn -0.9049 0.2969 0.3049
vn 0.8876 -0.3715 0.2721
vn -0.9254 0.3151 0.2105
vn 0.8551 -0.3691 0.3642
vn -0.9371 0.3300 0.1141
vn 0.8142 -0.3633 0.4528
vn -0.9397 0.3416 0.0166
vn 0.7655 -0.3542 0.5371
vn -0.9333 0.3497 -0.0810
vn 0.7095 -0.3419 0.6162
vn -0.9181 0.3543 -0.1777
vn 0.6465 -0.3266 0.6895
vn -0.8940 0.3553 -0.2730
vn 0.5773 -0.3083 0.7561
vn -0.8613 0.3526 -0.3657
vn 0.5026 -0.2871 0.8155
vn -0.8204 0.3463 -0.4549
vn 0.4229 -0.2634 0.8671
vn 0.1067 0.0473 -0.9932
vn -0.7717 0.3365 -0.5396
vn 0.3392 -0.2371 0.9103
vn 0.1974 0.0116 -0.9803
vn -0.7156 0.3233 -0.6192
vn 0.2521 -0.2087 0.9449
vn 0.2861 -0.0242 -0.9579
vn -0.6526 0.3068 -0.6928
vn 0.1626 -0.1783 0.9705
vn 0.3721 -0.0598 -0.9263
vn -0.5834 0.2872 -0.7597
vn 0.0714 -0.1462 0.9867
vn 0.4544 -0.0948 -0.8858
vn -0.5086 0.2646 -0.8193
vn -0.0205 -0.1127 0.9934
vn 0.5322 -0.1289 -0.8367
vn -0.4289 0.2393 -0.8711
vn -0.1123 -0.0781 0.9906
vn -0.2031 -0.0427 0.9782
vn 0.9354 -0.2863 -0.2074
vn 0.9346 -0.1955 -0.2971
vn 0.9570 -0.2079 -0.2024
vn -0.0797 0.1127 -0.9904
vn 0.0133 0.0824 -0.9965
vn -0.5356 0.1153 0.8365
vn 0.8834 -0.2541 -0.3937
vn -0.6096 0.1444 0.7794
vn 0.9138 -0.2716 -0.3020
vn -0.6778 0.1722 0.7148
vn -0.7394 0.1984 0.6434
vn 0.9480 -0.2983 -0.1107
vn -0.7939 0.2226 0.5658
vn 0.9515 -0.3073 -0.0130
vn -0.8410 0.2447 0.4825
vn 0.9458 -0.3134 0.0850
vn -0.8799 0.2645 0.3948
vn 0.9309 -0.3164 0.1824
vn -0.9101 0.2816 0.3039
vn 0.9071 -0.3163 0.2779
vn -0.9318 0.2962 0.2098
vn 0.8745 -0.3131 0.3704
vn -0.9447 0.3079 0.1132
vn 0.8336 -0.3068 0.4594
vn -0.9484 0.3168 0.0152
vn 0.7846 -0.2975 0.5439
vn -0.9429 0.3228 -0.0827
vn 0.7281 -0.2854 0.6232
vn -0.9282 0.3257 -0.1797
vn 0.6646 -0.2704 0.6966
vn -0.9044 0.3256 -0.2756
vn 0.5947 -0.2527 0.7632
vn -0.8717 0.3224 -0.3689
vn 0.5191 -0.2326 0.8225
vn -0.8306 0.3163 -0.4583
vn 0.4384 -0.2101 0.8739
vn 0.1063 0.0514 -0.9930
vn -0.7814 0.3072 -0.5432
vn 0.3536 -0.1856 0.9168
vn 0.1982 0.0199 -0.9800
vn -0.7246 0.2952 -0.6228
vn 0.2654 -0.1592 0.9509
vn 0.2882 -0.0117 -0.9575
vn -0.6610 0.2805 -0.6960
vn 0.1747 -0.1311 0.9758
vn 0.3755 -0.0431 -0.9258
vn -0.5913 0.2630 -0.7623
vn 0.0824 -0.1018 0.9914
vn 0.4592 -0.0741 -0.8852
vn -0.5162 0.2431 -0.8212
vn -0.0107 -0.0715 0.9974
vn 0.5385 -0.1044 -0.8361
vn -0.4357 0.2208 -0.8726
vn -0.1037 -0.0404 0.9938
vn 0.6127 -0.1335 -0.7790
vn -0.3507 0.1962 -0.9157
vn -0.1956 -0.0089 0.9806
vn 0.6810 -0.1614 -0.7143
vn -0.2626 0.1698 -0.9498
vn -0.2856 0.0228 0.9581
vn 0.7428 -0.1876 -0.6427
vn -0.1720 0.1419 -0.9748
vn -0.3728 0.0542 0.9263
vn -0.4564 0.0852 0.8857
vn 0.9943 0.0828 0.0674
vn 0.9981 -0.0597 0.0124
vn 0.9925 -0.0591 0.1067
vn -0.7327 0.2221 0.6433
vn 0.9702 -0.2179 -0.1057
vn -0.7865 0.2435 0.5676
vn 0.9742 -0.2257 -0.0082
vn -0.8335 0.2620 0.4865
vn 0.9689 -0.2306 0.0902
vn -0.8734 0.2772 0.4003
vn 0.9544 -0.2321 0.1878
vn -0.9058 0.2888 0.3102
vn 0.9308 -0.2309 0.2835
vn -0.9301 0.2961 0.2173
vn 0.8983 -0.2270 0.3762
vn -0.9464 0.2994 0.1213
vn 0.8573 -0.2206 0.4652
vn -0.9527 0.3032 0.0191
vn 0.8081 -0.2116 0.5498
vn -0.9490 0.3050 -0.0795
vn 0.7512 -0.2003 0.6290
vn -0.9352 0.3045 -0.1808
vn 0.6869 -0.1862 0.7025
vn -0.9107 0.3039 -0.2797
vn 0.6160 -0.1690 0.7694
vn -0.8757 0.3022 -0.3766
vn 0.5395 -0.1489 0.8287
vn -0.8315 0.2994 -0.4679
vn 0.4580 -0.1263 0.8799
vn 0.0249 0.1332 -0.9908
vn 0.1167 0.1019 -0.9879
vn -0.7806 0.2936 -0.5517
vn 0.3724 -0.1013 0.9225
vn 0.2123 0.0731 -0.9745
vn -0.7234 0.2837 -0.6295
vn 0.2836 -0.0743 0.9561
vn 0.2999 0.0468 -0.9528
vn -0.6599 0.2701 -0.7011
vn 0.1926 -0.0457 0.9802
vn 0.3874 0.0146 -0.9218
vn -0.5907 0.2532 -0.7661
vn 0.1000 -0.0156 0.9949
vn 0.4715 -0.0164 -0.8817
vn -0.5159 0.2334 -0.8242
vn 0.0087 0.0103 0.9999
vn 0.5514 -0.0461 -0.8329
vn -0.4320 0.2159 -0.8757
vn -0.0869 0.0378 0.9955
vn 0.6265 -0.0741 -0.7759
vn -0.3500 0.1991 -0.9153
vn -0.1785 0.0676 0.9816
vn 0.6959 -0.1002 -0.7111
vn -0.2408 0.1941 -0.9510
vn -0.2683 0.0969 0.9585
vn 0.7589 -0.1241 -0.6393
vn -0.1593 0.1952 -0.9677
vn -0.3552 0.1257 0.9263
vn 0.8150 -0.1454 -0.5609
vn -0.0679 0.1640 -0.9841
vn -0.4385 0.1537 0.8855
vn 0.8633 -0.1642 -0.4772
vn -0.5176 0.1815 0.8361
vn 0.9033 -0.1809 -0.3890
vn -0.5873 0.1870 0.7875
vn -0.6708 0.1978 0.7147
vn 0.9231 -0.0670 0.3786
vn 0.9411 -0.1782 0.2874
vn 0.9085 -0.1761 0.3790
vn -0.8554 0.1237 0.5030
vn -0.8830 0.0686 0.4644
vn -0.8951 0.1248 0.4280
vn 0.9698 0.0779 0.2312
vn 0.9778 -0.0635 0.1998
vn -0.9200 0.0699 0.3856
vn -0.9311 0.1279 0.3417
vn 0.9389 0.0868 0.3331
vn 0.9546 -0.0690 0.2898
vn -0.9622 0.1301 0.2393
vn -0.9544 0.0704 0.2903
vn 0.9364 0.0923 0.3386
vn -0.9847 0.1252 0.1212
vn -0.9820 0.0722 0.1748
vn 0.9144 0.0934 0.3938
vn 0.8846 -0.0616 0.4624
vn -0.9929 0.1178 0.0145
vn -0.9964 0.0746 0.0400
vn 0.8536 0.1022 0.5107
vn 0.8362 -0.0582 0.5453
vn -0.9900 0.1144 -0.0820
vn -0.9942 0.0763 -0.0752
vn 0.7792 0.1174 0.6157
vn 0.7815 -0.0572 0.6212
vn -0.9773 0.1130 -0.1792
vn -0.9838 0.0756 -0.1624
vn 0.7075 0.1333 0.6940
vn 0.7217 -0.0570 0.6898
vn -0.9531 0.1083 -0.2825
vn -0.9611 0.0743 -0.2660
vn 0.6261 -0.1260 0.7695
vn 0.6530 -0.0555 0.7553
vn -0.9160 0.1024 -0.3880
vn -0.9165 0.0725 -0.3934
vn 0.5578 -0.1225 0.8209
vn 0.5782 -0.0519 0.8143
vn -0.8646 0.0992 -0.4926
vn -0.8453 0.0693 -0.5297
vn 0.4750 -0.1151 0.8724
vn 0.4998 -0.0484 0.8648
vn 0.1014 0.0146 -0.9947
vn 0.0097 0.0094 -0.9999
vn 0.0946 0.0018 -0.9955
vn -0.7997 0.1013 -0.5918
vn -0.7668 0.0659 -0.6385
vn 0.3862 -0.1070 0.9162
vn 0.4118 -0.0440 0.9102
vn 0.1998 -0.0093 -0.9798
vn 0.2049 -0.0115 -0.9787
vn -0.7311 0.1049 -0.6741
vn -0.7014 0.0624 -0.7101
vn 0.2913 -0.0974 0.9517
vn 0.3108 -0.0380 0.9497
vn 0.2828 -0.0310 -0.9587
vn 0.2900 -0.0191 -0.9568
vn -0.6653 0.1063 -0.7389
vn -0.6442 0.0586 -0.7626
vn 0.1830 -0.0289 0.9827
vn 0.1825 -0.0833 0.9797
vn 0.3721 -0.0542 -0.9266
vn 0.3859 -0.0289 -0.9221
vn -0.6158 0.1063 -0.7807
vn -0.5886 0.0560 -0.8065
vn 0.0682 -0.0639 0.9956
vn 0.0720 -0.0220 0.9972
vn 0.4621 -0.0773 -0.8835
vn 0.4824 -0.0386 -0.8751
vn -0.5593 0.1059 -0.8222
vn -0.5216 0.0539 -0.8515
vn -0.0180 -0.0507 0.9986
vn -0.0038 -0.0192 0.9998
vn 0.5462 -0.0975 -0.8320
vn 0.5699 -0.0472 -0.8203
vn -0.4667 0.1007 -0.8787
vn -0.4309 0.0487 -0.9011
vn -0.0940 -0.0135 0.9955
vn -0.1007 -0.0393 0.9941
vn 0.6248 -0.1155 -0.7722
vn 0.6501 -0.0552 -0.7579
vn -0.3530 0.0894 -0.9313
vn -0.3290 0.0406 -0.9435
vn -0.1912 -0.0072 0.9815
vn -0.1974 -0.0240 0.9800
vn 0.6949 -0.1309 -0.7071
vn 0.7211 -0.0620 -0.6900
vn -0.2355 0.0731 -0.9691
vn -0.2218 0.0300 -0.9746
vn -0.2873 -0.0009 0.9578
vn -0.2923 -0.0085 0.9563
vn 0.7556 -0.1436 -0.6391
vn 0.7799 -0.0675 -0.6222
vn -0.1271 0.0551 -0.9904
vn -0.1136 0.0188 -0.9934
vn -0.3698 0.0037 0.9291
vn -0.3818 0.0068 0.9242
vn 0.8119 -0.1562 -0.5625
vn 0.8266 -0.0728 -0.5581
vn -0.0655 0.0456 -0.9968
vn -0.0414 0.0129 -0.9991
vn -0.4552 0.0163 0.8902
vn -0.4424 0.0069 0.8968
vn 0.8249 -0.1598 -0.5423
vn 0.8828 -0.0732 -0.4640
vn -0.0103 0.0381 -0.9992
vn -0.4566 0.0312 0.8891
vn -0.5309 0.0128 0.8473
vn 0.8528 -0.1522 -0.4995
vn 0.9325 -0.0673 -0.3549
vn -0.6064 0.0336 0.7944
vn -0.5817 0.0782 0.8096
vn 0.9266 0.1131 -0.3585
vn 0.9598 -0.0636 -0.2732
vn -0.6865 0.0532 0.7251
vn -0.7156 0.1047 0.6907
vn 0.9648 0.1029 -0.2420
vn 0.9808 -0.0622 -0.1848
vn -0.7549 0.0575 0.6533
vn -0.7656 0.1119 0.6335
vn 0.9851 0.0937 -0.1440
vn 0.9944 -0.0610 -0.0861
vn -0.8060 0.0615 0.5887
vn -0.8114 0.1189 0.5722
vn 0.9955 0.0859 -0.0408
vn -0.8469 0.0654 0.5277
vn 0.8174 -0.1702 0.5504
vn 0.7224 -0.3459 0.5988
vn 0.7597 -0.1665 0.6286
vn -0.9786 -0.0659 0.1950
vn -0.9932 -0.0621 0.0982
vn 0.8672 -0.1734 0.4669
vn -0.9982 -0.0602 0.0002
vn -0.9935 -0.0597 -0.0971
vn -0.9793 -0.0595 -0.1936
vn 0.6947 -0.1623 0.7008
vn -0.9555 -0.0606 -0.2887
vn 0.6228 -0.1578 0.7663
vn -0.9226 -0.0627 -0.3805
vn 0.5449 -0.1530 0.8244
vn -0.8806 -0.0664 -0.4692
vn 0.4615 -0.1480 0.8747
vn 0.0900 -0.1474 -0.9850
vn -0.8299 -0.0726 -0.5532
vn 0.3736 -0.1430 0.9165
vn 0.1862 -0.1507 -0.9709
vn -0.7714 -0.0806 -0.6312
vn 0.2818 -0.1384 0.9494
vn 0.2803 -0.1539 -0.9475
vn -0.7058 -0.0888 -0.7028
vn 0.1868 -0.1350 0.9731
vn 0.3717 -0.1567 -0.9150
vn -0.6337 -0.0964 -0.7675
vn 0.0909 -0.1319 0.9871
vn 0.4598 -0.1594 -0.8736
vn -0.5557 -0.1033 -0.8249
vn -0.0061 -0.1278 0.9918
vn 0.5433 -0.1624 -0.8237
vn -0.4724 -0.1097 -0.8746
vn -0.1033 -0.1237 0.9869
vn 0.6215 -0.1655 -0.7658
vn -0.3843 -0.1163 -0.9159
vn -0.1995 -0.1197 0.9726
vn 0.6935 -0.1686 -0.7004
vn -0.2928 -0.1233 -0.9482
vn -0.2939 -0.1160 0.9488
vn 0.7587 -0.1716 -0.6284
vn -0.1984 -0.1306 -0.9714
vn -0.3852 -0.1121 0.9160
vn 0.8165 -0.1741 -0.5504
vn -0.1026 -0.1378 -0.9851
vn -0.4728 -0.1076 0.8746
vn 0.8665 -0.1756 -0.4673
vn -0.0065 -0.1436 -0.9896
vn -0.5563 -0.1030 0.8246
vn 0.9083 -0.1773 -0.3789
vn -0.6343 -0.0986 0.7667
vn 0.9409 -0.1792 -0.2875
vn -0.7065 -0.0945 0.7014
vn 0.9644 -0.1804 -0.1933
vn -0.7718 -0.0907 0.6294
vn 0.9787 -0.1809 -0.0971
vn -0.8296 -0.0866 0.5516
vn 0.9835 -0.1810 -0.0000
vn -0.8796 -0.0819 0.4685
vn 0.9787 -0.1807 0.0970
vn -0.9214 -0.0765 0.3810
vn 0.9646 -0.1797 0.1931
vn -0.9545 -0.0710 0.2895
vn -0.0043 -0.9969 0.0792
vn -0.0347 -0.9989 -0.0315
vn -0.0122 -0.9966 0.0811
vn -0.9825 -0.1594 -0.0965
vn -0.9681 -0.1611 -0.1921
vn 0.6616 -0.3393 0.6686
vn -0.9442 -0.1637 -0.2857
vn 0.5943 -0.3321 0.7325
vn -0.9112 -0.1674 -0.3764
vn 0.5210 -0.3242 0.7896
vn -0.8694 -0.1720 -0.4633
vn 0.4423 -0.3157 0.8395
vn -0.0051 -0.2672 -0.9636
vn 0.0888 -0.2774 -0.9566
vn -0.8191 -0.1776 -0.5454
vn 0.3590 -0.3067 0.8815
vn 0.1814 -0.2875 -0.9405
vn -0.7610 -0.1841 -0.6221
vn 0.2717 -0.2973 0.9153
vn 0.2717 -0.2973 -0.9153
vn -0.6956 -0.1913 -0.6925
vn 0.1814 -0.2875 0.9405
vn 0.3590 -0.3067 -0.8815
vn -0.6237 -0.1993 -0.7559
vn 0.0888 -0.2774 0.9566
vn 0.4423 -0.3157 -0.8395
vn -0.5459 -0.2078 -0.8117
vn -0.0051 -0.2672 0.9636
vn 0.5210 -0.3242 -0.7896
vn -0.4631 -0.2170 -0.8593
vn -0.0995 -0.2569 0.9613
vn 0.5943 -0.3321 -0.7325
vn -0.3762 -0.2265 -0.8984
vn -0.1935 -0.2466 0.9496
vn 0.6616 -0.3393 -0.6686
vn -0.2860 -0.2364 -0.9286
vn -0.2860 -0.2364 0.9286
vn 0.7224 -0.3459 -0.5988
vn -0.1935 -0.2466 -0.9496
vn -0.3762 -0.2265 0.8984
vn 0.7761 -0.3516 -0.5235
vn -0.0995 -0.2569 -0.9613
vn -0.4631 -0.2170 0.8593
vn 0.8223 -0.3566 -0.4435
vn -0.5459 -0.2078 0.8117
vn 0.8606 -0.3607 -0.3596
vn -0.6237 -0.1993 0.7559
vn 0.8907 -0.3639 -0.2725
vn -0.6956 -0.1913 0.6925
vn 0.9124 -0.3662 -0.1830
vn -0.7610 -0.1841 0.6221
vn 0.9254 -0.3676 -0.0919
vn -0.8191 -0.1776 0.5454
vn 0.9298 -0.3681 -0.0000
vn -0.8694 -0.1720 0.4633
vn 0.9254 -0.3676 0.0919
vn -0.9112 -0.1674 0.3764
vn 0.9124 -0.3662 0.1830
vn -0.9442 -0.1637 0.2857
vn 0.8907 -0.3639 0.2725
vn -0.9681 -0.1611 0.1921
vn 0.8606 -0.3607 0.3596
vn -0.9825 -0.1594 0.0965
vn 0.8223 -0.3566 0.4435
vn -0.9873 -0.1589 -0.0000
vn 0.7761 -0.3516 0.5235
vn -0.2130 -0.9364 0.2788
vn -0.3204 -0.8763 0.3599
vn -0.2394 -0.9357 0.2592
vn -0.0043 -0.9969 -0.0792
vn -0.0407 -0.9987 0.0296
vn 0.0033 -0.9971 -0.0764
vn -0.0923 -0.9944 0.0525
vn -0.0018 -0.9998 -0.0178
vn -0.0971 -0.9942 0.0460
vn -0.0202 -0.9964 0.0823
vn -0.0316 -0.9990 -0.0319
vn -0.0435 -0.9987 0.0283
vn 0.0106 -0.9973 -0.0730
vn -0.0002 -0.9999 -0.0151
vn -0.1013 -0.9941 0.0390
vn -0.0284 -0.9991 -0.0321
vn -0.0283 -0.9962 0.0827
vn 0.0176 -0.9975 -0.0688
vn -0.0462 -0.9986 0.0267
vn 0.0012 -0.9999 -0.0123
vn -0.1047 -0.9940 0.0317
vn 0.0241 -0.9977 -0.0640
vn -0.0488 -0.9985 0.0248
vn -0.1075 -0.9939 0.0240
vn 0.0022 -1.0000 -0.0093
vn 0.0301 -0.9978 -0.0585
vn -0.0511 -0.9984 0.0227
vn 0.0030 -1.0000 -0.0063
vn -0.1094 -0.9939 0.0161
vn 0.0356 -0.9980 -0.0525
vn -0.0532 -0.9984 0.0203
vn 0.0035 -1.0000 -0.0031
vn -0.1106 -0.9938 0.0081
vn 0.0404 -0.9981 -0.0460
vn -0.0551 -0.9983 0.0178
vn -0.1110 -0.9938 -0.0000
vn 0.0036 -1.0000 -0.0000
vn 0.0446 -0.9982 -0.0390
vn -0.0567 -0.9983 0.0151
vn 0.0035 -1.0000 0.0031
vn -0.1106 -0.9938 -0.0081
vn 0.0481 -0.9983 -0.0317
vn -0.0580 -0.9982 0.0123
vn -0.1094 -0.9939 -0.0161
vn 0.0030 -1.0000 0.0063
vn -0.0591 -0.9982 0.0093
vn 0.0508 -0.9984 -0.0240
vn 0.0022 -1.0000 0.0093
vn -0.1075 -0.9939 -0.0240
vn -0.0599 -0.9982 0.0063
vn 0.0528 -0.9985 -0.0161
vn 0.0012 -0.9999 0.0123
vn -0.1047 -0.9940 -0.0317
vn 0.0540 -0.9985 -0.0081
vn -0.0603 -0.9982 0.0031
vn -0.0002 -0.9999 0.0151
vn -0.1013 -0.9941 -0.0390
vn -0.0605 -0.9982 -0.0000
vn 0.0544 -0.9985 -0.0000
vn -0.0971 -0.9942 -0.0460
vn -0.0018 -0.9998 0.0178
vn 0.0540 -0.9985 0.0081
vn -0.0603 -0.9982 -0.0031
vn -0.0923 -0.9944 -0.0525
vn -0.0036 -0.9998 0.0203
vn 0.0528 -0.9985 0.0161
vn -0.0599 -0.9982 -0.0063
vn -0.0058 -0.9997 0.0227
vn -0.0868 -0.9945 -0.0585
vn 0.0508 -0.9984 0.0240
vn -0.0591 -0.9982 -0.0093
vn -0.0808 -0.9947 -0.0640
vn -0.0081 -0.9997 0.0248
vn 0.0481 -0.9983 0.0317
vn -0.0580 -0.9982 -0.0123
vn -0.0106 -0.9996 0.0267
vn -0.0743 -0.9949 -0.0688
vn -0.0567 -0.9983 -0.0151
vn 0.0446 -0.9982 0.0390
vn -0.0673 -0.9951 -0.0730
vn -0.0133 -0.9995 0.0283
vn -0.0253 -0.9992 -0.0319
vn -0.0364 -0.9959 0.0823
vn -0.0551 -0.9983 -0.0178
vn 0.0404 -0.9981 0.0460
vn -0.0600 -0.9953 -0.0764
vn -0.0162 -0.9994 0.0296
vn -0.0222 -0.9993 -0.0315
vn -0.0445 -0.9957 0.0811
vn -0.0532 -0.9984 -0.0203
vn 0.0356 -0.9980 0.0525
vn -0.0523 -0.9955 -0.0792
vn -0.0191 -0.9993 0.0307
vn -0.0523 -0.9955 0.0792
vn -0.0191 -0.9993 -0.0307
vn -0.0511 -0.9984 -0.0227
vn 0.0301 -0.9978 0.0585
vn -0.0445 -0.9957 -0.0811
vn -0.0222 -0.9993 0.0314
vn -0.0162 -0.9994 -0.0296
vn -0.0600 -0.9953 0.0764
vn -0.0488 -0.9985 -0.0248
vn 0.0241 -0.9977 0.0640
vn -0.0253 -0.9992 0.0319
vn -0.0364 -0.9959 -0.0823
vn -0.0133 -0.9995 -0.0283
vn -0.0673 -0.9951 0.0730
vn 0.0176 -0.9975 0.0688
vn -0.0462 -0.9986 -0.0267
vn -0.0283 -0.9962 -0.0827
vn -0.0284 -0.9991 0.0321
vn -0.0106 -0.9996 -0.0267
vn -0.0743 -0.9949 0.0688
vn 0.0106 -0.9973 0.0730
vn -0.0435 -0.9987 -0.0283
vn -0.0316 -0.9990 0.0319
vn -0.0202 -0.9964 -0.0823
vn -0.0808 -0.9947 0.0639
vn -0.0081 -0.9997 -0.0248
vn -0.0407 -0.9987 -0.0296
vn 0.0033 -0.9971 0.0764
vn -0.0347 -0.9989 0.0314
vn -0.0122 -0.9966 -0.0811
vn -0.0868 -0.9945 0.0585
vn -0.0058 -0.9997 -0.0227
vn -0.0377 -0.9988 -0.0307
vn -0.0377 -0.9988 0.0307
vn -0.0036 -0.9998 -0.0203
vn -0.4251 0.8270 0.3680
vn -0.3252 0.9161 0.2346
vn -0.4590 0.8279 0.3223
vn 0.2939 -0.9509 -0.0973
vn 0.4047 -0.8969 -0.1781
vn 0.4201 -0.8973 -0.1351
vn -0.2638 -0.9350 0.2371
vn -0.3542 -0.8753 0.3292
vn 0.4312 -0.8977 -0.0908
vn 0.3019 -0.9511 -0.0654
vn -0.2859 -0.9344 0.2127
vn -0.3849 -0.8744 0.2953
vn 0.3067 -0.9512 -0.0329
vn 0.4379 -0.8979 -0.0456
vn -0.4121 -0.8737 0.2586
vn -0.3054 -0.9338 0.1863
vn 0.3083 -0.9513 -0.0000
vn 0.4402 -0.8979 -0.0000
vn -0.3224 -0.9333 0.1580
vn -0.4356 -0.8730 0.2194
vn 0.4379 -0.8979 0.0456
vn 0.3067 -0.9512 0.0329
vn -0.4551 -0.8724 0.1781
vn -0.3364 -0.9329 0.1283
vn 0.4312 -0.8977 0.0908
vn 0.3019 -0.9511 0.0654
vn -0.4705 -0.8720 0.1351
vn -0.3475 -0.9326 0.0973
vn 0.2939 -0.9509 0.0973
vn 0.4201 -0.8973 0.1351
vn -0.4816 -0.8717 0.0908
vn -0.3555 -0.9324 0.0654
vn 0.4047 -0.8969 0.1781
vn 0.2828 -0.9505 0.1283
vn -0.4883 -0.8715 0.0456
vn -0.3603 -0.9323 0.0329
vn 0.2688 -0.9501 0.1580
vn 0.3852 -0.8964 0.2194
vn -0.4905 -0.8714 -0.0000
vn -0.3619 -0.9322 -0.0000
vn 0.2519 -0.9497 0.1863
vn 0.3617 -0.8957 0.2586
vn -0.4883 -0.8715 -0.0456
vn -0.3603 -0.9323 -0.0329
vn 0.2323 -0.9491 0.2127
vn 0.3345 -0.8949 0.2953
vn -0.4816 -0.8717 -0.0908
vn -0.3555 -0.9324 -0.0654
vn 0.2102 -0.9485 0.2371
vn 0.3039 -0.8940 0.3292
vn -0.3475 -0.9326 -0.0973
vn -0.4705 -0.8720 -0.1351
vn 0.2700 -0.8931 0.3599
vn 0.1858 -0.9478 0.2592
vn -0.4551 -0.8724 -0.1781
vn -0.3364 -0.9329 -0.1283
vn 0.1594 -0.9470 0.2788
vn 0.2334 -0.8920 0.3871
vn -0.3224 -0.9333 -0.1580
vn -0.4356 -0.8730 -0.2194
vn 0.1942 -0.8909 0.4106
vn 0.1312 -0.9462 0.2957
vn -0.0268 -0.9417 -0.3353
vn 0.0204 -0.8860 -0.4633
vn 0.0061 -0.9427 -0.3337
vn -0.3055 -0.9338 -0.1863
vn -0.4121 -0.8737 -0.2586
vn 0.1529 -0.8897 0.4301
vn 0.1015 -0.9454 0.3098
vn 0.0656 -0.8873 -0.4566
vn 0.0386 -0.9436 -0.3288
vn -0.3849 -0.8744 -0.2953
vn -0.2859 -0.9344 -0.2127
vn 0.0705 -0.9445 0.3208
vn 0.1099 -0.8885 0.4455
vn 0.1099 -0.8885 -0.4455
vn 0.0705 -0.9445 -0.3208
vn -0.2638 -0.9350 -0.2371
vn -0.3542 -0.8753 -0.3292
vn 0.0656 -0.8873 0.4566
vn 0.0386 -0.9436 0.3288
vn 0.1529 -0.8897 -0.4301
vn 0.1015 -0.9454 -0.3098
vn -0.3204 -0.8763 -0.3599
vn -0.2394 -0.9357 -0.2592
vn 0.0204 -0.8860 0.4633
vn 0.0061 -0.9427 0.3337
vn 0.1942 -0.8909 -0.4106
vn 0.1312 -0.9462 -0.2957
vn -0.2837 -0.8773 -0.3871
vn -0.2130 -0.9364 -0.2788
vn -0.0268 -0.9417 0.3353
vn -0.0252 -0.8847 0.4655
vn 0.1594 -0.9470 -0.2788
vn 0.2334 -0.8920 -0.3871
vn -0.2445 -0.8784 -0.4106
vn -0.1848 -0.9372 -0.2957
vn -0.0708 -0.8834 0.4633
vn -0.0596 -0.9408 0.3337
vn 0.2700 -0.8931 -0.3599
vn 0.1858 -0.9478 -0.2592
vn -0.1550 -0.9381 -0.3098
vn -0.2032 -0.8796 -0.4301
vn -0.1160 -0.8821 0.4566
vn -0.0922 -0.9399 0.3288
vn 0.2102 -0.9485 -0.2371
vn 0.3039 -0.8940 -0.3292
vn -0.1241 -0.9390 -0.3208
vn -0.1602 -0.8808 -0.4455
vn -0.1241 -0.9390 0.3208
vn -0.1602 -0.8808 0.4455
vn 0.3345 -0.8949 -0.2953
vn 0.2323 -0.9491 -0.2127
vn -0.1160 -0.8821 -0.4566
vn -0.0922 -0.9399 -0.3288
vn -0.2032 -0.8796 0.4301
vn -0.1550 -0.9381 0.3097
vn 0.3617 -0.8957 -0.2586
vn 0.2519 -0.9497 -0.1863
vn -0.0708 -0.8834 -0.4633
vn -0.0596 -0.9408 -0.3337
vn -0.1848 -0.9372 0.2957
vn -0.2445 -0.8784 0.4106
vn 0.3852 -0.8964 -0.2194
vn 0.2688 -0.9501 -0.1580
vn -0.0252 -0.8847 -0.4655
vn -0.2837 -0.8773 0.3871
vn 0.2828 -0.9505 -0.1283
vn -0.2420 0.9137 0.3265
vn -0.0975 0.9774 0.1874
vn -0.1152 0.9779 0.1742
vn 0.6030 0.7977 -0.0000
vn 0.4459 0.8941 -0.0414
vn 0.4480 0.8941 -0.0000
vn -0.4882 0.8288 0.2735
vn -0.3465 0.9167 0.1991
vn 0.6002 0.7978 0.0569
vn 0.4459 0.8941 0.0414
vn -0.5126 0.8295 0.2220
vn -0.3643 0.9172 0.1616
vn 0.5972 0.7976 0.0852
vn 0.4438 0.8940 0.0620
vn -0.3782 0.9176 0.1226
vn -0.5317 0.8300 0.1684
vn 0.5861 0.7979 0.1411
vn 0.4298 0.8946 0.1226
vn 0.5781 0.7984 0.1684
vn -0.5456 0.8304 0.1132
vn -0.3883 0.9178 0.0824
vn 0.5589 0.7990 0.2220
vn 0.4158 0.8950 0.1616
vn -0.3944 0.9180 0.0414
vn -0.5539 0.8306 0.0569
vn 0.5346 0.7997 0.2735
vn 0.3981 0.8955 0.1991
vn -0.5567 0.8307 -0.0000
vn -0.3964 0.9181 -0.0000
vn 0.3768 0.8961 0.2346
vn 0.5053 0.8005 0.3223
vn -0.3944 0.9180 -0.0414
vn -0.5539 0.8306 -0.0569
vn 0.3521 0.8968 0.2679
vn 0.4714 0.8015 0.3680
vn -0.5509 0.8302 -0.0852
vn -0.3923 0.9178 -0.0620
vn 0.4332 0.8025 0.4102
vn 0.3243 0.8976 0.2986
vn -0.5398 0.8299 -0.1411
vn -0.3782 0.9176 -0.1226
vn -0.5317 0.8300 -0.1684
vn 0.3910 0.8037 0.4484
vn 0.2936 0.8984 0.3265
vn -0.5126 0.8295 -0.2220
vn -0.3643 0.9172 -0.1616
vn 0.2603 0.8994 0.3512
vn 0.3453 0.8050 0.4823
vn -0.3465 0.9167 -0.1991
vn -0.4882 0.8288 -0.2735
vn 0.2965 0.8064 0.5116
vn 0.2248 0.9004 0.3725
vn 0.0800 0.8126 -0.5773
vn 0.0258 0.9061 -0.4223
vn 0.0672 0.9049 -0.4203
vn -0.3252 0.9161 -0.2346
vn -0.4590 0.8279 -0.3223
vn 0.2451 0.8079 0.5359
vn 0.1873 0.9015 0.3902
vn 0.1081 0.9037 -0.4142
vn 0.1363 0.8110 -0.5690
vn -0.4251 0.8270 -0.3680
vn -0.3006 0.9154 -0.2679
vn 0.1483 0.9026 0.4042
vn 0.1915 0.8094 0.5551
vn 0.1483 0.9026 -0.4042
vn 0.1915 0.8094 -0.5551
vn -0.2727 0.9146 -0.2986
vn -0.3869 0.8259 -0.4102
vn 0.1363 0.8110 0.5690
vn 0.1081 0.9037 0.4142
vn 0.2451 0.8079 -0.5359
vn 0.1873 0.9015 -0.3902
vn -0.2420 0.9137 -0.3265
vn -0.3447 0.8247 -0.4484
vn 0.0800 0.8126 0.5773
vn 0.0672 0.9049 0.4203
vn 0.2248 0.9004 -0.3725
vn 0.2965 0.8064 -0.5116
vn -0.2088 0.9127 -0.3512
vn -0.2990 0.8234 -0.4823
vn 0.0258 0.9061 0.4223
vn 0.0232 0.8142 0.5801
vn 0.2603 0.8994 -0.3512
vn 0.3453 0.8050 -0.4823
vn -0.1732 0.9117 -0.3725
vn -0.2502 0.8220 -0.5116
vn -0.0337 0.8158 0.5773
vn -0.0156 0.9072 0.4203
vn 0.3910 0.8037 -0.4484
vn 0.2936 0.8984 -0.3265
vn -0.1358 0.9107 -0.3902
vn -0.1987 0.8205 -0.5359
vn -0.0566 0.9084 0.4142
vn -0.0900 0.8174 0.5690
vn 0.3243 0.8976 -0.2986
vn 0.4332 0.8025 -0.4102
vn -0.1452 0.8190 -0.5551
vn -0.0968 0.9096 -0.4042
vn -0.0968 0.9096 0.4042
vn -0.1452 0.8190 0.5551
vn 0.3521 0.8968 -0.2679
vn 0.4714 0.8015 -0.3680
vn -0.0900 0.8174 -0.5690
vn -0.0566 0.9084 -0.4142
vn -0.1358 0.9107 0.3902
vn -0.1987 0.8205 0.5359
vn 0.5053 0.8005 -0.3223
vn 0.3768 0.8961 -0.2346
vn -0.0156 0.9072 -0.4203
vn -0.0337 0.8158 -0.5773
vn -0.2502 0.8220 0.5116
vn -0.1732 0.9117 0.3725
vn 0.3981 0.8955 -0.1991
vn 0.5346 0.7997 -0.2735
vn 0.0232 0.8142 -0.5801
vn -0.2088 0.9127 0.3512
vn -0.2990 0.8234 0.4823
vn 0.4158 0.8950 -0.1616
vn 0.5589 0.7990 -0.2220
vn -0.3447 0.8247 0.4484
vn 0.4298 0.8946 -0.1226
vn 0.5781 0.7984 -0.1684
vn -0.3869 0.8259 0.4102
vn -0.2727 0.9146 0.2986
vn 0.5919 0.7980 -0.1132
vn 0.4398 0.8943 -0.0824
vn -0.3006 0.9154 0.2679
vn 0.6002 0.7978 -0.0569
vn -0.1596 0.9792 0.1252
vn -0.0575 0.9960 0.0687
vn -0.0621 0.9962 0.0603
vn 0.4357 0.8942 0.1027
vn 0.2433 0.9677 0.0654
vn -0.1316 0.9784 0.1594
vn 0.2359 0.9680 0.0863
vn -0.1465 0.9788 0.1430
vn 0.2264 0.9682 0.1062
vn 0.2150 0.9685 0.1252
vn -0.1710 0.9795 0.1062
vn 0.2019 0.9689 0.1430
vn -0.1804 0.9798 0.0863
vn 0.1870 0.9693 0.1594
vn -0.1879 0.9800 0.0654
vn 0.1706 0.9698 0.1742
vn -0.1933 0.9802 0.0440
vn 0.1529 0.9703 0.1874
vn -0.1965 0.9803 0.0221
vn 0.1339 0.9709 0.1988
vn 0.0498 0.9732 -0.2243
vn -0.1976 0.9803 -0.0000
vn 0.1139 0.9714 0.2082
vn 0.0717 0.9726 -0.2211
vn -0.1965 0.9803 -0.0221
vn 0.0931 0.9720 0.2157
vn 0.0931 0.9720 -0.2157
vn -0.1954 0.9802 -0.0331
vn 0.0717 0.9726 0.2211
vn 0.1139 0.9714 -0.2082
vn -0.3842 0.9175 -0.1027
vn -0.1879 0.9800 -0.0654
vn 0.0498 0.9732 0.2243
vn 0.1339 0.9709 -0.1988
vn -0.1804 0.9798 -0.0863
vn 0.0277 0.9739 0.2254
vn 0.1529 0.9703 -0.1874
vn -0.1710 0.9795 -0.1062
vn 0.0056 0.9745 0.2243
vn 0.1706 0.9698 -0.1742
vn -0.1596 0.9792 -0.1252
vn -0.0163 0.9751 0.2211
vn 0.1870 0.9693 -0.1594
vn -0.1465 0.9788 -0.1430
vn -0.0377 0.9757 0.2157
vn 0.2019 0.9689 -0.1430
vn -0.1316 0.9784 -0.1594
vn -0.0585 0.9763 0.2082
vn 0.2150 0.9685 -0.1252
vn -0.1152 0.9779 -0.1742
vn -0.0785 0.9769 0.1988
vn 0.2264 0.9682 -0.1062
vn -0.0975 0.9774 -0.1874
vn 0.2359 0.9680 -0.0863
vn -0.0785 0.9769 -0.1988
vn 0.2433 0.9677 -0.0654
vn -0.0585 0.9763 -0.2082
vn 0.2487 0.9676 -0.0440
vn -0.0377 0.9757 -0.2157
vn 0.2519 0.9675 -0.0221
vn -0.0162 0.9751 -0.2211
vn 0.2530 0.9675 -0.0000
vn 0.0056 0.9745 -0.2243
vn 0.2519 0.9675 0.0221
vn 0.0277 0.9739 -0.2254
vn 0.2508 0.9675 0.0331
vn 0.0073 0.9943 0.1065
vn 0.1348 0.9906 0.0212
vn 0.0494 0.9931 -0.1065
vn 0.1364 0.9906 -0.0104
vn 0.1370 0.9906 -0.0000
vn -0.0653 0.9966 0.0512
vn 0.1364 0.9906 0.0105
vn -0.0722 0.9965 0.0413
vn -0.0755 0.9966 0.0317
vn 0.2465 0.9676 0.0548
vn 0.1362 0.9902 0.0317
vn -0.0781 0.9967 0.0212
vn 0.1288 0.9908 0.0414
vn -0.0796 0.9968 0.0105
vn 0.1182 0.9917 0.0507
vn -0.0801 0.9968 -0.0000
vn 0.1185 0.9911 0.0604
vn -0.0796 0.9968 -0.0105
vn 0.1102 0.9915 0.0690
vn -0.0781 0.9967 -0.0212
vn 0.1052 0.9915 0.0769
vn -0.0755 0.9966 -0.0317
vn 0.0972 0.9918 0.0832
vn -0.0723 0.9965 -0.0413
vn 0.0886 0.9920 0.0902
vn -0.0653 0.9965 -0.0512
vn 0.0796 0.9922 0.0956
vn 0.0389 0.9934 -0.1083
vn -0.0618 0.9963 -0.0604
vn 0.0695 0.9925 0.1002
vn -0.0576 0.9960 -0.0688
vn 0.0607 0.9927 0.1046
vn 0.0607 0.9927 -0.1046
vn -0.0488 0.9958 -0.0769
vn 0.0494 0.9931 0.1067
vn 0.0695 0.9925 -0.1002
vn -0.0424 0.9954 -0.0859
vn 0.0389 0.9934 0.1083
vn 0.0796 0.9922 -0.0956
vn -0.0319 0.9954 -0.0903
vn 0.0283 0.9937 0.1085
vn 0.0886 0.9920 -0.0902
vn -0.0227 0.9952 -0.0948
vn 0.0173 0.9940 0.1079
vn 0.0972 0.9918 -0.0832
vn -0.0134 0.9948 -0.1009
vn 0.1051 0.9915 -0.0769
vn -0.0031 0.9946 -0.1034
vn -0.0031 0.9946 0.1033
vn 0.1102 0.9915 -0.0690
vn 0.0073 0.9943 -0.1065
vn -0.0131 0.9948 0.1009
vn 0.1184 0.9911 -0.0604
vn 0.0174 0.9940 -0.1079
vn -0.0225 0.9952 0.0948
vn 0.1182 0.9917 -0.0507
vn 0.0285 0.9937 -0.1085
vn -0.0318 0.9954 0.0903
vn 0.1288 0.9908 -0.0414
vn -0.0425 0.9954 0.0859
vn 0.1362 0.9902 -0.0317
vn -0.0488 0.9958 0.0769
vn 0.1347 0.9907 -0.0212
vn 0.0376 -0.9987 -0.0353
vn 0.0407 -0.9988 -0.0286
vn 0.0815 -0.9949 -0.0587
vn 0.0868 -0.9951 -0.0476
vn -0.0699 -0.9956 0.0622
vn -0.0636 -0.9958 0.0660
vn -0.0974 -0.9899 0.1035
vn -0.0869 -0.9901 0.1098
vn -0.0284 -0.9968 -0.0748
vn -0.0404 -0.9915 -0.1239
vn -0.0282 -0.9918 -0.1245
vn 0.0338 -0.9986 -0.0416
vn 0.0753 -0.9948 -0.0692
vn -0.0570 -0.9960 0.0691
vn -0.0758 -0.9905 0.1150
vn -0.0357 -0.9966 -0.0745
vn -0.0430 -0.9964 -0.0734
vn 0.0295 -0.9984 -0.0475
vn 0.0680 -0.9946 -0.0790
vn -0.0501 -0.9962 0.0716
vn -0.0643 -0.9908 0.1191
vn -0.0643 -0.9908 -0.1191
vn -0.0525 -0.9911 -0.1221
vn 0.0598 -0.9943 -0.0880
vn -0.0430 -0.9964 0.0734
vn -0.0525 -0.9911 0.1221
vn -0.0570 -0.9960 -0.0691
vn -0.0501 -0.9962 -0.0716
vn -0.0758 -0.9905 -0.1150
vn 0.0245 -0.9983 -0.0529
vn 0.0507 -0.9941 -0.0962
vn -0.0357 -0.9966 0.0745
vn -0.0404 -0.9915 0.1239
vn -0.0636 -0.9958 -0.0660
vn -0.0869 -0.9901 -0.1098
vn 0.0132 -0.9980 -0.0622
vn 0.0191 -0.9981 -0.0578
vn -0.0284 -0.9968 0.0748
vn -0.0282 -0.9918 0.1245
vn -0.0699 -0.9956 -0.0622
vn -0.0974 -0.9899 -0.1035
vn 0.0305 -0.9935 -0.1098
vn 0.0409 -0.9938 -0.1035
vn -0.0210 -0.9970 0.0745
vn -0.0160 -0.9922 0.1239
vn -0.1072 -0.9896 -0.0962
vn 0.0003 -0.9976 -0.0691
vn 0.0069 -0.9978 -0.0660
vn 0.0194 -0.9932 -0.1150
vn -0.0138 -0.9972 0.0734
vn -0.0039 -0.9925 0.1221
vn -0.0812 -0.9953 -0.0529
vn -0.0758 -0.9954 -0.0578
vn -0.1162 -0.9893 -0.0880
vn -0.0066 -0.9974 -0.0716
vn 0.0079 -0.9928 -0.1191
vn -0.0066 -0.9974 0.0716
vn 0.0079 -0.9928 0.1191
vn -0.0862 -0.9951 -0.0475
vn -0.0138 -0.9972 -0.0734
vn -0.0039 -0.9925 -0.1221
vn 0.0003 -0.9976 0.0691
vn 0.0194 -0.9932 0.1150
vn -0.0905 -0.9950 -0.0416
vn -0.1244 -0.9891 -0.0790
vn -0.1317 -0.9889 -0.0692
vn -0.0210 -0.9970 -0.0745
vn -0.0160 -0.9922 -0.1239
vn 0.0069 -0.9978 0.0660
vn 0.0305 -0.9935 0.1098
vn -0.0943 -0.9949 -0.0353
vn -0.1380 -0.9887 -0.0587
vn 0.0409 -0.9938 0.1035
vn -0.0975 -0.9948 -0.0286
vn -0.1432 -0.9885 -0.0476
vn 0.0132 -0.9980 0.0622
vn 0.0191 -0.9981 0.0578
vn -0.0999 -0.9948 -0.0217
vn -0.1473 -0.9884 -0.0361
vn 0.0245 -0.9983 0.0529
vn 0.0507 -0.9941 0.0962
vn 0.0598 -0.9943 0.0880
vn -0.1017 -0.9947 -0.0146
vn -0.1503 -0.9883 -0.0243
vn 0.0295 -0.9984 0.0475
vn -0.1521 -0.9883 -0.0122
vn 0.0338 -0.9986 0.0416
vn 0.0753 -0.9948 0.0692
vn 0.0680 -0.9946 0.0790
vn -0.1032 -0.9947 -0.0000
vn -0.1028 -0.9947 -0.0073
vn -0.1527 -0.9883 -0.0000
vn 0.0376 -0.9987 0.0353
vn 0.0815 -0.9949 0.0587
vn -0.1028 -0.9947 0.0073
vn 0.0868 -0.9951 0.0476
vn -0.1503 -0.9883 0.0243
vn -0.1521 -0.9883 0.0122
vn 0.0407 -0.9988 0.0286
vn 0.0432 -0.9988 0.0217
vn -0.1017 -0.9947 0.0146
vn -0.0999 -0.9948 0.0217
vn -0.1473 -0.9884 0.0361
vn 0.0450 -0.9989 0.0146
vn 0.0938 -0.9953 0.0243
vn 0.0909 -0.9952 0.0361
vn -0.0975 -0.9948 0.0286
vn -0.1432 -0.9885 0.0476
vn 0.0956 -0.9953 0.0122
vn -0.0943 -0.9949 0.0353
vn -0.1380 -0.9887 0.0587
vn 0.0464 -0.9989 -0.0000
vn 0.0461 -0.9989 0.0073
vn 0.0962 -0.9954 -0.0000
vn -0.0905 -0.9950 0.0416
vn -0.1317 -0.9889 0.0692
vn 0.0461 -0.9989 -0.0073
vn 0.0956 -0.9953 -0.0122
vn -0.1244 -0.9891 0.0790
vn 0.0450 -0.9989 -0.0146
vn 0.0938 -0.9953 -0.0243
vn -0.0862 -0.9951 0.0475
vn -0.1162 -0.9893 0.0880
vn 0.0432 -0.9988 -0.0217
vn 0.0909 -0.9952 -0.0361
vn -0.0812 -0.9953 0.0529
vn -0.0758 -0.9954 0.0578
vn -0.1072 -0.9896 0.0962
vn -0.2271 -0.9532 0.1999
vn -0.1866 -0.9738 0.1303
vn -0.2457 -0.9526 0.1793
vn -0.1730 -0.9741 0.1453
vn 0.0547 -0.9612 -0.2705
vn 0.0122 -0.9794 -0.2015
vn 0.0318 -0.9800 -0.1966
vn 0.0808 -0.9619 0.2611
vn 0.0318 -0.9800 0.1966
vn 0.0547 -0.9612 0.2705
vn -0.1581 -0.9746 0.1588
vn 0.0004 -0.9596 -0.2813
vn 0.0278 -0.9604 -0.2772
vn 0.0690 -0.9810 0.1812
vn 0.0507 -0.9805 0.1898
vn -0.1842 -0.9544 0.2350
vn -0.2065 -0.9537 0.2185
vn -0.1419 -0.9750 0.1708
vn -0.0273 -0.9588 -0.2826
vn -0.0077 -0.9789 -0.2044
vn -0.0278 -0.9783 -0.2054
vn 0.1297 -0.9633 0.2350
vn 0.1059 -0.9626 0.2493
vn -0.1246 -0.9755 0.1812
vn -0.0480 -0.9777 -0.2044
vn 0.1520 -0.9639 0.2185
vn 0.0862 -0.9815 0.1708
vn 0.1024 -0.9820 0.1588
vn -0.1354 -0.9558 0.2611
vn -0.1605 -0.9550 0.2493
vn -0.1064 -0.9760 0.1898
vn -0.0824 -0.9573 -0.2772
vn -0.0550 -0.9580 -0.2813
vn 0.1174 -0.9824 0.1453
vn -0.1093 -0.9565 0.2705
vn -0.0874 -0.9766 -0.1966
vn -0.0679 -0.9771 -0.2015
vn 0.1725 -0.9645 0.1999
vn 0.1309 -0.9828 0.1303
vn -0.0824 -0.9573 0.2772
vn -0.0874 -0.9766 0.1966
vn -0.0679 -0.9771 0.2015
vn -0.1093 -0.9565 -0.2705
vn -0.1064 -0.9760 -0.1898
vn 0.1911 -0.9651 0.1793
vn 0.1429 -0.9831 0.1141
vn -0.0480 -0.9777 0.2044
vn -0.1354 -0.9558 -0.2611
vn -0.1246 -0.9755 -0.1812
vn 0.2219 -0.9659 0.1332
vn 0.2076 -0.9655 0.1570
vn -0.0273 -0.9588 0.2826
vn -0.0550 -0.9580 0.2813
vn -0.0278 -0.9783 0.2054
vn -0.1605 -0.9550 -0.2493
vn -0.1419 -0.9750 -0.1708
vn 0.2337 -0.9663 0.1082
vn 0.1533 -0.9834 0.0968
vn -0.1842 -0.9544 -0.2350
vn -0.1581 -0.9746 -0.1588
vn 0.2431 -0.9665 0.0820
vn 0.1619 -0.9837 0.0786
vn -0.2270 -0.9532 -0.1999
vn -0.2065 -0.9537 -0.2185
vn -0.1730 -0.9741 -0.1453
vn 0.1736 -0.9840 0.0401
vn 0.1687 -0.9839 0.0596
vn -0.2457 -0.9526 -0.1793
vn 0.2498 -0.9667 0.0551
vn 0.1765 -0.9841 0.0201
vn -0.1986 -0.9734 -0.1141
vn -0.1866 -0.9738 -0.1303
vn 0.2553 -0.9669 -0.0000
vn 0.2539 -0.9668 0.0277
vn -0.2622 -0.9522 -0.1570
vn -0.2089 -0.9731 -0.0968
vn 0.2539 -0.9668 -0.0277
vn 0.1775 -0.9841 -0.0000
vn -0.2883 -0.9514 -0.1082
vn -0.2764 -0.9517 -0.1332
vn 0.1736 -0.9840 -0.0401
vn 0.1765 -0.9841 -0.0201
vn -0.2243 -0.9727 -0.0596
vn -0.2175 -0.9729 -0.0786
vn 0.2431 -0.9665 -0.0820
vn 0.2498 -0.9667 -0.0551
vn 0.1687 -0.9839 -0.0596
vn -0.2976 -0.9511 -0.0820
vn -0.2292 -0.9725 -0.0401
vn 0.1619 -0.9837 -0.0786
vn -0.3044 -0.9510 -0.0551
vn -0.2322 -0.9725 -0.0201
vn 0.2338 -0.9663 -0.1082
vn 0.1533 -0.9834 -0.0968
vn -0.3084 -0.9508 -0.0277
vn -0.2332 -0.9724 -0.0000
vn 0.2219 -0.9659 -0.1332
vn 0.1429 -0.9831 -0.1141
vn -0.3084 -0.9508 0.0277
vn -0.3098 -0.9508 -0.0000
vn 0.1911 -0.9651 -0.1793
vn 0.2076 -0.9655 -0.1570
vn -0.2292 -0.9725 0.0401
vn -0.2322 -0.9725 0.0201
vn 0.1725 -0.9645 -0.1999
vn 0.1309 -0.9828 -0.1303
vn -0.3044 -0.9510 0.0551
vn -0.2243 -0.9727 0.0596
vn 0.1520 -0.9639 -0.2185
vn 0.1174 -0.9824 -0.1453
vn 0.1024 -0.9820 -0.1588
vn -0.2883 -0.9514 0.1082
vn -0.2976 -0.9511 0.0820
vn -0.2175 -0.9729 0.0786
vn 0.1297 -0.9633 -0.2350
vn -0.2089 -0.9731 0.0968
vn 0.1059 -0.9626 -0.2493
vn 0.0863 -0.9815 -0.1708
vn 0.0690 -0.9810 -0.1812
vn -0.0077 -0.9789 0.2044
vn -0.2622 -0.9522 0.1570
vn -0.2764 -0.9517 0.1332
vn -0.1986 -0.9734 0.1141
vn 0.0808 -0.9619 -0.2611
vn 0.0507 -0.9805 -0.1898
vn 0.0004 -0.9596 0.2813
vn 0.0122 -0.9794 0.2015
vn 0.0278 -0.9604 0.2772
vn -0.8171 0.2510 0.5190
vn -0.4194 0.7296 -0.5401
vn -0.4560 0.6085 -0.6495
vn -0.5177 0.6169 -0.5929
vn 0.9826 -0.1539 -0.1043
vn 0.9870 -0.1602 -0.0133
vn 0.0104 -0.9971 -0.0757
vn 0.2653 -0.9556 -0.1285
vn 0.2845 -0.9544 -0.0900
vn -0.7705 0.2348 0.5926
vn -0.4091 0.7595 0.5057
vn -0.4489 0.6239 0.6397
vn -0.4049 0.7482 0.5257
vn 0.9708 -0.1451 -0.1911
vn 0.0523 -0.9789 0.1977
vn 0.1707 -0.9124 0.3719
vn 0.0079 -0.9716 0.2365
vn -0.7164 0.2152 0.6637
vn 0.9353 0.2469 0.2534
vn 0.9516 -0.1349 -0.2760
vn -0.1916 -0.9661 -0.1728
vn -0.1001 -0.9919 -0.0783
vn -0.0653 -0.9942 -0.0853
vn -0.4592 0.1531 0.8750
vn 0.1616 0.5706 0.8052
vn 0.2490 0.4371 0.8642
vn 0.2496 0.5399 0.8039
vn 0.9253 -0.1235 -0.3585
vn -0.1996 -0.9797 -0.0212
vn -0.4474 -0.8906 -0.0810
vn -0.4359 -0.8932 -0.1101
vn -0.3727 0.1667 0.9129
vn 0.9467 0.2591 -0.1914
vn 0.9203 0.2764 -0.2769
vn 0.8921 -0.1112 -0.4379
vn -0.2097 -0.9754 -0.0686
vn -0.2122 -0.9259 -0.3126
vn -0.1780 -0.9296 -0.3226
vn -0.4789 0.2142 0.8513
vn -0.6220 0.7756 0.1077
vn -0.7319 0.6592 0.1727
vn -0.5998 0.7766 0.1928
vn -0.0461 0.1970 -0.9793
vn 0.0474 0.1658 -0.9850
vn -0.2460 -0.9693 -0.0008
vn -0.4671 -0.8811 0.0741
vn -0.2366 -0.9716 -0.0070
vn 0.8508 -0.0974 -0.5164
vn 0.3948 0.5624 -0.7265
vn 0.4717 0.4218 -0.7743
vn 0.3924 0.4418 -0.8067
vn -0.3921 0.1873 0.9006
vn 0.0256 -0.9973 -0.0686
vn 0.3001 -0.9527 -0.0484
vn -0.1570 0.2330 -0.9597
vn -0.4416 0.7664 0.4665
vn -0.5065 0.6355 0.5827
vn 0.7979 -0.0804 -0.5975
vn -0.2721 -0.9514 0.1442
vn -0.3170 -0.8846 0.3420
vn -0.2813 -0.9516 0.1240
vn -0.3070 0.1617 0.9379
vn 0.9074 0.2518 0.3363
vn 0.0821 0.1450 -0.9860
vn -0.0877 -0.9892 -0.1171
vn -0.0500 -0.9951 -0.0851
vn 0.7342 -0.0594 -0.6763
vn -0.3846 0.7218 -0.5753
vn -0.4056 0.5989 -0.6905
vn -0.2193 0.1355 0.9662
vn -0.1952 -0.9805 -0.0224
vn -0.1966 -0.9803 -0.0172
vn 0.0324 0.1058 -0.9939
vn 0.9634 0.2471 -0.1035
vn 0.6636 -0.0352 -0.7472
vn 0.1334 -0.9110 0.3902
vn -0.0600 -0.9613 0.2689
vn -0.1303 0.1088 0.9855
vn -0.6325 0.7739 0.0310
vn -0.7463 0.6596 0.0892
vn -0.3453 0.1834 -0.9204
vn -0.4689 -0.8823 0.0417
vn -0.2277 -0.9737 -0.0119
vn 0.5869 -0.0083 -0.8096
vn 0.0909 0.5963 0.7976
vn 0.1640 0.4641 0.8705
vn 0.0166 0.0683 0.9975
vn 0.0539 -0.9967 -0.0610
vn 0.3094 -0.9509 -0.0031
vn -0.4463 0.1970 -0.8729
vn -0.4739 0.7717 0.4240
vn -0.5541 0.6443 0.5272
vn 0.5048 0.0210 -0.8630
vn -0.1085 -0.9923 -0.0592
vn -0.1385 -0.9382 -0.3173
vn 0.0954 0.0503 0.9942
vn 0.8708 0.2558 0.4198
vn -0.5795 0.2238 -0.7837
vn -0.0675 -0.9910 -0.1152
vn -0.0331 -0.9962 -0.0808
vn 0.4179 0.0524 -0.9070
vn 0.4695 0.5410 -0.6978
vn 0.5475 0.4021 -0.7338
vn 0.1482 0.0351 0.9883
vn -0.1917 -0.9812 -0.0235
vn -0.1925 -0.9811 -0.0211
vn -0.6465 0.2401 -0.7241
vn 0.9712 0.2380 -0.0137
vn 0.3266 0.0858 -0.9413
vn -0.3467 -0.8827 0.3171
vn -0.2872 -0.9523 0.1032
vn 0.2427 0.0049 0.9701
vn -0.6348 0.7718 -0.0384
vn -0.7517 0.6594 0.0084
vn -0.7068 0.2527 -0.6607
vn -0.4679 -0.8837 0.0098
vn -0.2195 -0.9755 -0.0154
vn 0.2860 0.0992 -0.9531
vn -0.3474 0.7135 -0.6085
vn -0.3445 0.5863 -0.7332
vn 0.3343 -0.0233 0.9422
vn 0.3161 -0.9479 0.0398
vn 0.0827 -0.9959 -0.0379
vn -0.7613 0.2612 -0.5935
vn -0.5076 0.7751 0.3762
vn -0.6016 0.6510 0.4630
vn 0.2001 0.1208 -0.9723
vn 0.0935 -0.9092 0.4057
vn -0.0188 -0.9712 0.2375
vn 0.4250 -0.0501 0.9038
vn 0.8247 0.2662 0.4990
vn -0.8097 0.2652 -0.5235
vn -0.0469 -0.9928 -0.1099
vn -0.0165 -0.9971 -0.0742
vn 0.0268 0.6190 0.7849
vn 0.0841 0.4859 0.8700
vn 0.5121 -0.0745 0.8557
vn -0.1896 -0.9816 -0.0241
vn -0.1890 -0.9817 -0.0246
vn -0.8596 0.2659 -0.4364
vn -0.0548 -0.9979 -0.0351
vn -0.1469 -0.9885 -0.0372
vn 0.5947 -0.0960 0.7982
vn -0.6322 0.7662 -0.1148
vn -0.7500 0.6573 -0.0739
vn -0.9107 0.2646 -0.3171
vn 0.5409 0.5200 -0.6612
vn 0.6189 0.3831 -0.6857
vn 0.6719 -0.1143 0.7318
vn 0.3183 -0.9438 0.0894
vn 0.0922 -0.9957 0.0128
vn -0.9452 0.2628 -0.1939
vn -0.3731 -0.8812 0.2904
vn -0.2895 -0.9536 0.0826
vn 0.7424 -0.1290 0.6574
vn 0.7721 0.2823 0.5694
vn -0.9643 0.2593 -0.0536
vn -0.2758 0.7025 -0.6560
vn -0.2620 0.5713 -0.7778
vn 0.8006 -0.1394 0.5827
vn -0.1896 -0.9816 -0.0244
vn -0.3677 -0.9057 -0.2107
vn -0.9601 0.2636 0.0933
vn 0.0507 -0.9043 0.4239
vn -0.2889 -0.8984 0.3308
vn 0.8481 -0.1472 0.5089
vn -0.7209 0.6500 -0.2404
vn -0.7393 0.6542 -0.1593
vn -0.0443 0.6420 0.7655
vn 0.0007 0.5077 0.8615
vn 0.8893 -0.1538 0.4306
vn 0.3130 -0.9399 0.1366
vn 0.0953 -0.9942 0.0500
vn -0.9392 0.2720 0.2095
vn -0.1717 -0.9841 -0.0461
vn -0.1442 -0.9886 -0.0431
vn 0.9236 -0.1589 0.3488
vn 0.6153 0.4059 0.6758
vn 0.7129 0.3015 0.6331
vn -0.9167 0.2737 0.2911
vn 0.6084 0.4994 -0.6168
vn 0.6851 0.3651 -0.6304
vn 0.9507 -0.1623 0.2641
vn -0.1913 -0.9812 -0.0253
vn -0.3463 -0.9091 -0.2315
vn -0.8896 0.2708 0.3677
vn -0.3961 -0.8801 0.2619
vn -0.2883 -0.9555 0.0626
vn 0.9704 -0.1641 0.1772
vn -0.6217 0.7594 -0.1919
vn -0.6950 0.6440 -0.3197
vn -0.8565 0.2631 0.4441
vn -0.1871 0.6889 -0.7003
vn -0.1784 0.5563 -0.8116
vn 0.9829 -0.1635 0.0843
vn 0.3012 -0.9359 0.1829
vn 0.0932 -0.9920 0.0849
vn -0.4319 -0.8792 0.2014
vn -0.6054 -0.7494 0.2682
vn -0.4448 -0.8793 0.1701
vn 0.3385 0.4108 0.8465
vn 0.4258 0.2882 0.8577
vn 0.4224 0.3866 0.8198
vn -0.6666 -0.7443 -0.0405
vn -0.4632 -0.8860 -0.0219
vn -0.0072 0.5316 -0.8470
vn 0.0394 0.3864 -0.9215
vn -0.0359 0.4007 -0.9155
vn -0.2431 -0.9226 -0.2994
vn -0.3428 -0.8013 -0.4904
vn -0.2929 -0.8083 -0.5108
vn -0.6435 0.6554 0.3954
vn -0.7724 0.5259 0.3560
vn -0.7350 0.5213 0.4336
vn -0.1348 -0.8994 0.4157
vn -0.0611 -0.7951 0.6034
vn -0.1112 -0.7937 0.5980
vn 0.2282 0.4769 -0.8488
vn 0.3099 0.3320 -0.8909
vn 0.2192 0.3501 -0.9107
vn 0.4263 -0.8553 -0.2945
vn 0.4573 -0.8546 -0.2461
vn 0.2434 -0.9562 -0.1627
vn -0.3827 0.6033 0.6998
vn -0.3593 0.4556 0.8145
vn -0.3082 0.5824 0.7522
vn -0.2496 -0.8894 0.3830
vn -0.2257 -0.7865 0.5748
vn -0.2827 -0.7818 0.5558
vn 0.9695 0.2326 0.0769
vn 0.9799 -0.0817 0.1821
vn 0.9927 -0.0839 0.0871
vn 0.1387 -0.8495 -0.5090
vn 0.1905 -0.8536 -0.4849
vn 0.1922 -0.8532 -0.4849
vn -0.5710 0.6239 -0.5336
vn -0.5888 0.4928 -0.6407
vn -0.6459 0.5009 -0.5762
vn -0.6592 -0.7462 -0.0928
vn -0.4562 -0.8884 -0.0512
vn 0.8448 0.3223 -0.4272
vn 0.9094 0.1941 -0.3679
vn 0.8697 0.2045 -0.4492
vn 0.2059 -0.9180 0.3389
vn 0.3877 -0.8229 0.4154
vn 0.3435 -0.8198 0.4582
vn -0.6791 0.6579 0.3256
vn -0.8027 0.5290 0.2752
vn -0.6276 -0.7468 0.2201
vn -0.4550 -0.8797 0.1384
vn 0.3386 0.3082 0.8890
vn 0.4850 -0.8531 -0.1923
vn -0.4392 0.4682 0.7667
vn -0.2397 -0.8152 -0.5272
vn 0.9568 0.2365 0.1692
vn 0.9581 -0.0781 0.2756
vn 0.2499 -0.8560 -0.4526
vn 0.2525 -0.8556 -0.4518
vn 0.3109 0.4618 -0.8307
vn 0.3965 0.3137 -0.8627
vn -0.6466 -0.7490 -0.1444
vn 0.8833 0.3025 -0.3582
vn 0.9525 -0.0751 -0.2951
vn -0.2853 -0.8866 0.3641
vn -0.3354 -0.7774 0.5321
vn -0.7087 0.6588 0.2524
vn -0.8260 0.5313 0.1884
vn -0.6451 -0.7449 0.1701
vn -0.4624 -0.8803 0.1063
vn -0.5212 0.4845 -0.7026
vn 0.5075 -0.8513 -0.1332
vn -0.5199 0.4848 0.7033
vn 0.2917 -0.8159 0.4993
vn 0.9272 -0.0727 0.3674
vn 0.3001 -0.8570 -0.4190
vn 0.3021 -0.8566 -0.4183
vn 0.2456 0.3308 0.9112
vn -0.6288 -0.7527 -0.1951
vn 0.9761 -0.0798 -0.2020
vn -0.1843 -0.8215 -0.5395
vn -0.8405 0.5329 0.0978
vn -0.6581 -0.7435 0.1187
vn 0.4807 0.2951 -0.8257
vn 0.5238 -0.8490 -0.0699
vn -0.5845 0.4970 0.6413
vn -0.3843 -0.7729 0.5049
vn 0.3430 -0.8566 -0.3856
vn 0.3454 -0.8562 -0.3844
vn -0.4652 0.4732 -0.7481
vn -0.6066 -0.7570 -0.2431
vn -0.6062 -0.7570 -0.2437
vn 0.9908 -0.0829 -0.1065
vn 0.2463 -0.8151 0.5244
vn -0.8454 0.5340 0.0099
vn -0.6660 -0.7430 0.0658
vn 0.1567 0.3528 0.9225
vn 0.5326 -0.8463 -0.0068
vn -0.6376 0.5073 0.5798
vn -0.1320 -0.8276 -0.5456
vn 0.8876 -0.0655 0.4559
vn 0.3861 -0.8564 -0.3428
vn 0.3882 -0.8561 -0.3412
vn 0.5606 0.2773 -0.7803
vn -0.5795 -0.7621 -0.2888
vn -0.5790 -0.7621 -0.2897
vn 0.9964 -0.0843 -0.0096
vn -0.2559 -0.9667 0.0070
vn -0.5703 0.7768 0.2672
vn -0.2606 -0.9516 0.1632
vn 0.7921 0.4038 -0.4577
vn -0.2048 -0.9786 -0.0200
vn 0.3215 0.5827 -0.7464
vn -0.1575 -0.9812 -0.1112
vn -0.1091 -0.9922 -0.0610
vn -0.2060 -0.9769 -0.0561
vn -0.3156 0.7211 0.6168
vn -0.0073 -0.9959 -0.0897
vn 0.3350 0.5098 0.7924
vn -0.2661 -0.9638 0.0167
vn -0.5398 0.7766 0.3248
vn 0.0691 -0.9829 0.1709
vn 0.7690 0.4362 -0.4674
vn -0.2110 -0.9773 -0.0187
vn -0.4678 0.7359 -0.4894
vn -0.1250 -0.9898 -0.0679
vn -0.1202 -0.9906 -0.0659
vn -0.2031 -0.9626 0.1791
vn -0.2224 0.6953 0.6835
vn -0.0267 -0.9945 -0.1014
vn 0.3011 0.5861 -0.7522
vn -0.2160 -0.9521 0.2166
vn -0.2400 -0.9506 0.1969
vn -0.2035 -0.9780 -0.0460
vn -0.2717 -0.9193 -0.2848
vn 0.0355 0.6515 -0.7578
vn 0.0595 0.5176 -0.8535
vn -0.2147 -0.9765 -0.0198
vn 0.4131 0.4820 0.7727
vn -0.2758 -0.9608 0.0288
vn 0.0815 -0.9864 0.1425
vn 0.2356 -0.9226 0.3055
vn 0.7846 0.4470 -0.4296
vn 0.7991 0.3343 -0.4996
vn -0.5176 0.7421 -0.4259
vn -0.6182 0.6305 -0.4693
vn -0.1684 -0.9821 -0.0842
vn -0.1291 -0.9899 -0.0583
vn -0.1667 -0.9687 0.1841
vn -0.2067 -0.8952 0.3948
vn -0.2390 0.5679 0.7876
vn -0.1736 0.6818 0.7107
vn 0.1858 0.6136 -0.7674
vn 0.1352 0.4976 -0.8568
vn -0.1354 -0.9665 0.2179
vn -0.0962 -0.9000 0.4252
vn -0.2004 -0.9790 -0.0379
vn -0.2983 -0.9159 -0.2686
vn -0.0072 0.6605 -0.7508
vn -0.0888 0.5425 -0.8354
vn 0.5021 0.3636 0.7847
vn 0.4876 0.4554 0.7449
vn -0.2836 -0.9579 0.0443
vn 0.0892 -0.9895 0.1139
vn 0.2612 -0.9271 0.2687
vn 0.7368 0.4609 -0.4947
vn 0.7456 0.3485 -0.5680
vn -0.5627 0.7483 -0.3512
vn -0.6603 0.6373 -0.3973
vn -0.1760 -0.9818 -0.0717
vn -0.1376 -0.9892 -0.0510
vn -0.1677 -0.8997 0.4030
vn -0.1628 0.5495 0.8195
vn -0.1118 0.6631 0.7401
vn 0.0403 0.6438 -0.7641
vn -0.2499 -0.9269 0.2801
vn -0.0552 -0.9046 0.4226
vn -0.1971 -0.9799 -0.0319
vn -0.3232 -0.9125 -0.2509
vn -0.0925 0.6746 -0.7324
vn 0.5775 0.3418 0.7414
vn 0.5588 0.4298 0.7092
vn -0.4157 -0.8794 0.2321
vn 0.2837 -0.9315 0.2276
vn 0.6742 0.4794 -0.5619
vn -0.5977 0.7542 -0.2720
vn -0.1823 -0.9814 -0.0596
vn -0.1939 -0.9806 -0.0277
vn -0.0824 0.5291 0.8445
vn 0.6483 0.3214 0.6903
vn -0.0143 -0.9001 0.4354
vn -0.8342 -0.0281 0.5508
vn -0.8816 -0.0178 0.4717
vn -0.8826 -0.0176 0.4698
vn 0.9432 -0.3320 -0.0071
vn -0.7774 -0.0404 0.6277
vn -0.8328 -0.0283 0.5529
vn 0.9375 -0.3324 -0.1025
vn -0.7181 -0.0547 0.6938
vn -0.7757 -0.0409 0.6297
vn 0.9227 -0.3317 -0.1964
vn -0.6475 -0.0704 0.7588
vn -0.7165 -0.0553 0.6954
vn 0.8991 -0.3297 -0.2880
vn 0.8672 -0.3263 -0.3761
vn -0.5605 -0.0899 0.8233
vn -0.6453 -0.0712 0.7606
vn 0.8668 -0.3266 -0.3769
vn 0.8267 -0.3219 -0.4614
vn -0.4750 -0.1042 0.8738
vn -0.5588 -0.0903 0.8244
vn -0.0472 -0.1774 -0.9830
vn -0.1286 -0.1599 -0.9787
vn -0.0444 -0.1780 -0.9830
vn 0.8261 -0.3223 -0.4623
vn 0.7779 -0.3162 -0.5430
vn -0.3906 -0.1191 0.9128
vn -0.4730 -0.1042 0.8749
vn -0.1317 -0.1597 -0.9783
vn -0.2250 -0.1464 -0.9633
vn 0.7771 -0.3166 -0.5440
vn 0.7208 -0.3091 -0.6204
vn -0.2994 -0.1358 0.9444
vn -0.3882 -0.1194 0.9138
vn -0.2275 -0.1465 -0.9627
vn -0.3257 -0.1277 -0.9368
vn 0.7198 -0.3094 -0.6215
vn 0.6558 -0.3003 -0.6926
vn -0.2041 -0.1528 0.9670
vn -0.2969 -0.1361 0.9452
vn -0.3279 -0.1271 -0.9361
vn -0.4210 -0.1063 -0.9008
vn 0.6546 -0.3006 -0.6937
vn 0.5841 -0.2899 -0.7581
vn -0.1069 -0.1693 0.9797
vn -0.2018 -0.1530 0.9674
vn -0.4233 -0.1054 -0.8999
vn -0.5163 -0.0847 -0.8522
vn 0.5826 -0.2901 -0.7592
vn 0.5063 -0.2779 -0.8163
vn -0.0091 -0.1845 0.9828
vn -0.1048 -0.1694 0.9800
vn -0.5191 -0.0838 -0.8506
vn -0.5890 -0.0676 -0.8053
vn 0.5045 -0.2780 -0.8174
vn 0.4230 -0.2643 -0.8667
vn 0.0829 -0.1978 0.9767
vn -0.0072 -0.1844 0.9828
vn -0.5902 -0.0670 -0.8045
vn -0.6516 -0.0517 -0.7568
vn 0.4208 -0.2643 -0.8678
vn 0.3341 -0.2490 -0.9091
vn 0.1754 -0.2150 0.9607
vn 0.0841 -0.1979 0.9766
vn -0.6534 -0.0513 -0.7552
vn -0.7241 -0.0388 -0.6886
vn 0.3317 -0.2488 -0.9100
vn 0.2425 -0.2325 -0.9419
vn 0.2728 -0.2313 0.9338
vn 0.1768 -0.2153 0.9604
vn -0.7255 -0.0388 -0.6872
vn -0.7852 -0.0269 -0.6186
vn 0.2403 -0.2322 -0.9425
vn 0.1480 -0.2155 -0.9652
vn 0.3636 -0.2450 0.8988
vn 0.2741 -0.2312 0.9335
vn -0.7862 -0.0268 -0.6174
vn -0.8396 -0.0165 -0.5429
vn 0.1453 -0.2152 -0.9657
vn 0.0481 -0.1965 -0.9793
vn 0.4495 -0.2574 0.8554
vn 0.3646 -0.2448 0.8984
vn -0.8402 -0.0165 -0.5420
vn -0.8885 -0.0072 -0.4589
vn 0.0447 -0.1960 -0.9796
vn 0.5302 -0.2688 0.8041
vn 0.4503 -0.2571 0.8551
vn -0.8889 -0.0071 -0.4581
vn -0.9294 0.0008 -0.3690
vn 0.6053 -0.2793 0.7454
vn 0.5308 -0.2685 0.8038
vn -0.9296 0.0008 -0.3686
vn -0.9608 0.0068 -0.2772
vn 0.6740 -0.2887 0.6799
vn 0.6542 -0.0229 0.7560
vn -0.9833 0.0108 -0.1818
vn -0.9608 0.0068 -0.2770
vn 0.7353 -0.2973 0.6091
vn 0.7235 -0.0353 0.6894
vn -0.9965 0.0127 -0.0832
vn -0.9833 0.0108 -0.1816
vn 0.7894 -0.3051 0.5327
vn 0.7852 -0.0465 0.6174
vn -0.9998 0.0122 0.0128
vn -0.9965 0.0127 -0.0827
vn 0.8399 -0.0566 0.5397
vn -0.9943 0.0090 0.1067
vn -0.9998 0.0120 0.0135
vn 0.8365 -0.3122 0.4504
vn -0.9790 0.0041 0.2040
vn -0.9942 0.0087 0.1076
vn 0.8755 -0.3183 0.3636
vn -0.9546 -0.0018 0.2978
vn -0.9787 0.0040 0.2053
vn 0.9059 -0.3233 0.2734
vn -0.9226 -0.0088 0.3856
vn -0.9542 -0.0018 0.2993
vn 0.9273 -0.3273 0.1815
vn -0.9219 -0.0089 0.3874
vn 0.9398 -0.3303 0.0881
vn 0.4272 -0.8261 0.3676
vn 0.8223 0.2163 -0.5264
vn -0.6966 0.5081 -0.5066
vn 0.0873 -0.8463 -0.5254
vn 0.1374 -0.8498 -0.5088
vn -0.1654 -0.7908 0.5892
vn -0.2822 0.4423 0.8513
vn 0.1242 0.3693 -0.9210
vn -0.0025 -0.8008 0.5989
vn -0.3899 -0.7942 -0.4661
vn -0.1250 0.4108 -0.9031
vn 0.5082 0.2696 0.8180
vn -0.5789 -0.7524 0.3142
vn 0.4625 -0.8296 0.3130
vn 0.7670 0.2295 -0.5992
vn -0.7422 0.5150 -0.4288
vn 0.0319 -0.8424 -0.5378
vn 0.0861 -0.8467 -0.5251
vn -0.1982 0.4257 0.8829
vn 0.0615 -0.8055 0.5893
vn -0.4342 -0.7872 -0.4380
vn -0.2201 0.4265 -0.8773
vn 0.5857 0.2521 0.7703
vn -0.5481 -0.7559 0.3580
vn 0.4919 -0.8331 0.2531
vn 0.7044 0.2442 -0.6665
vn -0.7803 0.5213 -0.3455
vn -0.0241 -0.8379 -0.5453
vn 0.0310 -0.8428 -0.5373
vn -0.4756 -0.7803 -0.4060
vn -0.1103 0.4077 0.9064
vn 0.1264 -0.8092 0.5738
vn 0.5136 -0.8366 0.1908
vn -0.3092 0.4441 -0.8409
vn -0.8094 0.5266 -0.2601
vn -0.5130 -0.7599 0.3993
vn -0.5138 -0.7737 -0.3706
vn 0.6353 0.2602 -0.7271
vn -0.0792 -0.8331 -0.5475
vn -0.0245 -0.8383 -0.5447
vn -0.0202 0.3889 0.9211
vn -0.8300 0.5308 -0.1715
vn 0.1937 -0.8132 0.5488
vn -0.5482 -0.7676 -0.3320
vn -0.3981 0.4608 -0.7932
vn -0.4740 -0.7639 0.4379
vn 0.5277 -0.8400 0.1261
vn -0.8421 0.5335 -0.0797
vn -0.0789 -0.8331 -0.5474
vn -0.5489 -0.7676 -0.3309
vn 0.0700 0.3705 0.9262
vn 0.4244 -0.8557 -0.2961
vn -0.6899 0.5151 0.5086
vn 0.5340 -0.8434 0.0588
vn -0.6689 -0.7432 0.0125
vn -0.4312 -0.7683 0.4731
vn 0.2012 -0.9154 0.3486
vn 0.2013 -0.9154 0.3485
vn 0.2012 -0.9154 0.3485
vn 0.6927 0.7000 0.1735
vn -0.0000 -0.8944 -0.4473
vn -0.0000 -0.8945 -0.4470
vn -0.0001 -0.8945 -0.4470
vn -0.0001 -0.8945 -0.4471
vn -0.0000 -0.8944 -0.4472
vn -0.0000 -0.8945 -0.4472
vn 0.0001 -0.8945 -0.4471
vn 0.6310 0.7582 0.1642
vn -0.2999 0.9484 -0.1027
vn -0.3786 -0.9200 -0.1015
vn -0.3786 -0.9200 -0.1016
vn -0.3785 -0.9200 -0.1015
vn -0.1911 0.9800 -0.0548
vt 0.157406 0.826162
vt 0.165726 0.821786
vt 0.165260 0.821067
vt 0.157872 0.826879
vt 0.166192 0.822505
vt 0.158336 0.827596
vt 0.166657 0.823223
vt 0.159265 0.829032
vt 0.167123 0.823942
vt 0.159729 0.829750
vt 0.167588 0.824662
vt 0.160192 0.830468
vt 0.168053 0.825381
vt 0.160656 0.831187
vt 0.168519 0.826100
vt 0.161119 0.831907
vt 0.168984 0.826819
vt 0.161582 0.832627
vt 0.169449 0.827538
vt 0.162045 0.833347
vt 0.169914 0.828258
vt 0.162507 0.834068
vt 0.170378 0.828977
vt 0.162970 0.834790
vt 0.170843 0.829696
vt 0.163433 0.835512
vt 0.171309 0.830416
vt 0.163895 0.836235
vt 0.171774 0.831135
vt 0.164358 0.836959
vt 0.172239 0.831854
vt 0.164821 0.837684
vt 0.172705 0.832572
vt 0.165284 0.838410
vt 0.173171 0.833291
vt 0.165747 0.839136
vt 0.173637 0.834009
vt 0.171830 0.833054
vt 0.163656 0.837304
vt 0.171379 0.832351
vt 0.163207 0.836594
vt 0.170928 0.831647
vt 0.162759 0.835884
vt 0.170477 0.830943
vt 0.162310 0.835176
vt 0.170027 0.830239
vt 0.161862 0.834468
vt 0.169576 0.829535
vt 0.161414 0.833760
vt 0.169126 0.828831
vt 0.160965 0.833054
vt 0.168676 0.828126
vt 0.160517 0.832348
vt 0.168226 0.827421
vt 0.160068 0.831642
vt 0.167776 0.826717
vt 0.159620 0.830937
vt 0.167326 0.826012
vt 0.159171 0.830233
vt 0.166875 0.825307
vt 0.158722 0.829528
vt 0.166425 0.824603
vt 0.158272 0.828825
vt 0.165974 0.823898
vt 0.157823 0.828121
vt 0.165524 0.823194
vt 0.157373 0.827418
vt 0.165073 0.822489
vt 0.156922 0.826715
vt 0.164622 0.821784
vt 0.156472 0.826012
vt 0.164171 0.821080
vt 0.163719 0.820376
vt 0.156020 0.825310
vt 0.163268 0.819671
vt 0.155569 0.824607
vt 0.162816 0.818967
vt 0.155117 0.823905
vt 0.162364 0.818263
vt 0.154664 0.823202
vt 0.161913 0.817559
vt 0.154212 0.822500
vt 0.161461 0.816854
vt 0.153758 0.821797
vt 0.161009 0.816150
vt 0.153304 0.821095
vt 0.160557 0.815446
vt 0.152849 0.820392
vt 0.160105 0.814742
vt 0.152394 0.819689
vt 0.159653 0.814038
vt 0.151938 0.818986
vt 0.159201 0.813333
vt 0.151482 0.818283
vt 0.158750 0.812629
vt 0.151024 0.817579
vt 0.158298 0.811924
vt 0.150566 0.816874
vt 0.157847 0.811219
vt 0.150108 0.816169
vt 0.157396 0.810514
vt 0.150837 0.816116
vt 0.159200 0.811730
vt 0.158735 0.811011
vt 0.151311 0.816836
vt 0.159665 0.812448
vt 0.151784 0.817555
vt 0.160131 0.813167
vt 0.152256 0.818274
vt 0.160597 0.813885
vt 0.152727 0.818992
vt 0.161063 0.814603
vt 0.153197 0.819710
vt 0.161529 0.815321
vt 0.153667 0.820427
vt 0.161996 0.816039
vt 0.154137 0.821144
vt 0.162462 0.816757
vt 0.154605 0.821861
vt 0.162929 0.817475
vt 0.155073 0.822578
vt 0.163395 0.818194
vt 0.155541 0.823294
vt 0.163861 0.818912
vt 0.156008 0.824011
vt 0.164328 0.819630
vt 0.152338 0.842393
vt 0.156475 0.824728
vt 0.164794 0.820349
vt 0.156941 0.825445
vt 0.721836 0.480211
vt 0.706188 0.542681
vt 0.643718 0.527033
vt 0.147353 0.833699
vt 0.136843 0.841509
vt 0.147812 0.834407
vt 0.142716 0.826645
vt 0.143184 0.827349
vt 0.148834 0.836802
vt 0.148392 0.836106
vt 0.158801 0.828314
vt 0.148728 0.835824
vt 0.144833 0.830558
vt 0.144384 0.829866
vt 0.152810 0.842233
vt 0.140759 0.824348
vt 0.140301 0.823660
vt 0.151903 0.841692
vt 0.143651 0.828052
vt 0.147950 0.835411
vt 0.149184 0.836534
vt 0.143934 0.829175
vt 0.153260 0.842950
vt 0.139842 0.822972
vt 0.151467 0.840991
vt 0.144117 0.828757
vt 0.147507 0.834716
vt 0.149640 0.837244
vt 0.143484 0.828485
vt 0.153708 0.843666
vt 0.149648 0.815463
vt 0.139381 0.822284
vt 0.151030 0.840291
vt 0.144582 0.829461
vt 0.147063 0.834022
vt 0.150095 0.837954
vt 0.143032 0.827794
vt 0.154156 0.844384
vt 0.140358 0.823134
vt 0.140832 0.823835
vt 0.150592 0.839592
vt 0.145046 0.830167
vt 0.146619 0.833328
vt 0.150550 0.838666
vt 0.142580 0.827104
vt 0.154603 0.845104
vt 0.141305 0.824537
vt 0.150154 0.838894
vt 0.145509 0.830872
vt 0.146173 0.832635
vt 0.151003 0.839378
vt 0.142126 0.826415
vt 0.155050 0.845824
vt 0.141777 0.825239
vt 0.149715 0.838196
vt 0.145972 0.831578
vt 0.145727 0.831942
vt 0.151456 0.840091
vt 0.141672 0.825726
vt 0.164105 0.838016
vt 0.153206 0.843800
vt 0.142247 0.825942
vt 0.149275 0.837499
vt 0.146433 0.832284
vt 0.145280 0.831250
vt 0.151908 0.840804
vt 0.141216 0.825037
vt 0.152773 0.843096
vt 0.146894 0.832991
vt 0.148270 0.835115
vt 0.152360 0.841518
vt 0.137740 0.842897
vt 0.127233 0.850682
vt 0.138187 0.843592
vt 0.131427 0.833223
vt 0.131880 0.833909
vt 0.138485 0.844301
vt 0.138052 0.843621
vt 0.137291 0.842203
vt 0.132333 0.834596
vt 0.137618 0.842941
vt 0.132785 0.835284
vt 0.137184 0.842261
vt 0.133238 0.835973
vt 0.136749 0.841582
vt 0.138634 0.844287
vt 0.133689 0.836663
vt 0.136313 0.840902
vt 0.139081 0.844981
vt 0.134141 0.837354
vt 0.135877 0.840223
vt 0.139527 0.845676
vt 0.134592 0.838045
vt 0.135441 0.839544
vt 0.139971 0.846371
vt 0.135043 0.838737
vt 0.135004 0.838865
vt 0.140415 0.847066
vt 0.135494 0.839429
vt 0.134567 0.838187
vt 0.140859 0.847761
vt 0.135944 0.840122
vt 0.134129 0.837509
vt 0.141301 0.848455
vt 0.133691 0.836832
vt 0.141742 0.849150
vt 0.133253 0.836155
vt 0.142183 0.849844
vt 0.132814 0.835479
vt 0.142622 0.850538
vt 0.132375 0.834804
vt 0.143059 0.851232
vt 0.131935 0.834129
vt 0.143496 0.851925
vt 0.131496 0.833456
vt 0.143931 0.852618
vt 0.131056 0.832783
vt 0.153638 0.844504
vt 0.142342 0.850415
vt 0.130615 0.832112
vt 0.141917 0.849737
vt 0.130175 0.831441
vt 0.141492 0.849059
vt 0.129734 0.830772
vt 0.141065 0.848380
vt 0.129293 0.830104
vt 0.140637 0.847700
vt 0.128852 0.829437
vt 0.140209 0.847021
vt 0.129615 0.830492
vt 0.130068 0.831173
vt 0.139779 0.846341
vt 0.130521 0.831855
vt 0.139349 0.845661
vt 0.130974 0.832539
vt 0.138917 0.844981
vt 0.136394 0.840815
vt 0.128131 0.852064
vt 0.118766 0.859191
vt 0.128581 0.852755
vt 0.121870 0.842371
vt 0.122314 0.843064
vt 0.126456 0.849140
vt 0.126020 0.848463
vt 0.127682 0.851373
vt 0.122759 0.843756
vt 0.125584 0.847786
vt 0.123205 0.844449
vt 0.125149 0.847108
vt 0.123651 0.845142
vt 0.124714 0.846430
vt 0.129030 0.853445
vt 0.124098 0.845835
vt 0.124279 0.845752
vt 0.129479 0.854135
vt 0.124545 0.846527
vt 0.123844 0.845074
vt 0.129929 0.854824
vt 0.124992 0.847220
vt 0.123410 0.844396
vt 0.130379 0.855512
vt 0.122976 0.843718
vt 0.130828 0.856200
vt 0.122542 0.843040
vt 0.131278 0.856886
vt 0.122110 0.842362
vt 0.131728 0.857572
vt 0.121677 0.841684
vt 0.132177 0.858257
vt 0.121245 0.841006
vt 0.132627 0.858941
vt 0.120814 0.840329
vt 0.133076 0.859623
vt 0.120384 0.839652
vt 0.142764 0.851093
vt 0.131697 0.857225
vt 0.119954 0.838975
vt 0.131260 0.856556
vt 0.119525 0.838299
vt 0.130823 0.855885
vt 0.119097 0.837623
vt 0.130386 0.855214
vt 0.118670 0.836947
vt 0.129949 0.854542
vt 0.118244 0.836272
vt 0.129512 0.853869
vt 0.118780 0.837533
vt 0.119218 0.838223
vt 0.129075 0.853195
vt 0.119658 0.838914
vt 0.128639 0.852521
vt 0.120099 0.839604
vt 0.128202 0.851846
vt 0.125440 0.847913
vt 0.120540 0.840296
vt 0.127765 0.851170
vt 0.125888 0.848606
vt 0.120983 0.840987
vt 0.127329 0.850494
vt 0.126336 0.849298
vt 0.121426 0.841679
vt 0.126892 0.849817
vt 0.126784 0.849990
vt 0.119684 0.860588
vt 0.108434 0.869004
vt 0.120144 0.861285
vt 0.113767 0.851478
vt 0.115496 0.853305
vt 0.115055 0.852618
vt 0.119225 0.859890
vt 0.114218 0.852181
vt 0.114615 0.851931
vt 0.114670 0.852884
vt 0.114176 0.851243
vt 0.115123 0.853587
vt 0.113737 0.850555
vt 0.120604 0.861983
vt 0.113299 0.849867
vt 0.121066 0.862679
vt 0.112862 0.849178
vt 0.121528 0.863375
vt 0.112425 0.848488
vt 0.121991 0.864071
vt 0.111989 0.847799
vt 0.122455 0.864766
vt 0.111553 0.847108
vt 0.122921 0.865460
vt 0.111118 0.846418
vt 0.123387 0.866153
vt 0.110685 0.845726
vt 0.132134 0.857893
vt 0.122188 0.863558
vt 0.110252 0.845035
vt 0.121736 0.862878
vt 0.109820 0.844342
vt 0.121285 0.862198
vt 0.109389 0.843649
vt 0.120835 0.861517
vt 0.108958 0.842956
vt 0.120386 0.860835
vt 0.108530 0.842262
vt 0.119938 0.860152
vt 0.108852 0.843708
vt 0.109294 0.844417
vt 0.119490 0.859469
vt 0.109737 0.845126
vt 0.119044 0.858786
vt 0.110182 0.845834
vt 0.118598 0.858102
vt 0.115576 0.854289
vt 0.110627 0.846542
vt 0.118153 0.857418
vt 0.116030 0.854990
vt 0.111073 0.847249
vt 0.117708 0.856734
vt 0.116485 0.855691
vt 0.111520 0.847955
vt 0.117265 0.856049
vt 0.116940 0.856392
vt 0.111968 0.848661
vt 0.116822 0.855363
vt 0.117395 0.857092
vt 0.112417 0.849366
vt 0.116379 0.854677
vt 0.117852 0.857792
vt 0.112866 0.850070
vt 0.115937 0.853991
vt 0.118309 0.858492
vt 0.113316 0.850774
vt 0.109825 0.871152
vt 0.098648 0.877192
vt 0.099094 0.877898
vt 0.103363 0.861169
vt 0.102210 0.857906
vt 0.108897 0.869719
vt 0.101763 0.857208
vt 0.109361 0.870435
vt 0.101315 0.856511
vt 0.100866 0.855813
vt 0.110290 0.871870
vt 0.100418 0.855115
vt 0.110756 0.872590
vt 0.099969 0.854415
vt 0.111222 0.873311
vt 0.099520 0.853715
vt 0.111689 0.874034
vt 0.099070 0.853014
vt 0.122641 0.864238
vt 0.110726 0.871188
vt 0.098619 0.852312
vt 0.110275 0.870482
vt 0.098167 0.851609
vt 0.109824 0.869777
vt 0.097715 0.850905
vt 0.109374 0.869073
vt 0.097261 0.850199
vt 0.108923 0.868371
vt 0.096806 0.849492
vt 0.108474 0.867670
vt 0.096868 0.851163
vt 0.097337 0.851884
vt 0.108026 0.866970
vt 0.097805 0.852604
vt 0.107578 0.866270
vt 0.098272 0.853322
vt 0.107130 0.865571
vt 0.103824 0.861881
vt 0.098737 0.854039
vt 0.106682 0.864873
vt 0.104284 0.862593
vt 0.099202 0.854755
vt 0.106235 0.864175
vt 0.104744 0.863304
vt 0.099667 0.855470
vt 0.105788 0.863478
vt 0.105205 0.864015
vt 0.100130 0.856184
vt 0.105341 0.862781
vt 0.105666 0.864726
vt 0.100593 0.856898
vt 0.104893 0.862085
vt 0.106127 0.865438
vt 0.101056 0.857611
vt 0.104447 0.861388
vt 0.106588 0.866150
vt 0.101518 0.858323
vt 0.103999 0.860692
vt 0.107049 0.866862
vt 0.101980 0.859035
vt 0.103552 0.859995
vt 0.107510 0.867576
vt 0.102441 0.859747
vt 0.103105 0.859299
vt 0.107972 0.868290
vt 0.102903 0.860458
vt 0.102658 0.858602
vt 0.162771 0.960304
vt 0.163862 0.953909
vt 0.163933 0.960290
vt 0.090527 0.862552
vt 0.099540 0.878603
vt 0.090081 0.861869
vt 0.099984 0.879309
vt 0.089635 0.861185
vt 0.100428 0.880014
vt 0.089189 0.860502
vt 0.100870 0.880718
vt 0.088741 0.859820
vt 0.100610 0.878373
vt 0.100181 0.877685
vt 0.088294 0.859138
vt 0.099749 0.876996
vt 0.087846 0.858457
vt 0.099317 0.876306
vt 0.087398 0.857777
vt 0.098884 0.875617
vt 0.086949 0.857099
vt 0.098450 0.874927
vt 0.086500 0.856421
vt 0.098015 0.874238
vt 0.086825 0.858972
vt 0.097579 0.873548
vt 0.087285 0.859666
vt 0.097143 0.872858
vt 0.087745 0.860360
vt 0.096706 0.872169
vt 0.092780 0.868044
vt 0.093235 0.868745
vt 0.088205 0.861055
vt 0.096268 0.871480
vt 0.093690 0.869447
vt 0.088665 0.861751
vt 0.095830 0.870792
vt 0.094143 0.870149
vt 0.089124 0.862448
vt 0.095391 0.870103
vt 0.094597 0.870852
vt 0.089583 0.863146
vt 0.094952 0.869415
vt 0.095049 0.871555
vt 0.090041 0.863844
vt 0.094512 0.868727
vt 0.095501 0.872258
vt 0.090499 0.864543
vt 0.094071 0.868040
vt 0.095953 0.872962
vt 0.090956 0.865242
vt 0.093631 0.867352
vt 0.096404 0.873667
vt 0.091413 0.865942
vt 0.093189 0.866665
vt 0.096854 0.874371
vt 0.091869 0.866642
vt 0.092747 0.865979
vt 0.097303 0.875076
vt 0.092325 0.867343
vt 0.092304 0.865293
vt 0.097752 0.875781
vt 0.091861 0.864607
vt 0.098200 0.876486
vt 0.091417 0.863922
vt 0.090972 0.863237
vt 0.128523 0.954508
vt 0.129338 0.937461
vt 0.129679 0.954483
vt 0.156331 0.960295
vt 0.157382 0.953957
vt 0.157483 0.960276
vt 0.165029 0.953894
vt 0.165095 0.960277
vt 0.158537 0.953938
vt 0.158635 0.960258
vt 0.127525 0.960859
vt 0.128676 0.960831
vt 0.159692 0.953919
vt 0.159787 0.960240
vt 0.129828 0.960804
vt 0.160847 0.953901
vt 0.160939 0.960222
vt 0.130835 0.954458
vt 0.130979 0.960778
vt 0.162003 0.953883
vt 0.162091 0.960206
vt 0.131990 0.954433
vt 0.132131 0.960752
vt 0.163242 0.960190
vt 0.163159 0.953865
vt 0.133145 0.954409
vt 0.133282 0.960727
vt 0.164394 0.960175
vt 0.164316 0.953848
vt 0.134300 0.954385
vt 0.134434 0.960703
vt 0.129060 0.960875
vt 0.127750 0.954519
vt 0.128917 0.954495
vt 0.135454 0.954361
vt 0.135586 0.960679
vt 0.130222 0.960850
vt 0.130083 0.954472
vt 0.136608 0.954338
vt 0.136738 0.960655
vt 0.131383 0.960825
vt 0.131249 0.954449
vt 0.137763 0.954315
vt 0.137890 0.960632
vt 0.145333 0.960568
vt 0.144060 0.954215
vt 0.145224 0.954195
vt 0.132545 0.960802
vt 0.132415 0.954426
vt 0.138917 0.954292
vt 0.139042 0.960609
vt 0.146496 0.960549
vt 0.146388 0.954175
vt 0.133708 0.960778
vt 0.133580 0.954404
vt 0.140071 0.954270
vt 0.140195 0.960587
vt 0.147659 0.960530
vt 0.147552 0.954156
vt 0.134870 0.960756
vt 0.134745 0.954381
vt 0.141225 0.954247
vt 0.141347 0.960565
vt 0.148821 0.960510
vt 0.148717 0.954137
vt 0.136032 0.960734
vt 0.135910 0.954360
vt 0.142379 0.954225
vt 0.142500 0.960543
vt 0.149984 0.960491
vt 0.149881 0.954118
vt 0.137194 0.960712
vt 0.137074 0.954338
vt 0.143533 0.954203
vt 0.143652 0.960521
vt 0.151147 0.960473
vt 0.151045 0.954099
vt 0.138357 0.960691
vt 0.138239 0.954317
vt 0.144686 0.954181
vt 0.144805 0.960499
vt 0.152310 0.960454
vt 0.152209 0.954080
vt 0.139519 0.960670
vt 0.139403 0.954296
vt 0.145840 0.954160
vt 0.145957 0.960478
vt 0.153473 0.960436
vt 0.153374 0.954062
vt 0.140682 0.960649
vt 0.140567 0.954275
vt 0.146994 0.954139
vt 0.147110 0.960457
vt 0.154635 0.960418
vt 0.154538 0.954043
vt 0.141845 0.960629
vt 0.141732 0.954255
vt 0.148148 0.954118
vt 0.148263 0.960436
vt 0.155798 0.960400
vt 0.155703 0.954025
vt 0.143007 0.960608
vt 0.142896 0.954235
vt 0.149302 0.954097
vt 0.149415 0.960415
vt 0.156961 0.960383
vt 0.156868 0.954008
vt 0.144170 0.960588
vt 0.150456 0.954076
vt 0.150568 0.960394
vt 0.158123 0.960366
vt 0.158033 0.953991
vt 0.151610 0.954056
vt 0.151721 0.960374
vt 0.159285 0.960349
vt 0.159198 0.953974
vt 0.152764 0.954035
vt 0.152873 0.960354
vt 0.160447 0.960333
vt 0.160363 0.953957
vt 0.153918 0.954016
vt 0.154026 0.960334
vt 0.161609 0.960318
vt 0.161529 0.953941
vt 0.155073 0.953996
vt 0.155178 0.960314
vt 0.162695 0.953925
vt 0.156227 0.953976
vt 0.132807 0.937393
vt 0.131471 0.928160
vt 0.132627 0.928138
vt 0.160551 0.936876
vt 0.130494 0.937438
vt 0.161707 0.936856
vt 0.131651 0.937415
vt 0.162864 0.936836
vt 0.164020 0.936815
vt 0.133963 0.937370
vt 0.127437 0.937339
vt 0.128603 0.937319
vt 0.135119 0.937347
vt 0.129770 0.937298
vt 0.136275 0.937325
vt 0.130936 0.937277
vt 0.137431 0.937303
vt 0.143765 0.937052
vt 0.144932 0.937033
vt 0.132103 0.937256
vt 0.138586 0.937281
vt 0.146098 0.937013
vt 0.133269 0.937235
vt 0.139742 0.937258
vt 0.147264 0.936993
vt 0.134436 0.937215
vt 0.140898 0.937236
vt 0.148430 0.936974
vt 0.135602 0.937194
vt 0.142054 0.937214
vt 0.149596 0.936954
vt 0.136768 0.937174
vt 0.143210 0.937193
vt 0.150763 0.936935
vt 0.137934 0.937153
vt 0.144366 0.937171
vt 0.151929 0.936916
vt 0.139101 0.937133
vt 0.145522 0.937149
vt 0.153095 0.936897
vt 0.140267 0.937113
vt 0.146678 0.937128
vt 0.154262 0.936878
vt 0.141433 0.937092
vt 0.147834 0.937106
vt 0.155428 0.936859
vt 0.142599 0.937072
vt 0.148990 0.937085
vt 0.156594 0.936840
vt 0.150146 0.937064
vt 0.157761 0.936821
vt 0.151302 0.937043
vt 0.158927 0.936802
vt 0.152457 0.937021
vt 0.160094 0.936784
vt 0.153614 0.937001
vt 0.161261 0.936765
vt 0.154770 0.936980
vt 0.162427 0.936746
vt 0.155926 0.936959
vt 0.163594 0.936728
vt 0.157082 0.936938
vt 0.164761 0.936709
vt 0.158238 0.936918
vt 0.127367 0.954534
vt 0.128182 0.937483
vt 0.159395 0.936897
vt 0.179289 0.530555
vt 0.195231 0.529808
vt 0.181394 0.535247
vt 0.163854 0.927557
vt 0.133784 0.928115
vt 0.128438 0.927980
vt 0.134940 0.928093
vt 0.129605 0.927960
vt 0.136097 0.928070
vt 0.130772 0.927939
vt 0.137253 0.928048
vt 0.144773 0.927696
vt 0.131938 0.927918
vt 0.138410 0.928026
vt 0.145940 0.927676
vt 0.133105 0.927898
vt 0.139566 0.928004
vt 0.147107 0.927656
vt 0.134272 0.927877
vt 0.140723 0.927982
vt 0.148274 0.927637
vt 0.135439 0.927857
vt 0.141879 0.927960
vt 0.149441 0.927617
vt 0.136605 0.927836
vt 0.143036 0.927938
vt 0.150607 0.927597
vt 0.137772 0.927816
vt 0.144192 0.927916
vt 0.151774 0.927578
vt 0.138939 0.927796
vt 0.145349 0.927895
vt 0.152941 0.927559
vt 0.140106 0.927776
vt 0.146505 0.927873
vt 0.154108 0.927540
vt 0.141273 0.927756
vt 0.147662 0.927851
vt 0.155275 0.927520
vt 0.142439 0.927735
vt 0.148818 0.927830
vt 0.156442 0.927501
vt 0.143606 0.927715
vt 0.149975 0.927809
vt 0.157609 0.927482
vt 0.151132 0.927787
vt 0.158776 0.927463
vt 0.152288 0.927766
vt 0.159943 0.927445
vt 0.153445 0.927745
vt 0.161110 0.927426
vt 0.154601 0.927724
vt 0.162277 0.927407
vt 0.155758 0.927703
vt 0.163443 0.927388
vt 0.156915 0.927682
vt 0.164610 0.927369
vt 0.158071 0.927661
vt 0.126845 0.928250
vt 0.128002 0.928228
vt 0.159228 0.927640
vt 0.129158 0.928205
vt 0.160385 0.927620
vt 0.130314 0.928183
vt 0.161541 0.927599
vt 0.162698 0.927578
vt 0.107891 0.597092
vt 0.117995 0.614129
vt 0.103523 0.606825
vt 0.055936 0.565615
vt 0.071451 0.561922
vt 0.070533 0.568391
vt 0.173776 0.588804
vt 0.181297 0.602861
vt 0.170451 0.592720
vt 0.197334 0.535998
vt 0.183050 0.540115
vt 0.054737 0.570614
vt 0.069012 0.574746
vt 0.176617 0.607420
vt 0.166771 0.596302
vt 0.198846 0.542358
vt 0.184239 0.545118
vt 0.053082 0.575481
vt 0.066903 0.580931
vt 0.171526 0.611516
vt 0.162776 0.599524
vt 0.050972 0.580168
vt 0.064222 0.586889
vt 0.166071 0.615114
vt 0.158494 0.602351
vt 0.048438 0.584639
vt 0.060996 0.592570
vt 0.160301 0.618182
vt 0.153969 0.604763
vt 0.045492 0.588847
vt 0.057252 0.597925
vt 0.154265 0.620690
vt 0.149239 0.606735
vt 0.042170 0.592765
vt 0.053020 0.602902
vt 0.148014 0.622611
vt 0.144347 0.608244
vt 0.038492 0.596347
vt 0.048340 0.607461
vt 0.139340 0.609280
vt 0.141605 0.623926
vt 0.034495 0.599568
vt 0.043251 0.611560
vt 0.134261 0.609828
vt 0.135093 0.624617
vt 0.030216 0.602399
vt 0.037797 0.615160
vt 0.011074 0.501410
vt 0.006833 0.486056
vt 0.013350 0.486752
vt 0.025692 0.604813
vt 0.032028 0.618228
vt 0.016085 0.502448
vt 0.019764 0.488074
vt 0.020962 0.606783
vt 0.025991 0.620737
vt 0.020977 0.503964
vt 0.026018 0.490001
vt 0.016072 0.608292
vt 0.019741 0.622659
vt 0.025709 0.505937
vt 0.032058 0.492515
vt 0.013331 0.623974
vt 0.011064 0.609328
vt 0.030234 0.508354
vt 0.037829 0.495591
vt 0.006821 0.624663
vt 0.005991 0.609876
vt 0.034515 0.511186
vt 0.043283 0.499196
vt 0.134293 0.500772
vt 0.141661 0.486670
vt 0.139374 0.501328
vt 0.038509 0.514413
vt 0.048372 0.503299
vt 0.148076 0.487995
vt 0.144388 0.502372
vt 0.042186 0.518000
vt 0.053050 0.507864
vt 0.154330 0.489927
vt 0.149283 0.503889
vt 0.045511 0.521917
vt 0.057277 0.512848
vt 0.199756 0.548830
vt 0.184958 0.550209
vt 0.160371 0.492443
vt 0.154014 0.505868
vt 0.048454 0.526130
vt 0.061021 0.518205
vt 0.200059 0.555358
vt 0.185193 0.555346
vt 0.166143 0.495520
vt 0.158542 0.508285
vt 0.050985 0.530603
vt 0.064244 0.523890
vt 0.199749 0.561887
vt 0.184946 0.560482
vt 0.171595 0.499132
vt 0.162824 0.511119
vt 0.053091 0.535293
vt 0.066921 0.529852
vt 0.198828 0.568359
vt 0.184223 0.565573
vt 0.176682 0.503239
vt 0.166820 0.514350
vt 0.054749 0.540160
vt 0.069028 0.536038
vt 0.197301 0.574713
vt 0.183027 0.570573
vt 0.181362 0.507805
vt 0.170495 0.517941
vt 0.055939 0.545161
vt 0.070543 0.542395
vt 0.195186 0.580896
vt 0.181367 0.575438
vt 0.185593 0.512790
vt 0.173818 0.521864
vt 0.056659 0.550252
vt 0.071459 0.548866
vt 0.192501 0.586852
vt 0.179260 0.580126
vt 0.189337 0.518152
vt 0.176757 0.526081
vt 0.056901 0.555388
vt 0.071760 0.555394
vt 0.189276 0.592533
vt 0.176719 0.584593
vt 0.192557 0.523842
vt 0.056656 0.560524
vt 0.185529 0.597885
vt 0.930598 0.589627
vt 0.879042 0.651663
vt 0.870610 0.640827
vt 0.188652 0.653023
vt 0.207145 0.660206
vt 0.196973 0.666936
vt 0.111993 0.624748
vt 0.098253 0.616102
vt 0.179225 0.658050
vt 0.186231 0.672716
vt 0.105006 0.634771
vt 0.092130 0.624840
vt 0.169372 0.662212
vt 0.174989 0.677448
vt 0.097081 0.644064
vt 0.085234 0.632985
vt 0.159168 0.665462
vt 0.163388 0.681132
vt 0.088348 0.652551
vt 0.077601 0.640449
vt 0.151498 0.683782
vt 0.148672 0.667741
vt 0.078890 0.660208
vt 0.069288 0.647150
vt 0.139439 0.685384
vt 0.137936 0.669103
vt 0.068747 0.666966
vt 0.060387 0.653051
vt 0.009721 0.441517
vt 0.023331 0.426825
vt 0.020469 0.442877
vt 0.058003 0.672759
vt 0.050968 0.658098
vt 0.035235 0.429487
vt 0.030971 0.445210
vt 0.046765 0.677505
vt 0.041117 0.662281
vt 0.046851 0.433223
vt 0.041195 0.448444
vt 0.035155 0.681228
vt 0.030894 0.665516
vt 0.058083 0.437981
vt 0.051042 0.452639
vt 0.020381 0.667810
vt 0.023238 0.683897
vt 0.068817 0.443781
vt 0.060469 0.457686
vt 0.009628 0.669158
vt 0.011115 0.685515
vt 0.078981 0.450528
vt 0.069353 0.463623
vt 0.148815 0.442818
vt 0.139634 0.425192
vt 0.151659 0.426814
vt 0.088454 0.458217
vt 0.077670 0.470327
vt 0.159310 0.445133
vt 0.163534 0.429455
vt 0.097191 0.466740
vt 0.085286 0.477812
vt 0.169520 0.448379
vt 0.175142 0.433150
vt 0.105069 0.476069
vt 0.092196 0.485948
vt 0.243631 0.544751
vt 0.258052 0.531199
vt 0.259758 0.543242
vt 0.179368 0.452557
vt 0.186378 0.437897
vt 0.112027 0.486077
vt 0.098308 0.494697
vt 0.244103 0.555403
vt 0.260331 0.555419
vt 0.188780 0.457632
vt 0.197142 0.443674
vt 0.118010 0.496673
vt 0.103579 0.503974
vt 0.243608 0.566057
vt 0.259727 0.567591
vt 0.197699 0.463528
vt 0.207300 0.450450
vt 0.123006 0.507771
vt 0.107929 0.513716
vt 0.242082 0.576612
vt 0.258019 0.579654
vt 0.206007 0.470257
vt 0.216794 0.458112
vt 0.126952 0.519314
vt 0.111347 0.523822
vt 0.239618 0.586987
vt 0.255161 0.591496
vt 0.213636 0.477742
vt 0.225547 0.466648
vt 0.129765 0.531181
vt 0.113845 0.534194
vt 0.236151 0.597072
vt 0.251237 0.603026
vt 0.220560 0.485882
vt 0.233432 0.475988
vt 0.131483 0.543257
vt 0.115310 0.544762
vt 0.231799 0.606806
vt 0.246225 0.614123
vt 0.226646 0.494665
vt 0.240430 0.486010
vt 0.132028 0.555443
vt 0.115820 0.555417
vt 0.226522 0.616075
vt 0.240229 0.624710
vt 0.231912 0.503956
vt 0.246424 0.496667
vt 0.131432 0.567602
vt 0.115328 0.566072
vt 0.220402 0.624814
vt 0.233260 0.634707
vt 0.236266 0.513704
vt 0.251378 0.507818
vt 0.129730 0.579658
vt 0.113803 0.576626
vt 0.213484 0.632940
vt 0.225372 0.644023
vt 0.239688 0.523812
vt 0.255262 0.519362
vt 0.126879 0.591493
vt 0.111344 0.587001
vt 0.205862 0.640412
vt 0.216626 0.652532
vt 0.242165 0.534188
vt 0.122968 0.603010
vt 0.197540 0.647102
vt 0.892882 0.675315
vt 0.814131 0.719728
vt 0.811868 0.714408
vt 0.849856 0.959204
vt 0.802580 0.892724
vt 0.830576 0.967650
vt 0.916569 0.574421
vt 0.861251 0.630766
vt 0.810532 0.974387
vt 0.789447 0.896909
vt 0.901239 0.560445
vt 0.851000 0.621615
vt 0.790728 0.978988
vt 0.775335 0.900158
vt 0.884672 0.547832
vt 0.839943 0.613438
vt 0.819084 0.974770
vt 0.777390 0.902912
vt 0.791561 0.898990
vt 0.866977 0.536695
vt 0.828196 0.606262
vt 0.838150 0.967030
vt 0.805165 0.893874
vt 0.848279 0.527184
vt 0.815889 0.600037
vt 0.856524 0.957889
vt 0.818228 0.887863
vt 0.828748 0.519332
vt 0.803046 0.595038
vt 0.874133 0.947347
vt 0.830580 0.880719
vt 0.789813 0.591132
vt 0.808502 0.513301
vt 0.890821 0.935462
vt 0.842291 0.872757
vt 0.775626 0.588337
vt 0.788574 0.509296
vt 0.906479 0.922298
vt 0.853232 0.863899
vt 0.788338 0.509466
vt 0.782920 0.591135
vt 0.807961 0.515126
vt 0.921024 0.907916
vt 0.863283 0.854155
vt 0.796602 0.595655
vt 0.827067 0.522206
vt 0.934317 0.892395
vt 0.872497 0.843693
vt 0.809734 0.601227
vt 0.845543 0.530699
vt 0.946269 0.875849
vt 0.880766 0.832530
vt 0.976622 0.701935
vt 0.902333 0.730207
vt 0.979668 0.721973
vt 0.822210 0.607873
vt 0.863303 0.540602
vt 0.956819 0.858374
vt 0.887973 0.820713
vt 0.903131 0.743814
vt 0.980999 0.742234
vt 0.833984 0.615538
vt 0.880220 0.551881
vt 0.965847 0.840077
vt 0.894201 0.808389
vt 0.902878 0.757436
vt 0.980570 0.762554
vt 0.845096 0.623987
vt 0.896150 0.564472
vt 0.973323 0.821089
vt 0.899224 0.795549
vt 0.901314 0.770970
vt 0.978425 0.782788
vt 0.855324 0.633404
vt 0.911010 0.578307
vt 0.979174 0.801516
vt 0.903127 0.782347
vt 0.898703 0.784346
vt 0.974521 0.802790
vt 0.864784 0.643505
vt 0.924665 0.593309
vt 0.983324 0.781509
vt 0.906007 0.768909
vt 0.894869 0.797419
vt 0.968929 0.822419
vt 0.873263 0.654369
vt 0.937047 0.609377
vt 0.985782 0.761215
vt 0.907584 0.755266
vt 0.889965 0.810141
vt 0.961620 0.841519
vt 0.880719 0.665925
vt 0.948051 0.626431
vt 0.986477 0.740770
vt 0.908107 0.741556
vt 0.883960 0.822395
vt 0.952675 0.859938
vt 0.887264 0.677975
vt 0.957570 0.644352
vt 0.985423 0.720342
vt 0.907439 0.727861
vt 0.876792 0.834019
vt 0.942166 0.877566
vt 0.892743 0.690516
vt 0.965542 0.662996
vt 0.982646 0.700055
vt 0.905517 0.714300
vt 0.868667 0.845012
vt 0.930119 0.894274
vt 0.897120 0.703459
vt 0.971908 0.682235
vt 0.978099 0.680063
vt 0.902488 0.700942
vt 0.859638 0.855307
vt 0.916588 0.909891
vt 0.900367 0.716713
vt 0.971842 0.660525
vt 0.898306 0.687898
vt 0.849643 0.864680
vt 0.901717 0.924327
vt 0.963930 0.641561
vt 0.838905 0.873247
vt 0.885547 0.937420
vt 0.954358 0.623327
vt 0.886485 0.663188
vt 0.827378 0.880728
vt 0.868237 0.949100
vt 0.943222 0.605971
vt 0.815253 0.887276
vt 0.802374 0.700022
vt 0.762291 0.735022
vt 0.761810 0.734182
vt 0.759420 0.809388
vt 0.765500 0.808125
vt 0.809141 0.709319
vt 0.771458 0.806336
vt 0.805965 0.704510
vt 0.777202 0.804065
vt 0.782724 0.801290
vt 0.798378 0.695893
vt 0.787949 0.798092
vt 0.794028 0.692156
vt 0.792862 0.794459
vt 0.789329 0.688868
vt 0.797416 0.790441
vt 0.784344 0.686042
vt 0.801584 0.786057
vt 0.779129 0.683683
vt 0.805337 0.781347
vt 0.813294 0.739679
vt 0.773704 0.681860
vt 0.808647 0.776346
vt 0.813722 0.745487
vt 0.768115 0.680584
vt 0.811493 0.771081
vt 0.813649 0.751284
vt 0.762568 0.679521
vt 0.813837 0.765600
vt 0.813040 0.757033
vt 0.768754 0.587671
vt 0.759828 0.681937
vt 0.815679 0.759969
vt 0.811932 0.762691
vt 0.765759 0.683520
vt 0.817023 0.754226
vt 0.810316 0.768212
vt 0.771515 0.685601
vt 0.817827 0.748395
vt 0.808207 0.773558
vt 0.777049 0.688163
vt 0.818121 0.742539
vt 0.805612 0.778681
vt 0.782323 0.691203
vt 0.817899 0.736705
vt 0.802558 0.783524
vt 0.787294 0.694668
vt 0.817156 0.730930
vt 0.799076 0.788067
vt 0.791920 0.698552
vt 0.815891 0.725251
vt 0.795196 0.792266
vt 0.796167 0.702780
vt 0.790933 0.796066
vt 0.800013 0.707346
vt 0.786341 0.799459
vt 0.803417 0.712225
vt 0.781428 0.802379
vt 0.806377 0.717351
vt 0.776272 0.804836
vt 0.808861 0.722709
vt 0.770893 0.806784
vt 0.810852 0.728248
vt 0.765320 0.808167
vt 0.812342 0.733912
vt 0.759831 0.809327
vt 0.763376 0.741838
vt 0.749802 0.758312
vt 0.759645 0.747643
vt 0.754837 0.758782
vt 0.754014 0.759302
vt 0.761219 0.733386
vt 0.753155 0.759789
vt 0.760572 0.732644
vt 0.759854 0.731956
vt 0.752270 0.750212
vt 0.759095 0.731334
vt 0.753341 0.750232
vt 0.758276 0.730781
vt 0.754384 0.750151
vt 0.757428 0.730297
vt 0.755393 0.749957
vt 0.756536 0.729870
vt 0.756419 0.749669
vt 0.755279 0.729303
vt 0.757379 0.749284
vt 0.753776 0.680865
vt 0.748392 0.739524
vt 0.758282 0.748836
vt 0.749449 0.739482
vt 0.759122 0.748313
vt 0.750481 0.739540
vt 0.759933 0.747686
vt 0.759389 0.746727
vt 0.751484 0.739694
vt 0.760674 0.746996
vt 0.752503 0.739954
vt 0.761330 0.746243
vt 0.759783 0.748657
vt 0.753463 0.740310
vt 0.761896 0.745457
vt 0.759833 0.749656
vt 0.754363 0.740743
vt 0.762402 0.744591
vt 0.759796 0.750641
vt 0.755208 0.741237
vt 0.762824 0.743691
vt 0.759673 0.751606
vt 0.756035 0.741858
vt 0.763147 0.742763
vt 0.759436 0.752573
vt 0.756795 0.742543
vt 0.759112 0.753516
vt 0.757483 0.743285
vt 0.763495 0.740807
vt 0.758718 0.754422
vt 0.758075 0.744069
vt 0.763525 0.739794
vt 0.758251 0.755281
vt 0.758600 0.744940
vt 0.763454 0.738799
vt 0.757684 0.756089
vt 0.759044 0.745822
vt 0.763305 0.737828
vt 0.757052 0.756848
vt 0.763050 0.736848
vt 0.756361 0.757554
vt 0.762708 0.735912
vt 0.755620 0.758207
vt 0.186780 0.618900
vt 0.180568 0.623906
vt 0.196195 0.629520
vt 0.188943 0.635363
vt 0.081168 0.586557
vt 0.083743 0.579012
vt 0.094361 0.591761
vt 0.097366 0.582957
vt 0.212077 0.531753
vt 0.213920 0.539513
vt 0.225707 0.527832
vt 0.227862 0.536884
vt 0.192498 0.613338
vt 0.202857 0.623020
vt 0.085597 0.571257
vt 0.099530 0.573909
vt 0.209513 0.524199
vt 0.222720 0.519018
vt 0.197663 0.607262
vt 0.208886 0.615932
vt 0.086718 0.563364
vt 0.100842 0.564699
vt 0.206251 0.516917
vt 0.218917 0.510519
vt 0.202235 0.600729
vt 0.214224 0.608311
vt 0.087096 0.555400
vt 0.101278 0.555406
vt 0.202318 0.509974
vt 0.214330 0.502413
vt 0.206180 0.593800
vt 0.218819 0.600220
vt 0.086727 0.547436
vt 0.100842 0.546114
vt 0.197752 0.503427
vt 0.209005 0.494769
vt 0.209450 0.586529
vt 0.222637 0.591737
vt 0.085610 0.539541
vt 0.099547 0.536901
vt 0.192590 0.497338
vt 0.202981 0.487660
vt 0.212024 0.578984
vt 0.225647 0.582936
vt 0.083762 0.531784
vt 0.097384 0.527852
vt 0.186879 0.491758
vt 0.196317 0.481144
vt 0.213887 0.571232
vt 0.227811 0.573890
vt 0.081192 0.524235
vt 0.094393 0.519042
vt 0.180664 0.486741
vt 0.189067 0.475282
vt 0.215011 0.563340
vt 0.229129 0.564684
vt 0.077926 0.516960
vt 0.090588 0.510548
vt 0.174003 0.482329
vt 0.181297 0.470127
vt 0.215397 0.555376
vt 0.229573 0.555393
vt 0.073993 0.510021
vt 0.085996 0.502451
vt 0.166954 0.478560
vt 0.173074 0.465715
vt 0.215030 0.547410
vt 0.229151 0.546099
vt 0.069429 0.503480
vt 0.080665 0.494821
vt 0.159571 0.475469
vt 0.164462 0.462086
vt 0.064268 0.497395
vt 0.074643 0.487722
vt 0.151919 0.473088
vt 0.155535 0.459272
vt 0.058553 0.491824
vt 0.067985 0.481211
vt 0.144059 0.471439
vt 0.146353 0.457301
vt 0.052343 0.486809
vt 0.060737 0.475356
vt 0.136051 0.470553
vt 0.136978 0.456191
vt 0.138103 0.441429
vt 0.045683 0.482400
vt 0.052973 0.470196
vt 0.015696 0.639182
vt 0.007704 0.640051
vt 0.017954 0.653314
vt 0.008583 0.654388
vt 0.038634 0.478632
vt 0.044748 0.465790
vt 0.023553 0.637554
vt 0.027137 0.651364
vt 0.031250 0.475546
vt 0.036137 0.462161
vt 0.031205 0.635189
vt 0.036067 0.648566
vt 0.023600 0.473166
vt 0.027204 0.459355
vt 0.038585 0.632109
vt 0.044680 0.644951
vt 0.015738 0.471526
vt 0.018017 0.457386
vt 0.045635 0.628351
vt 0.052905 0.640553
vt 0.007738 0.470646
vt 0.008642 0.456295
vt 0.052294 0.623949
vt 0.060675 0.635410
vt 0.135980 0.640009
vt 0.143976 0.639139
vt 0.136877 0.654346
vt 0.146235 0.653263
vt 0.058506 0.618941
vt 0.067926 0.629564
vt 0.151829 0.637506
vt 0.155416 0.651312
vt 0.064222 0.613377
vt 0.074590 0.623063
vt 0.159479 0.635140
vt 0.164342 0.648513
vt 0.069391 0.607302
vt 0.080613 0.615966
vt 0.166857 0.632061
vt 0.172950 0.644903
vt 0.073961 0.600765
vt 0.085949 0.608340
vt 0.173906 0.628304
vt 0.181176 0.640509
vt 0.077900 0.593831
vt 0.090546 0.600248
vt 0.150236 0.567902
vt 0.161722 0.579506
vt 0.148973 0.569714
vt 0.163843 0.576463
vt 0.025473 0.557589
vt 0.041658 0.555384
vt 0.041481 0.559093
vt 0.150247 0.542750
vt 0.165690 0.537429
vt 0.151335 0.544673
vt 0.163865 0.534196
vt 0.151324 0.565980
vt 0.165675 0.573235
vt 0.025575 0.555382
vt 0.041488 0.551674
vt 0.148984 0.540937
vt 0.161744 0.531150
vt 0.152229 0.563964
vt 0.167194 0.569848
vt 0.025470 0.553175
vt 0.040966 0.547997
vt 0.147560 0.539247
vt 0.159347 0.528318
vt 0.152938 0.561872
vt 0.168391 0.566333
vt 0.025163 0.550986
vt 0.040108 0.544383
vt 0.145983 0.537701
vt 0.156699 0.525721
vt 0.153452 0.559723
vt 0.169253 0.562721
vt 0.024650 0.548837
vt 0.038911 0.540868
vt 0.144271 0.536305
vt 0.153820 0.523387
vt 0.153763 0.557536
vt 0.169773 0.559045
vt 0.023941 0.546744
vt 0.037392 0.537481
vt 0.142435 0.535077
vt 0.150740 0.521331
vt 0.153869 0.555329
vt 0.169951 0.555335
vt 0.023040 0.544727
vt 0.035566 0.534250
vt 0.140495 0.534023
vt 0.147482 0.519578
vt 0.153764 0.553122
vt 0.169782 0.551625
vt 0.021955 0.542803
vt 0.033444 0.531207
vt 0.138466 0.533154
vt 0.144080 0.518136
vt 0.153458 0.550933
vt 0.169261 0.547947
vt 0.020692 0.540991
vt 0.031050 0.528374
vt 0.136366 0.532479
vt 0.140567 0.517023
vt 0.019269 0.539302
vt 0.028400 0.525782
vt 0.134215 0.532000
vt 0.136974 0.516245
vt 0.017694 0.537754
vt 0.025524 0.523447
vt 0.132028 0.531720
vt 0.133333 0.515807
vt 0.015981 0.536362
vt 0.022442 0.521397
vt 0.005932 0.578694
vt 0.005044 0.594865
vt 0.003748 0.578973
vt 0.008680 0.594430
vt 0.014147 0.535133
vt 0.019187 0.519643
vt 0.008082 0.578215
vt 0.012270 0.593656
vt 0.012208 0.534080
vt 0.015786 0.518207
vt 0.015782 0.592545
vt 0.010181 0.533212
vt 0.012274 0.517093
vt 0.010180 0.577540
vt 0.019180 0.591110
vt 0.008083 0.532538
vt 0.008681 0.516319
vt 0.012207 0.576675
vt 0.022434 0.589358
vt 0.005932 0.532059
vt 0.005047 0.515885
vt 0.005990 0.500857
vt 0.014147 0.575625
vt 0.025514 0.587307
vt 0.132028 0.578920
vt 0.136956 0.594379
vt 0.133321 0.594811
vt 0.015980 0.574397
vt 0.028393 0.584978
vt 0.134212 0.578641
vt 0.140547 0.593603
vt 0.017691 0.573003
vt 0.031040 0.582384
vt 0.138459 0.577488
vt 0.136361 0.578164
vt 0.144060 0.592496
vt 0.019267 0.571458
vt 0.033438 0.579556
vt 0.140487 0.576623
vt 0.147459 0.591058
vt 0.020690 0.569770
vt 0.035559 0.576512
vt 0.142426 0.575571
vt 0.150714 0.589306
vt 0.021950 0.567957
vt 0.037387 0.573283
vt 0.144259 0.574343
vt 0.153796 0.587259
vt 0.023036 0.566033
vt 0.038904 0.569895
vt 0.145971 0.572949
vt 0.156674 0.584927
vt 0.023940 0.564017
vt 0.040103 0.566382
vt 0.152944 0.548784
vt 0.168405 0.544333
vt 0.147546 0.571401
vt 0.159326 0.582337
vt 0.024649 0.561925
vt 0.040963 0.562770
vt 0.152236 0.546691
vt 0.167209 0.540817
vt 0.025163 0.559776
vt 0.086295 0.864333
vt 0.085850 0.863652
vt 0.193175 0.760765
vt 0.176124 0.770335
vt 0.174804 0.767960
vt 0.096086 0.881787
vt 0.184159 0.822100
vt 0.199560 0.812698
vt 0.201154 0.815294
vt 0.086739 0.865014
vt 0.209576 0.788584
vt 0.193229 0.798155
vt 0.208344 0.786888
vt 0.095639 0.881083
vt 0.158603 0.780322
vt 0.173762 0.771722
vt 0.160032 0.782083
vt 0.087182 0.865696
vt 0.189817 0.752119
vt 0.166367 0.753405
vt 0.189425 0.749892
vt 0.095193 0.880379
vt 0.178003 0.809902
vt 0.191161 0.799515
vt 0.192479 0.801548
vt 0.087625 0.866378
vt 0.199001 0.773360
vt 0.181980 0.780690
vt 0.198023 0.771560
vt 0.094746 0.879676
vt 0.152232 0.773614
vt 0.162620 0.755717
vt 0.164919 0.758923
vt 0.088067 0.867061
vt 0.216675 0.797218
vt 0.203749 0.813805
vt 0.202023 0.811345
vt 0.094299 0.878972
vt 0.167657 0.792868
vt 0.179938 0.781968
vt 0.181182 0.783930
vt 0.088509 0.867743
vt 0.220012 0.799497
vt 0.203860 0.813491
vt 0.218315 0.798040
vt 0.088901 0.870561
vt 0.183325 0.819955
vt 0.201059 0.815563
vt 0.184235 0.822060
vt 0.093851 0.878269
vt 0.204869 0.782584
vt 0.190799 0.794638
vt 0.189550 0.792697
vt 0.088950 0.868426
vt 0.185025 0.824292
vt 0.202847 0.818104
vt 0.088448 0.869863
vt 0.210918 0.790200
vt 0.194580 0.800153
vt 0.093404 0.877566
vt 0.173589 0.802472
vt 0.188779 0.795931
vt 0.174672 0.804414
vt 0.089390 0.869110
vt 0.190318 0.754271
vt 0.168189 0.756917
vt 0.087995 0.869166
vt 0.179057 0.811888
vt 0.193815 0.803615
vt 0.092955 0.876864
vt 0.194004 0.762724
vt 0.177399 0.772596
vt 0.089830 0.869793
vt 0.153966 0.775156
vt 0.166910 0.761818
vt 0.087540 0.868468
vt 0.218244 0.798727
vt 0.205638 0.816442
vt 0.092507 0.876162
vt 0.175126 0.773940
vt 0.161412 0.783858
vt 0.090269 0.870477
vt 0.221807 0.800901
vt 0.205790 0.816142
vt 0.087086 0.867772
vt 0.202713 0.818348
vt 0.185056 0.824233
vt 0.092058 0.875461
vt 0.200090 0.775091
vt 0.183200 0.782656
vt 0.090707 0.871162
vt 0.185701 0.826549
vt 0.204666 0.821200
vt 0.086630 0.867075
vt 0.212302 0.791801
vt 0.195962 0.802195
vt 0.091608 0.874759
vt 0.168799 0.794751
vt 0.182417 0.785875
vt 0.091145 0.871846
vt 0.190973 0.756373
vt 0.169869 0.760009
vt 0.086174 0.866379
vt 0.180210 0.813836
vt 0.195173 0.805752
vt 0.091158 0.874059
vt 0.206051 0.784263
vt 0.192061 0.796591
vt 0.091583 0.872532
vt 0.155562 0.776841
vt 0.168707 0.764499
vt 0.085718 0.865683
vt 0.219875 0.800258
vt 0.207742 0.819315
vt 0.090708 0.873358
vt 0.190027 0.797899
vt 0.175876 0.806291
vt 0.092019 0.873217
vt 0.210434 0.822286
vt 0.207940 0.819023
vt 0.085261 0.864987
vt 0.204474 0.821427
vt 0.185689 0.826472
vt 0.090257 0.872658
vt 0.194883 0.764646
vt 0.178643 0.774778
vt 0.092456 0.873904
vt 0.206646 0.824743
vt 0.186310 0.828941
vt 0.084803 0.864291
vt 0.213734 0.793386
vt 0.197391 0.804283
vt 0.089806 0.871959
vt 0.176444 0.776091
vt 0.162752 0.785644
vt 0.092892 0.874590
vt 0.191711 0.758409
vt 0.171439 0.762825
vt 0.084345 0.863595
vt 0.181211 0.815864
vt 0.196582 0.807967
vt 0.089354 0.871260
vt 0.201116 0.776857
vt 0.184421 0.784605
vt 0.093328 0.875277
vt 0.157060 0.778578
vt 0.170362 0.767002
vt 0.083887 0.862900
vt 0.170055 0.796557
vt 0.183654 0.787805
vt 0.093763 0.875964
vt 0.223753 0.802290
vt 0.213441 0.826000
vt 0.083429 0.862204
vt 0.207263 0.785930
vt 0.193349 0.798559
vt 0.094198 0.876651
vt 0.208826 0.828930
vt 0.186723 0.831461
vt 0.086364 0.858281
vt 0.082970 0.861508
vt 0.191291 0.799895
vt 0.177061 0.808172
vt 0.094632 0.877339
vt 0.192439 0.760399
vt 0.172920 0.765436
vt 0.082730 0.858883
vt 0.195806 0.766536
vt 0.179868 0.776890
vt 0.095067 0.878027
vt 0.158549 0.780265
vt 0.171901 0.769365
vt 0.083176 0.859565
vt 0.177729 0.778178
vt 0.164060 0.787436
vt 0.095501 0.878716
vt 0.190090 0.747727
vt 0.167027 0.753141
vt 0.165110 0.748867
vt 0.084068 0.860927
vt 0.083622 0.860246
vt 0.202251 0.778553
vt 0.185644 0.786535
vt 0.095936 0.879404
vt 0.148175 0.770536
vt 0.163177 0.755436
vt 0.150278 0.772039
vt 0.084514 0.861608
vt 0.171175 0.798452
vt 0.184884 0.789732
vt 0.096370 0.880092
vt 0.193299 0.762329
vt 0.174326 0.767880
vt 0.084960 0.862290
vt 0.208504 0.787587
vt 0.194678 0.800557
vt 0.096806 0.880781
vt 0.159901 0.782067
vt 0.173360 0.771624
vt 0.085405 0.862971
vt 0.192576 0.801921
vt 0.178225 0.810062
vt 0.096533 0.882491
vt 0.096981 0.883195
vt 0.190297 0.750123
vt 0.168822 0.756748
vt 0.196675 0.768433
vt 0.181085 0.778945
vt 0.165469 0.758737
vt 0.152161 0.773584
vt 0.195227 0.806110
vt 0.197164 0.807942
vt 0.196607 0.808296
vt 0.180757 0.778689
vt 0.178485 0.777286
vt 0.179512 0.776653
vt 0.206416 0.824938
vt 0.205290 0.820947
vt 0.207352 0.824412
vt 0.183497 0.782961
vt 0.183716 0.785533
vt 0.182508 0.783564
vt 0.178680 0.779980
vt 0.177907 0.777645
vt 0.179186 0.779661
vt 0.200448 0.808676
vt 0.197778 0.807188
vt 0.198884 0.806438
vt 0.181457 0.784214
vt 0.183164 0.785877
vt 0.182670 0.786183
vt 0.187107 0.788824
vt 0.187354 0.791373
vt 0.186139 0.789432
vt 0.198049 0.810272
vt 0.197147 0.807601
vt 0.198636 0.809897
vt 0.191914 0.796182
vt 0.189655 0.794877
vt 0.190625 0.794237
vt 0.185104 0.790079
vt 0.186805 0.791719
vt 0.186317 0.792024
vt 0.213064 0.826175
vt 0.208395 0.823781
vt 0.210160 0.822546
vt 0.189881 0.797514
vt 0.189102 0.795234
vt 0.190377 0.797195
vt 0.173430 0.765467
vt 0.173599 0.768651
vt 0.172159 0.766184
vt 0.208531 0.829084
vt 0.209679 0.828550
vt 0.198879 0.806807
vt 0.199265 0.809794
vt 0.197790 0.807538
vt 0.170821 0.766996
vt 0.172926 0.769054
vt 0.172327 0.769418
vt 0.202099 0.811021
vt 0.199299 0.809464
vt 0.198609 0.810215
vt 0.198024 0.810583
vt 0.179754 0.779308
vt 0.200184 0.812305
vt 0.190935 0.796831
vt 0.180433 0.781655
vt 0.161965 0.750438
vt 0.164316 0.749156
vt 0.191666 0.799189
vt 0.188321 0.790761
vt 0.188580 0.793318
vt 0.160784 0.751268
vt 0.163484 0.755095
vt 0.200404 0.809022
vt 0.200813 0.812156
vt 0.188029 0.793667
vt 0.187540 0.793976
vt 0.200881 0.811851
vt 0.200123 0.812604
vt 0.199504 0.812989
vt 0.174976 0.770990
vt 0.201826 0.814875
vt 0.192231 0.798817
vt 0.174331 0.771376
vt 0.164498 0.754444
vt 0.192995 0.801211
vt 0.180994 0.781306
vt 0.165689 0.758400
vt 0.202465 0.814675
vt 0.181668 0.783622
vt 0.202575 0.814389
vt 0.201724 0.815153
vt 0.189821 0.795265
vt 0.203579 0.817654
vt 0.193571 0.800830
vt 0.189269 0.795619
vt 0.166576 0.757833
vt 0.194338 0.803279
vt 0.176298 0.773238
vt 0.167614 0.761353
vt 0.204249 0.817402
vt 0.175675 0.773607
vt 0.204394 0.817128
vt 0.203437 0.817914
vt 0.182221 0.783273
vt 0.205486 0.820714
vt 0.194928 0.802893
vt 0.182904 0.785564
vt 0.168419 0.760844
vt 0.195717 0.805403
vt 0.191082 0.797225
vt 0.169360 0.764074
vt 0.206188 0.820375
vt 0.182454 0.817883
vt 0.216702 0.796543
vt 0.172369 0.800616
vt 0.215175 0.795676
vt 0.150371 0.772146
vt 0.159802 0.752047
vt 0.203713 0.780895
vt 0.176935 0.807941
vt 0.189170 0.747510
vt 0.166381 0.791077
vt 0.207066 0.785239
vt 0.183203 0.819976
vt 0.196983 0.769788
vt 0.181424 0.815888
vt 0.215162 0.795013
vt 0.157117 0.778583
vt 0.213734 0.794108
vt 0.186600 0.831266
vt 0.192406 0.758762
vt 0.175724 0.806062
vt 0.188615 0.795548
vt 0.225554 0.804352
vt 0.223505 0.803066
vt 0.171136 0.798759
vt 0.205820 0.783581
vt 0.182289 0.817881
vt 0.202585 0.779196
vt 0.167651 0.793061
vt 0.168779 0.794982
vt 0.165085 0.789285
vt 0.177400 0.777966
vt 0.199434 0.773956
vt 0.184696 0.784930
vt 0.186254 0.828846
vt 0.196058 0.767949
vt 0.180468 0.813886
vt 0.221617 0.801669
vt 0.155558 0.776873
vt 0.212345 0.792519
vt 0.197430 0.804672
vt 0.191775 0.756702
vt 0.171989 0.762811
vt 0.174629 0.804122
vt 0.187356 0.793602
vt 0.170026 0.796826
vt 0.189360 0.792306
vt 0.204602 0.781915
vt 0.201482 0.777484
vt 0.185900 0.786883
vt 0.166387 0.791230
vt 0.163886 0.787417
vt 0.176097 0.775908
vt 0.198491 0.772141
vt 0.182296 0.780968
vt 0.178259 0.774580
vt 0.195160 0.766081
vt 0.179362 0.811965
vt 0.153913 0.775201
vt 0.169202 0.764449
vt 0.211001 0.790912
vt 0.196029 0.802592
vt 0.191157 0.754574
vt 0.170471 0.759938
vt 0.173530 0.802199
vt 0.186116 0.791660
vt 0.183888 0.788136
vt 0.188112 0.790379
vt 0.203413 0.780239
vt 0.200490 0.775704
vt 0.165231 0.789324
vt 0.180230 0.782233
vt 0.162553 0.785647
vt 0.174750 0.773801
vt 0.197571 0.770300
vt 0.176987 0.772433
vt 0.194208 0.764220
vt 0.193889 0.803988
vt 0.167439 0.761706
vt 0.209698 0.789290
vt 0.190645 0.752368
vt 0.172292 0.800362
vt 0.161295 0.783805
vt 0.186871 0.788456
vt 0.175679 0.770207
vt 0.178985 0.780225
vt 0.196327 0.805005
vt 0.181949 0.783910
vt 0.195765 0.805768
vt 0.188397 0.792933
vt 0.180729 0.781924
vt 0.194413 0.803654
vt 0.196367 0.805375
vt 0.187847 0.793286
vt 0.187146 0.791001
vt 0.179497 0.779910
vt 0.181292 0.781577
vt 0.193088 0.801595
vt 0.195001 0.803272
vt 0.186600 0.791350
vt 0.185912 0.789075
vt 0.178244 0.777861
vt 0.180070 0.779559
vt 0.191794 0.799574
vt 0.193661 0.801222
vt 0.185366 0.789423
vt 0.184682 0.787149
vt 0.176974 0.775768
vt 0.178830 0.777504
vt 0.190524 0.797584
vt 0.192358 0.799210
vt 0.184134 0.787497
vt 0.183451 0.785218
vt 0.177573 0.775406
vt 0.171447 0.766611
vt 0.185591 0.789775
vt 0.169868 0.764034
vt 0.184377 0.787831
vt 0.177212 0.775213
vt 0.168160 0.761250
vt 0.170627 0.763579
vt 0.184928 0.787486
vt 0.176619 0.775579
vt 0.175900 0.773083
vt 0.166253 0.758217
vt 0.168986 0.760751
vt 0.175288 0.773460
vt 0.174549 0.770878
vt 0.164080 0.754826
vt 0.167165 0.757656
vt 0.173917 0.771271
vt 0.173143 0.768582
vt 0.161395 0.750802
vt 0.165120 0.754176
vt 0.172482 0.768994
vt 0.171672 0.766178
vt 0.207599 0.824210
vt 0.211246 0.827623
vt 0.209970 0.828357
vt 0.170973 0.766609
vt 0.170108 0.763612
vt 0.208647 0.823559
vt 0.206393 0.820128
vt 0.210944 0.827814
vt 0.160377 0.751591
vt 0.162651 0.750004
vt 0.111179 0.871896
vt 0.135142 0.485971
vt 0.082512 0.860811
vt 0.148294 0.770724
vt 0.127026 0.937506
vt 0.127272 0.928001
vt 0.011229 0.425192
vt 0.799495 0.981067
vt 0.225806 0.803528
vt 0.641612 0.523092
vt 0.639901 0.518963
vt 0.638604 0.514687
vt 0.637732 0.510304
vt 0.637294 0.505857
vt 0.637294 0.501388
vt 0.637732 0.496940
vt 0.638604 0.492557
vt 0.639901 0.488281
vt 0.641612 0.484152
vt 0.643718 0.480211
vt 0.646201 0.476495
vt 0.649036 0.473041
vt 0.652196 0.469881
vt 0.655650 0.467046
vt 0.659366 0.464563
vt 0.663307 0.462457
vt 0.667436 0.460747
vt 0.671712 0.459449
vt 0.676095 0.458577
vt 0.680543 0.458139
vt 0.685012 0.458139
vt 0.689459 0.458577
vt 0.693842 0.459449
vt 0.698118 0.460747
vt 0.702247 0.462457
vt 0.706188 0.464563
vt 0.709904 0.467046
vt 0.713358 0.469881
vt 0.716518 0.473041
vt 0.719353 0.476495
vt 0.723943 0.484152
vt 0.725653 0.488281
vt 0.726950 0.492557
vt 0.727822 0.496940
vt 0.728260 0.501388
vt 0.728260 0.505857
vt 0.727822 0.510304
vt 0.726950 0.514687
vt 0.725653 0.518963
vt 0.723943 0.523092
vt 0.721836 0.527033
vt 0.719353 0.530749
vt 0.716518 0.534203
vt 0.713358 0.537363
vt 0.709904 0.540198
vt 0.702247 0.544788
vt 0.698118 0.546498
vt 0.693842 0.547795
vt 0.689459 0.548667
vt 0.685012 0.549105
vt 0.680543 0.549105
vt 0.676095 0.548667
vt 0.671712 0.547795
vt 0.667436 0.546498
vt 0.663307 0.544788
vt 0.659366 0.542681
vt 0.655650 0.540198
vt 0.652196 0.537363
vt 0.649036 0.534203
vt 0.646201 0.530749
vt 0.127898 0.960902
vt 0.003748 0.531780
f 811/924/901 874/925/902 875/926/903
f 872/1054/1029 935/1055/1030 936/1056/1031
f 784/1057/1032 849/1058/1033 785/1059/1034
f 812/1060/1035 875/926/903 876/1061/1036
f 786/1062/1037 849/1058/1033 850/1063/1038
f 813/1064/1039 876/1061/1036 877/1065/1040
f 787/1066/1041 850/1063/1038 851/1067/1042
f 814/1068/1043 877/1065/1040 878/1069/1044
f 788/1070/1045 851/1071/1046 852/1072/1047
f 815/1073/1048 878/1069/1044 879/1074/1049
f 789/1075/1050 852/1072/1047 853/1076/1051
f 816/1077/1052 879/1074/1049 880/1078/1053
f 790/1079/1054 853/1076/1051 854/1080/1055
f 817/1081/1056 880/1078/1053 881/1082/1057
f 791/1083/1058 854/1080/1055 855/1084/1059
f 817/1081/1056 882/1085/1060 818/1086/1061
f 792/1087/1062 855/1084/1059 856/1088/1063
f 818/1086/1061 883/1089/1064 819/1090/1065
f 793/1091/1066 856/1088/1063 857/1092/1067
f 819/1093/1068 884/1094/1069 820/1095/1070
f 794/1096/1071 857/1092/1067 858/1097/1072
f 820/1095/1070 885/1098/1073 821/1099/1074
f 795/1100/1075 858/1097/1072 859/1101/1076
f 821/1099/1074 886/1102/1077 822/1103/1078
f 796/1104/1079 859/1101/1076 860/1105/1080
f 770/1106/1081 833/1107/1082 769/1108/1083
f 822/1103/1078 887/1109/1084 823/1110/1085
f 797/1111/1086 860/1105/1080 861/1112/1087
f 769/1108/1083 835/1113/1088 771/1114/1089
f 823/1110/1085 888/1115/1090 824/1116/1091
f 798/1117/1092 861/1112/1087 862/1118/1093
f 771/1114/1089 836/1119/1094 772/1120/1095
f 824/1116/1091 889/1121/1096 825/1122/1097
f 799/1123/1098 862/1118/1093 863/1124/1099
f 772/1120/1095 837/1125/1100 773/1126/1101
f 825/1122/1097 890/1127/1102 826/1128/1103
f 800/1129/1104 863/1124/1099 864/1130/1105
f 773/1126/1101 838/1131/1106 774/1132/1107
f 826/1128/1103 891/1133/1108 827/1134/1109
f 801/1135/1110 864/1130/1105 865/1136/1111
f 774/1132/1107 839/1137/1112 775/1138/1113
f 827/1134/1109 892/1139/1114 828/1140/1115
f 802/1141/1116 865/1136/1111 866/1142/1117
f 775/1138/1113 840/1143/1118 776/1144/1119
f 828/1140/1115 893/1145/1120 829/1146/1121
f 803/1147/1122 866/1142/1117 867/1148/1123
f 776/1144/1119 841/1149/1124 777/1150/1125
f 829/1146/1121 894/1151/1126 830/1152/1127
f 804/1153/1128 867/1148/1123 868/1154/1129
f 777/1150/1125 842/1155/1130 778/1156/1131
f 830/1152/1127 895/1157/1132 831/1158/1133
f 805/1159/1134 868/1154/1129 869/1160/1135
f 778/1156/1131 843/1161/1136 779/1162/1137
f 831/1158/1133 896/1163/1138 832/1164/1139
f 806/1165/1140 869/1160/1135 870/1166/1141
f 779/1162/1137 844/1167/1142 780/1168/1143
f 832/1164/1139 834/1169/1144 770/1106/1081
f 807/1170/1145 870/1166/1141 871/1171/1146
f 780/1168/1143 845/1172/1147 781/1173/1148
f 808/1174/1149 871/1171/1146 872/1054/1029
f 781/1173/1148 846/1175/1150 782/1176/1151
f 809/1177/1152 872/1054/1029 873/1178/1153
f 782/1176/1151 847/1179/1154 783/1180/1155
f 810/1181/1156 873/1178/1153 874/925/902
f 783/1180/1155 848/1182/1157 784/1057/1032
f 939/1183/1158 1002/1184/1159 1003/1185/1160
f 852/1072/1047 915/1186/1161 916/1187/1162
f 873/1178/1153 936/1056/1031 937/1188/1163
f 853/1076/1051 916/1187/1162 917/1189/1164
f 874/925/902 937/1188/1163 938/1190/1165
f 854/1080/1055 917/1189/1164 918/1191/1166
f 875/926/903 938/1190/1165 939/1183/1158
f 855/1084/1059 918/1191/1166 919/1192/1167
f 876/1061/1036 939/1183/1158 940/1193/1168
f 856/1088/1063 919/1192/1167 920/1194/1169
f 877/1065/1040 940/1193/1168 941/1195/1170
f 857/1092/1067 920/1194/1169 921/1196/1171
f 878/1069/1044 941/1195/1170 942/1197/1172
f 858/1097/1072 921/1196/1171 922/1198/1173
f 879/1074/1049 942/1197/1172 943/1199/1174
f 859/1101/1076 922/1198/1173 923/1200/1175
f 880/1078/1053 943/1199/1174 944/1201/1176
f 860/1105/1080 923/1200/1175 924/1202/1177
f 834/1169/1144 897/1203/1178 833/1107/1082
f 881/1082/1057 944/1201/1176 945/1204/1179
f 861/1112/1087 924/1202/1177 925/1205/1180
f 833/1107/1082 899/1206/1181 835/1113/1088
f 881/1082/1057 946/1207/1182 882/1085/1060
f 862/1118/1093 925/1205/1180 926/1208/1183
f 835/1113/1088 900/1209/1184 836/1119/1094
f 882/1085/1060 947/1210/1185 883/1089/1064
f 863/1124/1099 926/1208/1183 927/1211/1186
f 836/1119/1094 901/1212/1187 837/1125/1100
f 883/1213/1188 948/1214/1189 884/1094/1069
f 864/1130/1105 927/1211/1186 928/1215/1190
f 837/1125/1100 902/1216/1191 838/1131/1106
f 884/1094/1069 949/1217/1192 885/1098/1073
f 865/1136/1111 928/1215/1190 929/1218/1193
f 838/1131/1106 903/1219/1194 839/1137/1112
f 885/1098/1073 950/1220/1195 886/1102/1077
f 866/1142/1117 929/1218/1193 930/1221/1196
f 839/1137/1112 904/1222/1197 840/1143/1118
f 886/1102/1077 951/1223/1198 887/1109/1084
f 867/1148/1123 930/1221/1196 931/1224/1199
f 840/1143/1118 905/1225/1200 841/1149/1124
f 887/1109/1084 952/1226/1201 888/1115/1090
f 868/1154/1129 931/1224/1199 932/1227/1202
f 841/1149/1124 906/1228/1203 842/1155/1130
f 888/1115/1090 953/1229/1204 889/1121/1096
f 869/1160/1135 932/1227/1202 933/1230/1205
f 842/1155/1130 907/1231/1206 843/1161/1136
f 889/1121/1096 954/1232/1207 890/1127/1102
f 870/1166/1141 933/1230/1205 934/1233/1208
f 843/1161/1136 908/1234/1209 844/1167/1142
f 890/1127/1102 955/1235/1210 891/1133/1108
f 871/1171/1146 934/1233/1208 935/1055/1030
f 844/1167/1142 909/1236/1211 845/1172/1147
f 891/1133/1108 956/1237/1212 892/1139/1114
f 845/1172/1147 910/1238/1213 846/1175/1150
f 892/1139/1114 957/1239/1214 893/1145/1120
f 846/1175/1150 911/1240/1215 847/1179/1154
f 893/1145/1120 958/1241/1216 894/1151/1126
f 847/1179/1154 912/1242/1217 848/1182/1157
f 894/1151/1126 959/1243/1218 895/1157/1132
f 848/1182/1157 913/1244/1219 849/1058/1033
f 895/1157/1132 960/1245/1220 896/1163/1138
f 850/1063/1038 913/1244/1219 914/1246/1221
f 896/1163/1138 898/1247/1222 834/1169/1144
f 851/1067/1042 914/1246/1221 915/1248/1223
f 995/1249/1224 979/1250/1225 963/1251/1226
f 913/1244/1219 976/1252/1227 977/1253/1228
f 939/1183/1158 1004/1254/1229 940/1193/1168
f 914/1246/1221 977/1253/1228 978/1255/1230
f 941/1195/1170 1004/1254/1229 1005/1256/1231
f 914/1246/1221 979/1250/1225 915/1248/1223
f 941/1195/1170 1006/1257/1232 942/1197/1172
f 915/1186/1161 980/1258/1233 916/1187/1162
f 942/1197/1172 1007/1259/1234 943/1199/1174
f 917/1189/1164 980/1258/1233 981/1260/1235
f 944/1201/1176 1007/1259/1234 1008/1261/1236
f 917/1189/1164 982/1262/1237 918/1191/1166
f 944/1201/1176 1009/1263/1238 945/1204/1179
f 918/1191/1166 983/1264/1239 919/1192/1167
f 946/1207/1182 1009/1263/1238 1010/1265/1240
f 919/1192/1167 984/1266/1241 920/1194/1169
f 946/1207/1182 1011/1267/1242 947/1210/1185
f 920/1194/1169 985/1268/1243 921/1196/1171
f 947/1269/1244 1012/1270/1245 948/1214/1189
f 921/1196/1171 986/1271/1246 922/1198/1173
f 949/1217/1192 1012/1270/1245 1013/1272/1247
f 922/1198/1173 987/1273/1248 923/1200/1175
f 949/1217/1192 1014/1274/1249 950/1220/1195
f 923/1200/1175 988/1275/1250 924/1202/1177
f 898/1247/1222 961/1276/1251 897/1203/1178
f 950/1220/1195 1015/1277/1252 951/1223/1198
f 925/1205/1180 988/1275/1250 989/1278/1253
f 897/1203/1178 963/1251/1226 899/1206/1181
f 952/1226/1201 1015/1277/1252 1016/1279/1254
f 925/1205/1180 990/1280/1255 926/1208/1183
f 899/1206/1181 964/1281/1256 900/1209/1184
f 952/1226/1201 1017/1282/1257 953/1229/1204
f 927/1211/1186 990/1280/1255 991/1283/1258
f 901/1212/1187 964/1281/1256 965/1284/1259
f 953/1229/1204 1018/1285/1260 954/1232/1207
f 927/1211/1186 992/1286/1261 928/1215/1190
f 902/1216/1191 965/1284/1259 966/1287/1262
f 954/1232/1207 1019/1288/1263 955/1235/1210
f 928/1215/1190 993/1289/1264 929/1218/1193
f 902/1216/1191 967/1290/1265 903/1219/1194
f 956/1237/1212 1019/1288/1263 1020/1291/1266
f 930/1221/1196 993/1289/1264 994/1292/1267
f 904/1222/1197 967/1290/1265 968/1293/1268
f 957/1239/1214 1020/1291/1266 1021/1294/1269
f 930/1221/1196 995/1249/1224 931/1224/1199
f 904/1222/1197 969/1295/1270 905/1225/1200
f 957/1239/1214 1022/1296/1271 958/1241/1216
f 931/1224/1199 996/1297/1272 932/1227/1202
f 905/1225/1200 970/1298/1273 906/1228/1203
f 958/1241/1216 1023/1299/1274 959/1243/1218
f 932/1227/1202 997/1300/1275 933/1230/1205
f 906/1228/1203 971/1301/1276 907/1231/1206
f 959/1243/1218 1024/1302/1277 960/1245/1220
f 933/1230/1205 998/1303/1278 934/1233/1208
f 907/1231/1206 972/1304/1279 908/1234/1209
f 960/1245/1220 962/1305/1280 898/1247/1222
f 934/1233/1208 999/1306/1281 935/1055/1030
f 908/1234/1209 973/1307/1282 909/1236/1211
f 936/1056/1031 999/1306/1281 1000/1308/1283
f 909/1236/1211 974/1309/1284 910/1238/1213
f 937/1188/1163 1000/1308/1283 1001/1310/1285
f 910/1238/1213 975/1311/1286 911/1240/1215
f 937/1188/1163 1002/1184/1159 938/1190/1165
f 911/1240/1215 976/1252/1227 912/1242/1217
f 2947/730/2825 2494/921/2826 2495/729/2827
f 2755/794/2890 2536/795/2891 2756/796/2892
f 2950/922/2893 2469/799/2894 2951/797/2895
f 2955/802/2896 2442/923/2897 2443/801/2898
f 2957/804/2899 2495/729/2827 2496/803/2900
f 2951/797/2895 2470/806/2901 2959/805/2902
f 2955/802/2896 2444/807/2903 2961/808/2904
f 2963/810/2905 2496/803/2900 2434/809/2906
f 2959/805/2902 2471/812/2907 2965/811/2908
f 2961/808/2904 2445/813/2909 2967/814/2910
f 2965/811/2908 2472/816/2911 2969/815/2912
f 2967/814/2910 2446/817/2913 2971/818/2914
f 2969/815/2912 2473/820/2915 2973/819/2916
f 2971/818/2914 2447/821/2917 2975/822/2918
f 2977/823/2919 2473/820/2915 2474/824/2920
f 2975/822/2918 2448/825/2921 2979/826/2922
f 2981/827/2923 2474/824/2920 2475/828/2924
f 2979/826/2922 2449/829/2925 2983/830/2926
f 2985/831/2927 2475/828/2924 2476/832/2928
f 2983/830/2926 2450/834/2929 2987/833/2930
f 2989/835/2931 2476/832/2928 2477/836/2932
f 2987/833/2930 2451/838/2933 2991/837/2934
f 2993/839/2935 2477/836/2932 2478/840/2936
f 2991/1535/2934 2452/843/2937 2995/841/2938
f 2997/844/2939 2478/840/2936 2479/845/2940
f 2995/841/2938 2453/847/2941 2999/846/2942
f 3001/848/2943 2479/845/2940 2480/849/2944
f 2999/846/2942 2454/851/2945 3003/850/2946
f 3005/852/2947 2480/849/2944 2481/853/2948
f 3003/850/2946 2455/855/2949 3007/854/2950
f 3009/857/2951 2481/853/2948 2482/856/2952
f 3007/854/2950 2456/859/2953 3011/858/2954
f 3013/861/2955 2482/856/2952 2483/860/2956
f 3011/858/2954 2457/863/2957 3015/862/2958
f 3017/866/2959 2483/2038/2956 2484/865/2960
f 3015/862/2958 2458/868/2961 3019/867/2962
f 3021/870/2963 2484/865/2960 2485/869/2964
f 3019/867/2962 2459/872/2965 3023/871/2966
f 3025/874/2967 2485/869/2964 2486/873/2968
f 3023/871/2966 2460/876/2969 3027/875/2970
f 3029/878/2971 2434/809/2906 2433/877/2972
f 3031/880/2973 2486/873/2968 2487/879/2974
f 3027/875/2970 2461/882/2975 3033/881/2976
f 3035/884/2977 2433/877/2972 2435/883/2978
f 3037/886/2979 2487/879/2974 2488/885/2980
f 3033/881/2976 2462/888/2981 3039/887/2982
f 3041/890/2983 2435/883/2978 2436/889/2984
f 3043/892/2985 2488/885/2980 2489/891/2986
f 3039/887/2982 2463/894/2987 3045/893/2988
f 3047/896/2989 2436/889/2984 2437/895/2990
f 3049/898/2991 2489/891/2986 2490/897/2992
f 3045/893/2988 2464/900/2993 3051/899/2994
f 3053/902/2995 2437/895/2990 2438/901/2996
f 3055/904/2997 2490/897/2992 2491/903/2998
f 3051/899/2994 2465/906/2999 3057/905/3000
f 3059/908/3001 2438/901/2996 2439/907/3002
f 3061/910/3003 2491/903/2998 2492/909/3004
f 3057/905/3000 2466/912/3005 3063/911/3006
f 3065/914/3007 2439/907/3002 2440/913/3008
f 3067/916/3009 2492/909/3004 2493/915/3010
f 3063/911/3006 2467/918/3011 3069/917/3012
f 3071/920/3013 2440/913/3008 2441/919/3014
f 2946/728/3015 2493/915/3010 2494/921/2826
f 3069/917/3012 2468/798/3016 2950/922/2893
f 2954/800/3017 2441/919/3014 2442/923/2897
f 2538/1181/3018 2603/926/3019 2539/924/3020
f 2761/1053/3021 2510/929/3022 2762/927/3023
f 2765/931/3024 2536/795/2891 2537/930/3025
f 2762/927/3023 2511/933/3026 2768/932/3027
f 2771/935/3028 2537/930/3025 2538/934/3029
f 2768/932/3027 2512/937/3030 2774/936/3031
f 2777/939/3032 2538/934/3029 2539/938/3033
f 2774/936/3031 2513/941/3034 2780/940/3035
f 2783/943/3036 2539/938/3033 2540/942/3037
f 2780/940/3035 2514/944/3038 2786/945/3039
f 2789/947/3040 2540/942/3037 2541/946/3041
f 2786/945/3039 2515/948/3042 2792/949/3043
f 2795/951/3044 2541/946/3041 2542/950/3045
f 2792/952/3043 2516/953/3046 2798/954/3047
f 2801/956/3048 2542/950/3045 2543/955/3049
f 2798/954/3047 2517/957/3050 2804/958/3051
f 2807/960/3052 2543/955/3049 2544/959/3053
f 2804/958/3051 2518/961/3054 2810/962/3055
f 2813/964/3056 2544/959/3053 2545/963/3057
f 2810/962/3055 2519/965/3058 2816/966/3059
f 2819/967/3060 2545/963/3057 2546/968/3061
f 2816/966/3059 2520/969/3062 2822/970/3063
f 2825/971/3064 2546/968/3061 2547/972/3065
f 2822/970/3063 2521/973/3066 2828/974/3067
f 2831/975/3068 2547/976/3065 2548/977/3069
f 2828/974/3067 2522/978/3070 2834/979/3071
f 2837/980/3072 2548/977/3069 2549/981/3073
f 2834/979/3071 2523/982/3074 2840/983/3075
f 2843/984/3076 2549/981/3073 2550/985/3077
f 2840/983/3075 2524/986/3078 2846/987/3079
f 2852/988/3080 2498/989/3081 2497/990/3082
f 2855/991/3083 2550/985/3077 2551/992/3084
f 2846/987/3079 2525/993/3085 2858/994/3086
f 2861/995/3087 2497/990/3082 2499/996/3088
f 2864/997/3089 2551/992/3084 2552/998/3090
f 2858/994/3086 2526/999/3091 2867/1000/3092
f 2870/1001/3093 2499/996/3088 2500/1002/3094
f 2873/1003/3095 2552/998/3090 2553/1004/3096
f 2867/1000/3092 2527/1005/3097 2876/1006/3098
f 2879/1007/3099 2500/1002/3094 2501/1008/3100
f 2882/1009/3101 2553/1004/3096 2554/1010/3102
f 2876/1006/3098 2528/1011/3103 2885/1012/3104
f 2888/1013/3105 2501/1008/3100 2502/1014/3106
f 2891/1015/3107 2554/1010/3102 2555/1016/3108
f 2885/1012/3104 2529/1017/3109 2894/1018/3110
f 2897/1019/3111 2502/1014/3106 2503/1020/3112
f 2900/1021/3113 2555/1016/3108 2556/1022/3114
f 2894/1018/3110 2530/1023/3115 2903/1024/3116
f 2906/1025/3117 2503/1020/3112 2504/1026/3118
f 2909/1027/3119 2556/1022/3114 2557/1028/3120
f 2903/1024/3116 2531/1029/3121 2912/1030/3122
f 2915/1031/3123 2504/1026/3118 2505/1032/3124
f 2918/1033/3125 2557/1028/3120 2558/1034/3126
f 2912/1030/3122 2532/1035/3127 2921/1036/3128
f 2924/1037/3129 2505/1032/3124 2506/1038/3130
f 2927/1039/3131 2558/1034/3126 2559/1040/3132
f 2921/1036/3128 2533/1041/3133 2930/1042/3134
f 2933/1043/3135 2506/1038/3130 2507/1044/3136
f 2936/1045/3137 2559/1040/3132 2560/1046/3138
f 2930/1042/3134 2534/1047/3139 2939/1048/3140
f 2942/1049/3141 2507/1044/3136 2508/1050/3142
f 2851/1051/3143 2560/1046/3138 2498/989/3081
f 2939/1048/3140 2535/1052/3144 2755/794/2890
f 2942/1049/3141 2509/928/3145 2761/1053/3021
f 2599/1171/3146 2664/1056/3147 2600/1054/3148
f 2513/1059/3149 2576/1182/3150 2577/1058/3151
f 2539/924/3020 2604/1061/3152 2540/1060/3153
f 2514/1062/3154 2577/1058/3151 2578/1063/3155
f 2540/1060/3153 2605/1065/3156 2541/1064/3157
f 2515/1066/3158 2578/1063/3155 2579/1067/3159
f 2541/1064/3157 2606/1069/3160 2542/1068/3161
f 2516/1070/3162 2579/1071/3163 2580/1072/3164
f 2542/1068/3161 2607/1074/3165 2543/1073/3166
f 2517/1075/3167 2580/1072/3164 2581/1076/3168
f 2543/1073/3166 2608/1078/3169 2544/1077/3170
f 2518/1079/3171 2581/1076/3168 2582/1080/3172
f 2544/1077/3170 2609/1082/3173 2545/1081/3174
f 2519/1083/3175 2582/1080/3172 2583/1084/3176
f 2545/1081/3174 2610/1085/3177 2546/1086/3178
f 2520/1087/3179 2583/1084/3176 2584/1088/3180
f 2546/1086/3178 2611/1089/3181 2547/1090/3182
f 2521/1091/3183 2584/1088/3180 2585/1092/3184
f 2547/1093/3185 2612/1094/3186 2548/1095/3187
f 2522/1096/3188 2585/1092/3184 2586/1097/3189
f 2548/1095/3187 2613/1098/3190 2549/1099/3191
f 2523/1100/3192 2586/1097/3189 2587/1101/3193
f 2549/1099/3191 2614/1102/3194 2550/1103/3195
f 2524/1104/3196 2587/1101/3193 2588/1105/3197
f 2498/1106/3198 2561/1107/3199 2497/1108/3200
f 2550/1103/3195 2615/1109/3201 2551/1110/3202
f 2525/1111/3203 2588/1105/3197 2589/1112/3204
f 2497/1108/3200 2563/1113/3205 2499/1114/3206
f 2551/1110/3202 2616/1115/3207 2552/1116/3208
f 2526/1117/3209 2589/1112/3204 2590/1118/3210
f 2499/1114/3206 2564/1119/3211 2500/1120/3212
f 2552/1116/3208 2617/1121/3213 2553/1122/3214
f 2527/1123/3215 2590/1118/3210 2591/1124/3216
f 2500/1120/3212 2565/1125/3217 2501/1126/3218
f 2553/1122/3214 2618/1127/3219 2554/1128/3220
f 2528/1129/3221 2591/1124/3216 2592/1130/3222
f 2501/1126/3218 2566/1131/3223 2502/1132/3224
f 2554/1128/3220 2619/1133/3225 2555/1134/3226
f 2529/1135/3227 2592/1130/3222 2593/1136/3228
f 2502/1132/3224 2567/1137/3229 2503/1138/3230
f 2555/1134/3226 2620/1139/3231 2556/1140/3232
f 2530/1141/3233 2593/1136/3228 2594/1142/3234
f 2503/1138/3230 2568/1143/3235 2504/1144/3236
f 2556/1140/3232 2621/1145/3237 2557/1146/3238
f 2531/1147/3239 2594/1142/3234 2595/1148/3240
f 2504/1144/3236 2569/1149/3241 2505/1150/3242
f 2557/1146/3238 2622/1151/3243 2558/1152/3244
f 2532/1153/3245 2595/1148/3240 2596/1154/3246
f 2505/1150/3242 2570/1155/3247 2506/1156/3248
f 2558/1152/3244 2623/1157/3249 2559/1158/3250
f 2533/1159/3251 2596/1154/3246 2597/1160/3252
f 2506/1156/3248 2571/1161/3253 2507/1162/3254
f 2559/1158/3250 2624/1163/3255 2560/1164/3256
f 2534/1165/3257 2597/1160/3252 2598/1166/3258
f 2508/1168/3259 2571/1161/3253 2572/1167/3260
f 2560/1164/3256 2562/1169/3261 2498/1106/3198
f 2535/1170/3262 2598/1166/3258 2599/1171/3146
f 2509/1173/3263 2572/1167/3260 2573/1172/3264
f 2535/1170/3262 2600/1054/3148 2536/1174/3265
f 2510/1176/3266 2573/1172/3264 2574/1175/3267
f 2536/1174/3265 2601/1178/3268 2537/1177/3269
f 2511/1180/3270 2574/1175/3267 2575/1179/3271
f 2537/1177/3269 2602/925/3272 2538/1181/3018
f 2512/1057/3273 2575/1179/3271 2576/1182/3150
f 2666/1190/3274 2731/1185/3275 2667/1183/3276
f 2580/1072/3164 2643/1186/3277 2644/1187/3278
f 2600/1054/3148 2665/1188/3279 2601/1178/3268
f 2581/1076/3168 2644/1187/3278 2645/1189/3280
f 2601/1178/3268 2666/1190/3274 2602/925/3272
f 2582/1080/3172 2645/1189/3280 2646/1191/3281
f 2602/925/3272 2667/1183/3276 2603/926/3019
f 2583/1084/3176 2646/1191/3281 2647/1192/3282
f 2603/926/3019 2668/1193/3283 2604/1061/3152
f 2584/1088/3180 2647/1192/3282 2648/1194/3284
f 2604/1061/3152 2669/1195/3285 2605/1065/3156
f 2585/1092/3184 2648/1194/3284 2649/1196/3286
f 2605/1065/3156 2670/1197/3287 2606/1069/3160
f 2586/1097/3189 2649/1196/3286 2650/1198/3288
f 2606/1069/3160 2671/1199/3289 2607/1074/3165
f 2587/1101/3193 2650/1198/3288 2651/1200/3290
f 2607/1074/3165 2672/1201/3291 2608/1078/3169
f 2588/1105/3197 2651/1200/3290 2652/1202/3292
f 2562/1169/3261 2625/1203/3293 2561/1107/3199
f 2608/1078/3169 2673/1204/3294 2609/1082/3173
f 2589/1112/3204 2652/1202/3292 2653/1205/3295
f 2561/1107/3199 2627/1206/3296 2563/1113/3205
f 2609/1082/3173 2674/1207/3297 2610/1085/3177
f 2590/1118/3210 2653/1205/3295 2654/1208/3298
f 2563/1113/3205 2628/1209/3299 2564/1119/3211
f 2610/1085/3177 2675/1210/3300 2611/1089/3181
f 2591/1124/3216 2654/1208/3298 2655/1211/3301
f 2564/1119/3211 2629/1212/3302 2565/1125/3217
f 2611/1213/3303 2676/1214/3304 2612/1094/3186
f 2592/1130/3222 2655/1211/3301 2656/1215/3305
f 2565/1125/3217 2630/1216/3306 2566/1131/3223
f 2612/1094/3186 2677/1217/3307 2613/1098/3190
f 2593/1136/3228 2656/1215/3305 2657/1218/3308
f 2566/1131/3223 2631/1219/3309 2567/1137/3229
f 2613/1098/3190 2678/1220/3310 2614/1102/3194
f 2594/1142/3234 2657/1218/3308 2658/1221/3311
f 2567/1137/3229 2632/1222/3312 2568/1143/3235
f 2614/1102/3194 2679/1223/3313 2615/1109/3201
f 2595/1148/3240 2658/1221/3311 2659/1224/3314
f 2568/1143/3235 2633/1225/3315 2569/1149/3241
f 2615/1109/3201 2680/1226/3316 2616/1115/3207
f 2596/1154/3246 2659/1224/3314 2660/1227/3317
f 2569/1149/3241 2634/1228/3318 2570/1155/3247
f 2616/1115/3207 2681/1229/3319 2617/1121/3213
f 2597/1160/3252 2660/1227/3317 2661/1230/3320
f 2571/1161/3253 2634/1228/3318 2635/1231/3321
f 2617/1121/3213 2682/1232/3322 2618/1127/3219
f 2598/1166/3258 2661/1230/3320 2662/1233/3323
f 2572/1167/3260 2635/1231/3321 2636/1234/3324
f 2618/1127/3219 2683/1235/3325 2619/1133/3225
f 2598/1166/3258 2663/1055/3326 2599/1171/3146
f 2573/1172/3264 2636/1234/3324 2637/1236/3327
f 2619/1133/3225 2684/1237/3328 2620/1139/3231
f 2574/1175/3267 2637/1236/3327 2638/1238/3329
f 2620/1139/3231 2685/1239/3330 2621/1145/3237
f 2575/1179/3271 2638/1238/3329 2639/1240/3331
f 2621/1145/3237 2686/1241/3332 2622/1151/3243
f 2576/1182/3150 2639/1240/3331 2640/1242/3333
f 2622/1151/3243 2687/1243/3334 2623/1157/3249
f 2577/1058/3151 2640/1242/3333 2641/1244/3335
f 2623/1157/3249 2688/1245/3336 2624/1163/3255
f 2578/1063/3155 2641/1244/3335 2642/1246/3337
f 2624/1163/3255 2626/1247/3338 2562/1169/3261
f 2579/1067/3159 2642/1246/3337 2643/1248/3339
f 2723/1249/3340 2707/1250/3341 2691/1251/3342
f 2641/1244/3335 2704/1252/3343 2705/1253/3344
f 2667/1183/3276 2732/1254/3345 2668/1193/3283
f 2641/1244/3335 2706/1255/3346 2642/1246/3337
f 2668/1193/3283 2733/1256/3347 2669/1195/3285
f 2642/1246/3337 2707/1250/3341 2643/1248/3339
f 2670/1197/3287 2733/1256/3347 2734/1257/3348
f 2643/1186/3277 2708/1258/3349 2644/1187/3278
f 2670/1197/3287 2735/1259/3350 2671/1199/3289
f 2644/1187/3278 2709/1260/3351 2645/1189/3280
f 2671/1199/3289 2736/1261/3352 2672/1201/3291
f 2646/1191/3281 2709/1260/3351 2710/1262/3353
f 2673/1204/3294 2736/1261/3352 2737/1263/3354
f 2647/1192/3282 2710/1262/3353 2711/1264/3355
f 2674/1207/3297 2737/1263/3354 2738/1265/3356
f 2648/1194/3284 2711/1264/3355 2712/1266/3357
f 2675/1210/3300 2738/1265/3356 2739/1267/3358
f 2649/1196/3286 2712/1266/3357 2713/1268/3359
f 2676/1214/3304 2739/1267/3358 2740/1270/3360
f 2649/1196/3286 2714/1271/3361 2650/1198/3288
f 2677/1217/3307 2740/1270/3360 2741/1272/3362
f 2650/1198/3288 2715/1273/3363 2651/1200/3290
f 2677/1217/3307 2742/1274/3364 2678/1220/3310
f 2652/1202/3292 2715/1273/3363 2716/1275/3365
f 2626/1247/3338 2689/1276/3366 2625/1203/3293
f 2678/1220/3310 2743/1277/3367 2679/1223/3313
f 2653/1205/3295 2716/1275/3365 2717/1278/3368
f 2625/1203/3293 2691/1251/3342 2627/1206/3296
f 2679/1223/3313 2744/1279/3369 2680/1226/3316
f 2654/1208/3298 2717/1278/3368 2718/1280/3370
f 2627/1206/3296 2692/1281/3371 2628/1209/3299
f 2681/1229/3319 2744/1279/3369 2745/1282/3372
f 2654/1208/3298 2719/1283/3373 2655/1211/3301
f 2629/1212/3302 2692/1281/3371 2693/1284/3374
f 2681/1229/3319 2746/1285/3375 2682/1232/3322
f 2655/1211/3301 2720/1286/3376 2656/1215/3305
f 2630/1216/3306 2693/1284/3374 2694/1287/3377
f 2683/1235/3325 2746/1285/3375 2747/1288/3378
f 2657/1218/3308 2720/1286/3376 2721/1289/3379
f 2630/1216/3306 2695/1290/3380 2631/1219/3309
f 2684/1237/3328 2747/1288/3378 2748/1291/3381
f 2657/1218/3308 2722/1292/3382 2658/1221/3311
f 2632/1222/3312 2695/1290/3380 2696/1293/3383
f 2684/1237/3328 2749/1294/3384 2685/1239/3330
f 2658/1221/3311 2723/1249/3340 2659/1224/3314
f 2633/1225/3315 2696/1293/3383 2697/1295/3385
f 2685/1239/3330 2750/1296/3386 2686/1241/3332
f 2660/1227/3317 2723/1249/3340 2724/1297/3387
f 2633/1225/3315 2698/1298/3388 2634/1228/3318
f 2687/1243/3334 2750/1296/3386 2751/1299/3389
f 2661/1230/3320 2724/1297/3387 2725/1300/3390
f 2634/1228/3318 2699/1301/3391 2635/1231/3321
f 2687/1243/3334 2752/1302/3392 2688/1245/3336
f 2661/1230/3320 2726/1303/3393 2662/1233/3323
f 2636/1234/3324 2699/1301/3391 2700/1304/3394
f 2626/1247/3338 2752/1302/3392 2690/1305/3395
f 2662/1233/3323 2727/1306/3396 2663/1055/3326
f 2637/1236/3327 2700/1304/3394 2701/1307/3397
f 2663/1055/3326 2728/1308/3398 2664/1056/3147
f 2637/1236/3327 2702/1309/3399 2638/1238/3329
f 2665/1188/3279 2728/1308/3398 2729/1310/3400
f 2639/1240/3331 2702/1309/3399 2703/1311/3401
f 2665/1188/3279 2730/1184/3402 2666/1190/3274
f 2640/1242/3333 2703/1311/3401 2704/1252/3343
f 2444/807/2903 2759/1313/3403 2445/813/2909
f 2944/1312/3404 2760/1315/3405 2759/1313/3403
f 2943/1314/3406 2761/1053/3021 2760/1315/3405
f 2470/806/2901 2753/1316/3407 2471/812/2907
f 2941/1317/3408 2754/1318/3409 2753/1316/3407
f 2940/1319/3410 2755/794/2890 2754/1318/3409
f 2434/809/2906 2938/1320/3411 2849/1321/3412
f 2849/1321/3412 2937/1322/3413 2850/1323/3414
f 2850/1323/3414 2936/1045/3137 2851/1051/3143
f 2443/801/2898 2944/1312/3404 2444/807/2903
f 2935/1324/3415 2943/1314/3406 2944/1312/3404
f 2934/1325/3416 2942/1049/3141 2943/1314/3406
f 2469/799/2894 2941/1317/3408 2470/806/2901
f 2932/1326/3417 2940/1319/3410 2941/1317/3408
f 2931/1327/3418 2939/1048/3140 2940/1319/3410
f 2496/803/2900 2929/1328/3419 2938/1320/3411
f 2938/1320/3411 2928/1329/3420 2937/1322/3413
f 2937/1322/3413 2927/1039/3131 2936/1045/3137
f 2443/801/2898 2926/1330/3421 2935/1324/3415
f 2935/1324/3415 2925/1331/3422 2934/1325/3416
f 2934/1325/3416 2924/1037/3129 2933/1043/3135
f 2468/798/3016 2932/1326/3417 2469/799/2894
f 2923/1332/3423 2931/1327/3418 2932/1326/3417
f 2922/1333/3424 2930/1042/3134 2931/1327/3418
f 2495/729/2827 2920/1334/3425 2929/1328/3419
f 2929/1328/3419 2919/1335/3426 2928/1329/3420
f 2928/1329/3420 2918/1033/3125 2927/1039/3131
f 2442/923/2897 2917/1336/3427 2926/1330/3421
f 2926/1330/3421 2916/1337/3428 2925/1331/3422
f 2925/1331/3422 2915/1031/3123 2924/1037/3129
f 2467/918/3011 2923/1332/3423 2468/798/3016
f 2914/1338/3429 2922/1333/3424 2923/1332/3423
f 2913/1339/3430 2921/1036/3128 2922/1333/3424
f 2494/921/2826 2911/1340/3431 2920/1334/3425
f 2920/1334/3425 2910/1341/3432 2919/1335/3426
f 2919/1335/3426 2909/1027/3119 2918/1033/3125
f 2441/919/3014 2908/1342/3433 2917/1336/3427
f 2917/1336/3427 2907/1343/3434 2916/1337/3428
f 2916/1337/3428 2906/1025/3117 2915/1031/3123
f 2466/912/3005 2914/1338/3429 2467/918/3011
f 2905/1344/3435 2913/1339/3430 2914/1338/3429
f 2904/1345/3436 2912/1030/3122 2913/1339/3430
f 2493/915/3010 2902/1346/3437 2911/1340/3431
f 2911/1340/3431 2901/1347/3438 2910/1341/3432
f 2910/1341/3432 2900/1021/3113 2909/1027/3119
f 2440/913/3008 2899/1348/3439 2908/1342/3433
f 2908/1342/3433 2898/1349/3440 2907/1343/3434
f 2907/1343/3434 2897/1019/3111 2906/1025/3117
f 2465/906/2999 2905/1344/3435 2466/912/3005
f 2896/1350/3441 2904/1345/3436 2905/1344/3435
f 2895/1351/3442 2903/1024/3116 2904/1345/3436
f 2492/909/3004 2893/1352/3443 2902/1346/3437
f 2902/1346/3437 2892/1353/3444 2901/1347/3438
f 2901/1347/3438 2891/1015/3107 2900/1021/3113
f 2439/907/3002 2890/1354/3445 2899/1348/3439
f 2899/1348/3439 2889/1355/3446 2898/1349/3440
f 2898/1349/3440 2888/1013/3105 2897/1019/3111
f 2464/900/2993 2896/1350/3441 2465/906/2999
f 2887/1356/3447 2895/1351/3442 2896/1350/3441
f 2886/1357/3448 2894/1018/3110 2895/1351/3442
f 2491/903/2998 2884/1358/3449 2893/1352/3443
f 2893/1352/3443 2883/1359/3450 2892/1353/3444
f 2892/1353/3444 2882/1009/3101 2891/1015/3107
f 2438/901/2996 2881/1360/3451 2890/1354/3445
f 2890/1354/3445 2880/1361/3452 2889/1355/3446
f 2889/1355/3446 2879/1007/3099 2888/1013/3105
f 2463/894/2987 2887/1356/3447 2464/900/2993
f 2878/1362/3453 2886/1357/3448 2887/1356/3447
f 2877/1363/3454 2885/1012/3104 2886/1357/3448
f 2490/897/2992 2875/1364/3455 2884/1358/3449
f 2884/1358/3449 2874/1365/3456 2883/1359/3450
f 2883/1359/3450 2873/1003/3095 2882/1009/3101
f 2437/895/2990 2872/1366/3457 2881/1360/3451
f 2881/1360/3451 2871/1367/3458 2880/1361/3452
f 2880/1361/3452 2870/1001/3093 2879/1007/3099
f 2462/888/2981 2878/1362/3453 2463/894/2987
f 2869/1368/3459 2877/1363/3454 2878/1362/3453
f 2868/1369/3460 2876/1006/3098 2877/1363/3454
f 2489/891/2986 2866/1370/3461 2875/1364/3455
f 2875/1364/3455 2865/1371/3462 2874/1365/3456
f 2874/1365/3456 2864/997/3089 2873/1003/3095
f 2436/889/2984 2863/1372/3463 2872/1366/3457
f 2872/1366/3457 2862/1373/3464 2871/1367/3458
f 2871/1367/3458 2861/995/3087 2870/1001/3093
f 2461/882/2975 2869/1368/3459 2462/888/2981
f 2860/1374/3465 2868/1369/3460 2869/1368/3459
f 2859/1375/3466 2867/1000/3092 2868/1369/3460
f 2488/885/2980 2857/1376/3467 2866/1370/3461
f 2866/1370/3461 2856/1377/3468 2865/1371/3462
f 2865/1371/3462 2855/991/3083 2864/997/3089
f 2435/883/2978 2854/1378/3469 2863/1372/3463
f 2863/1372/3463 2853/1379/3470 2862/1373/3464
f 2862/1373/3464 2852/988/3080 2861/995/3087
f 2460/876/2969 2860/1374/3465 2461/882/2975
f 2848/1380/3471 2859/1375/3466 2860/1374/3465
f 2847/1381/3472 2858/994/3086 2859/1375/3466
f 2487/879/2974 2845/1382/3473 2857/1376/3467
f 2857/1376/3467 2844/1383/3474 2856/1377/3468
f 2856/1377/3468 2843/984/3076 2855/991/3083
f 2433/877/2972 2849/1321/3412 2854/1378/3469
f 2854/1378/3469 2850/1323/3414 2853/1379/3470
f 2853/1379/3470 2851/1051/3143 2852/988/3080
f 2459/872/2965 2848/1380/3471 2460/876/2969
f 2842/1384/3475 2847/1381/3472 2848/1380/3471
f 2841/1385/3476 2846/987/3079 2847/1381/3472
f 2486/873/2968 2839/1386/3477 2845/1382/3473
f 2845/1382/3473 2838/1387/3478 2844/1383/3474
f 2844/1383/3474 2837/980/3072 2843/984/3076
f 2458/868/2961 2842/1384/3475 2459/872/2965
f 2836/1388/3479 2841/1385/3476 2842/1384/3475
f 2835/1389/3480 2840/983/3075 2841/1385/3476
f 2485/869/2964 2833/1390/3481 2839/1386/3477
f 2839/1386/3477 2832/1391/3482 2838/1387/3478
f 2838/1387/3478 2831/975/3068 2837/980/3072
f 2457/863/2957 2836/1388/3479 2458/868/2961
f 2830/1392/3483 2835/1389/3480 2836/1388/3479
f 2829/1393/3484 2834/979/3071 2835/1389/3480
f 2484/865/2960 2827/1394/3485 2833/1390/3481
f 2833/1390/3481 2826/1395/3486 2832/1391/3482
f 2832/1391/3482 2825/1396/3064 2831/975/3068
f 2456/859/2953 2830/1392/3483 2457/863/2957
f 2824/1397/3487 2829/1393/3484 2830/1392/3483
f 2823/1398/3488 2828/974/3067 2829/1393/3484
f 2483/860/2956 2821/1399/3489 2827/1400/3485
f 2827/1400/3485 2820/1401/3490 2826/1402/3486
f 2826/1402/3486 2819/967/3060 2825/971/3064
f 2455/855/2949 2824/1397/3487 2456/859/2953
f 2818/1403/3491 2823/1398/3488 2824/1397/3487
f 2817/1404/3492 2822/970/3063 2823/1398/3488
f 2482/856/2952 2815/1405/3493 2821/1399/3489
f 2821/1399/3489 2814/1406/3494 2820/1401/3490
f 2820/1401/3490 2813/964/3056 2819/967/3060
f 2454/851/2945 2818/1403/3491 2455/855/2949
f 2812/1407/3495 2817/1404/3492 2818/1403/3491
f 2811/1408/3496 2816/966/3059 2817/1404/3492
f 2481/853/2948 2809/1409/3497 2815/1405/3493
f 2815/1405/3493 2808/1410/3498 2814/1406/3494
f 2814/1406/3494 2807/960/3052 2813/964/3056
f 2453/847/2941 2812/1407/3495 2454/851/2945
f 2806/1411/3499 2811/1408/3496 2812/1407/3495
f 2805/1412/3500 2810/962/3055 2811/1408/3496
f 2480/849/2944 2803/1413/3501 2809/1409/3497
f 2809/1409/3497 2802/1414/3502 2808/1410/3498
f 2808/1410/3498 2801/956/3048 2807/960/3052
f 2452/843/2937 2806/1411/3499 2453/847/2941
f 2800/1415/3503 2805/1412/3500 2806/1411/3499
f 2799/1416/3504 2804/958/3051 2805/1412/3500
f 2479/845/2940 2797/1417/3505 2803/1413/3501
f 2803/1413/3501 2796/1418/3506 2802/1414/3502
f 2802/1414/3502 2795/951/3044 2801/956/3048
f 2451/842/2933 2800/1415/3503 2452/843/2937
f 2794/1419/3507 2799/1416/3504 2800/1415/3503
f 2793/1420/3508 2798/954/3047 2799/1416/3504
f 2478/840/2936 2791/1421/3509 2797/1417/3505
f 2797/1417/3505 2790/1422/3510 2796/1418/3506
f 2796/1418/3506 2789/947/3040 2795/951/3044
f 2450/834/2929 2794/1423/3507 2451/838/2933
f 2788/1424/3511 2793/1425/3508 2794/1423/3507
f 2787/1426/3512 2792/949/3043 2793/1425/3508
f 2477/836/2932 2785/1427/3513 2791/1421/3509
f 2791/1421/3509 2784/1428/3514 2790/1422/3510
f 2790/1422/3510 2783/943/3036 2789/947/3040
f 2449/829/2925 2788/1424/3511 2450/834/2929
f 2782/1429/3515 2787/1426/3512 2788/1424/3511
f 2781/1430/3516 2786/945/3039 2787/1426/3512
f 2476/832/2928 2779/1431/3517 2785/1427/3513
f 2785/1427/3513 2778/1432/3518 2784/1428/3514
f 2784/1428/3514 2777/939/3032 2783/943/3036
f 2448/825/2921 2782/1429/3515 2449/829/2925
f 2776/1433/3519 2781/1430/3516 2782/1429/3515
f 2775/1434/3520 2780/940/3035 2781/1430/3516
f 2475/828/2924 2773/1435/3521 2779/1431/3517
f 2779/1431/3517 2772/1436/3522 2778/1432/3518
f 2778/1432/3518 2771/935/3028 2777/939/3032
f 2447/821/2917 2776/1433/3519 2448/825/2921
f 2770/1437/3523 2775/1434/3520 2776/1433/3519
f 2769/1438/3524 2774/936/3031 2775/1434/3520
f 2474/824/2920 2767/1439/3525 2773/1435/3521
f 2773/1435/3521 2766/1440/3526 2772/1436/3522
f 2772/1436/3522 2765/931/3024 2771/935/3028
f 2446/817/2913 2770/1437/3523 2447/821/2917
f 2764/1441/3527 2769/1438/3524 2770/1437/3523
f 2763/1442/3528 2768/932/3027 2769/1438/3524
f 2472/816/2911 2767/1439/3525 2473/820/2915
f 2758/1443/3529 2766/1440/3526 2767/1439/3525
f 2757/1444/3530 2765/931/3024 2766/1440/3526
f 2445/813/2909 2764/1441/3527 2446/817/2913
f 2759/1313/3403 2763/1442/3528 2764/1441/3527
f 2760/1315/3405 2762/927/3023 2763/1442/3528
f 2471/812/2907 2758/1443/3529 2472/816/2911
f 2753/1316/3407 2757/1444/3530 2758/1443/3529
f 2754/1318/3409 2756/796/2892 2757/1444/3530
f 2377/1445/3531 2953/1446/3532 2378/1447/3533
f 3072/1448/3534 2954/800/3017 2953/1446/3532
f 2404/1449/3535 3070/1450/3536 2949/1451/3537
f 2949/1451/3537 3069/917/3012 2950/922/2893
f 2429/1452/3538 2945/1453/3539 2430/1454/3540
f 3068/1455/3541 2946/728/3015 2945/1453/3539
f 2376/1456/3542 3072/1448/3534 2377/1445/3531
f 3066/1457/3543 3071/920/3013 3072/1448/3534
f 2403/1458/3544 3064/1459/3545 3070/1450/3536
f 3070/1450/3536 3063/911/3006 3069/917/3012
f 2428/1460/3546 3068/1455/3541 2429/1452/3538
f 3062/1461/3547 3067/916/3009 3068/1455/3541
f 2375/1462/3548 3066/1457/3543 2376/1456/3542
f 3060/1463/3549 3065/914/3007 3066/1457/3543
f 2402/1464/3550 3058/1465/3551 3064/1459/3545
f 3064/1459/3545 3057/905/3000 3063/911/3006
f 2427/1466/3552 3062/1461/3547 2428/1460/3546
f 3062/1461/3547 3055/904/2997 3061/910/3003
f 2374/1468/3553 3060/1463/3549 2375/1462/3548
f 3054/1469/3554 3059/908/3001 3060/1463/3549
f 2401/1470/3555 3052/1471/3556 3058/1465/3551
f 3058/1465/3551 3051/899/2994 3057/905/3000
f 2426/1472/3557 3056/1467/3558 2427/1466/3552
f 3056/1467/3558 3049/898/2991 3055/904/2997
f 2373/1474/3559 3054/1469/3554 2374/1468/3553
f 3048/1475/3560 3053/902/2995 3054/1469/3554
f 2400/1476/3561 3046/1477/3562 3052/1471/3556
f 3052/1471/3556 3045/893/2988 3051/899/2994
f 2425/1478/3563 3050/1473/3564 2426/1472/3557
f 3050/1473/3564 3043/892/2985 3049/898/2991
f 2372/1480/3565 3048/1475/3560 2373/1474/3559
f 3042/1481/3566 3047/896/2989 3048/1475/3560
f 2399/1482/3567 3040/1483/3568 3046/1477/3562
f 3046/1477/3562 3039/887/2982 3045/893/2988
f 2424/1484/3569 3044/1479/3570 2425/1478/3563
f 3044/1479/3570 3037/886/2979 3043/892/2985
f 2371/1486/3571 3042/1481/3566 2372/1480/3565
f 3036/1487/3572 3041/890/2983 3042/1481/3566
f 2398/1488/3573 3034/1489/3574 3040/1483/3568
f 3040/1483/3568 3033/881/2976 3039/887/2982
f 2423/1490/3575 3038/1485/3576 2424/1484/3569
f 3038/1485/3576 3031/880/2973 3037/886/2979
f 2369/1492/3577 3036/1487/3572 2371/1486/3571
f 3030/1493/3578 3035/884/2977 3036/1487/3572
f 2397/1494/3579 3028/1495/3580 3034/1489/3574
f 3028/1495/3580 3033/881/2976 3034/1489/3574
f 2422/1496/3581 3032/1491/3582 2423/1490/3575
f 3032/1491/3582 3025/874/2967 3031/880/2973
f 2370/1498/3583 3030/1493/3578 2369/1492/3577
f 2964/1499/3584 3029/878/2971 3030/1493/3578
f 2396/1500/3585 3024/1501/3586 3028/1495/3580
f 3024/1501/3586 3027/875/2970 3028/1495/3580
f 2421/1502/3587 3026/1497/3588 2422/1496/3581
f 3026/1497/3588 3021/870/2963 3025/874/2967
f 2395/1504/3589 3020/1505/3590 3024/1501/3586
f 3020/1505/3590 3023/871/2966 3024/1501/3586
f 2420/1506/3591 3022/1503/3592 2421/1502/3587
f 3022/1503/3592 3017/866/2959 3021/870/2963
f 2394/1508/3593 3016/1509/3594 3020/1505/3590
f 3016/1509/3594 3019/867/2962 3020/1505/3590
f 2419/1510/3595 3018/1507/3596 2420/1506/3591
f 3018/1507/3596 3013/864/2955 3017/866/2959
f 2393/1512/3597 3012/1513/3598 3016/1509/3594
f 3012/1513/3598 3015/862/2958 3016/1509/3594
f 2418/1514/3599 3014/1515/3600 2419/1516/3595
f 3014/1515/3600 3009/857/2951 3013/861/2955
f 2392/1518/3601 3008/1519/3602 3012/1513/3598
f 3008/1519/3602 3011/858/2954 3012/1513/3598
f 2418/1514/3599 3006/1521/3603 3010/1517/3604
f 3010/1517/3604 3005/852/2947 3009/857/2951
f 2391/1522/3605 3004/1523/3606 3008/1519/3602
f 3004/1523/3606 3007/854/2950 3008/1519/3602
f 2417/1520/3607 3002/1524/3608 3006/1521/3603
f 3006/1521/3603 3001/848/2943 3005/852/2947
f 2390/1525/3609 3000/1526/3610 3004/1523/3606
f 3000/1526/3610 3003/850/2946 3004/1523/3606
f 2416/1527/3611 2998/1528/3612 3002/1524/3608
f 3002/1524/3608 2997/844/2939 3001/848/2943
f 2389/1529/3613 2996/1530/3614 3000/1526/3610
f 2996/1530/3614 2999/846/2942 3000/1526/3610
f 2415/1531/3615 2994/1532/3616 2998/1528/3612
f 2998/1528/3612 2993/839/2935 2997/844/2939
f 2388/1533/3617 2992/1534/3618 2996/1530/3614
f 2992/1534/3618 2995/841/2938 2996/1530/3614
f 2414/1536/3619 2990/1537/3620 2994/1532/3616
f 2994/1532/3616 2989/835/2931 2993/839/2935
f 2387/1538/3621 2988/1539/3622 2992/1540/3618
f 2988/1539/3622 2991/837/2934 2992/1540/3618
f 2413/1541/3623 2986/1542/3624 2990/1537/3620
f 2990/1537/3620 2985/831/2927 2989/835/2931
f 2385/1548/3625 2988/1539/3622 2386/1543/3626
f 2984/1544/3627 2987/833/2930 2988/1539/3622
f 2412/1545/3628 2982/1546/3629 2986/1542/3624
f 2986/1542/3624 2981/827/2923 2985/831/2927
f 2384/1547/3630 2984/1544/3627 2385/1548/3625
f 2980/1549/3631 2983/830/2926 2984/1544/3627
f 2411/1550/3632 2978/1551/3633 2982/1546/3629
f 2982/1546/3629 2977/823/2919 2981/827/2923
f 2383/1552/3634 2980/1549/3631 2384/1547/3630
f 2976/1553/3635 2979/826/2922 2980/1549/3631
f 2410/1554/3636 2974/1555/3637 2978/1551/3633
f 2978/1551/3633 2973/819/2916 2977/823/2919
f 2382/1556/3638 2976/1553/3635 2383/1552/3634
f 2972/1557/3639 2975/822/2918 2976/1553/3635
f 2409/1558/3640 2970/1559/3641 2974/1555/3637
f 2974/1555/3637 2969/815/2912 2973/819/2916
f 2381/1560/3642 2972/1557/3639 2382/1556/3638
f 2968/1561/3643 2971/818/2914 2972/1557/3639
f 2408/1562/3644 2966/1563/3645 2970/1559/3641
f 2970/1559/3641 2965/811/2908 2969/815/2912
f 2380/1564/3646 2968/1561/3643 2381/1560/3642
f 2962/1565/3647 2967/814/2910 2968/1561/3643
f 2407/1566/3648 2960/1567/3649 2966/1563/3645
f 2966/1563/3645 2959/805/2902 2965/811/2908
f 2432/1568/3650 2964/1499/3584 2370/1498/3583
f 2958/1569/3651 2963/810/2905 2964/1499/3584
f 2379/1570/3652 2962/1565/3647 2380/1564/3646
f 2956/1571/3653 2961/808/2904 2962/1565/3647
f 2406/1572/3654 2952/1573/3655 2960/1567/3649
f 2960/1567/3649 2951/797/2895 2959/805/2902
f 2431/1574/3656 2958/1569/3651 2432/1568/3650
f 2948/1575/3657 2957/804/2899 2958/1569/3651
f 2378/1447/3533 2956/1571/3653 2379/1570/3652
f 2953/1446/3532 2955/802/2896 2956/1571/3653
f 2405/1576/3658 2949/1451/3537 2952/1573/3655
f 2952/1573/3655 2950/922/2893 2951/797/2895
f 2430/1454/3540 2948/1575/3657 2431/1574/3656
f 2945/1453/3539 2947/730/2825 2948/1575/3657
f 3519/131/4425 3551/132/4425 3583/133/4425
f 4266/1181/5197 4331/926/5198 4267/924/5199
f 4328/1054/5325 4391/1055/5326 4392/1056/5327
f 4241/1059/5328 4304/1182/5329 4305/1058/5330
f 4268/1060/5331 4331/926/5198 4332/1061/5332
f 4242/1062/5333 4305/1058/5330 4306/1063/5334
f 4269/1064/5335 4332/1061/5332 4333/1065/5336
f 4243/1066/5337 4306/1063/5334 4307/1067/5338
f 4269/1064/5335 4334/1069/5339 4270/1068/5340
f 4243/2044/5341 4308/1072/5342 4244/1070/5343
f 4271/1073/5344 4334/1069/5339 4335/1074/5345
f 4245/1075/5346 4308/1072/5342 4309/1076/5347
f 4271/1073/5344 4336/1078/5348 4272/1077/5349
f 4246/1079/5350 4309/1076/5347 4310/1080/5351
f 4273/1081/5352 4336/1078/5348 4337/1082/5353
f 4246/1079/5350 4311/1084/5354 4247/1083/5355
f 4273/1081/5352 4338/1085/5356 4274/1086/5357
f 4247/1083/5355 4312/1088/5358 4248/1087/5359
f 4275/1090/5360 4338/1085/5356 4339/1089/5361
f 4249/1091/5362 4312/1088/5358 4313/1092/5363
f 4275/1093/5364 4340/1094/5365 4276/1095/5366
f 4250/1096/5367 4313/1092/5363 4314/1097/5368
f 4277/1099/5369 4340/1094/5365 4341/1098/5370
f 4250/1096/5367 4315/1101/5371 4251/1100/5372
f 4277/1099/5369 4342/1102/5373 4278/1103/5374
f 4252/1104/5375 4315/1101/5371 4316/1105/5376
f 4225/1108/5377 4290/1169/5378 4289/1107/5379
f 4278/1103/5374 4343/1109/5380 4279/1110/5381
f 4253/1111/5382 4316/1105/5376 4317/1112/5383
f 4225/1108/5377 4291/1113/5384 4227/1114/5385
f 4280/1116/5386 4343/1109/5380 4344/1115/5387
f 4253/1111/5382 4318/1118/5388 4254/1117/5389
f 4227/1114/5385 4292/1119/5390 4228/1120/5391
f 4280/1116/5386 4345/1121/5392 4281/1122/5393
f 4255/1123/5394 4318/1118/5388 4319/1124/5395
f 4229/1126/5396 4292/1119/5390 4293/1125/5397
f 4281/1122/5393 4346/1127/5398 4282/1128/5399
f 4256/1129/5400 4319/1124/5395 4320/1130/5401
f 4229/1126/5396 4294/1131/5402 4230/1132/5403
f 4282/1128/5399 4347/1133/5404 4283/1134/5405
f 4256/1129/5400 4321/1136/5406 4257/1135/5407
f 4230/1132/5403 4295/1137/5408 4231/1138/5409
f 4283/1134/5405 4348/1139/5410 4284/1140/5411
f 4258/1141/5412 4321/1136/5406 4322/1142/5413
f 4232/1144/5414 4295/1137/5408 4296/1143/5415
f 4284/1140/5411 4349/1145/5416 4285/1146/5417
f 4258/1141/5412 4323/1148/5418 4259/1147/5419
f 4232/1144/5414 4297/1149/5420 4233/1150/5421
f 4286/1152/5422 4349/1145/5416 4350/1151/5423
f 4259/1147/5419 4324/1154/5424 4260/1153/5425
f 4233/1150/5421 4298/1155/5426 4234/1156/5427
f 4287/1158/5428 4350/1151/5423 4351/1157/5429
f 4260/1153/5425 4325/1160/5430 4261/1159/5431
f 4235/1162/5432 4298/1155/5426 4299/1161/5433
f 4287/1158/5428 4352/1163/5434 4288/1164/5435
f 4262/1165/5436 4325/1160/5430 4326/1166/5437
f 4235/1162/5432 4300/1167/5438 4236/1168/5439
f 4288/1164/5435 4290/1169/5378 4226/1106/5440
f 4262/1165/5436 4327/1171/5441 4263/1170/5442
f 4236/1168/5439 4301/1172/5443 4237/1173/5444
f 4264/1174/5445 4327/1171/5441 4328/1054/5325
f 4237/1173/5444 4302/1175/5446 4238/1176/5447
f 4265/1177/5448 4328/1054/5325 4329/1178/5449
f 4239/1180/5450 4302/1175/5446 4303/1179/5451
f 4266/1181/5197 4329/1178/5449 4330/925/5452
f 4239/1180/5450 4304/1182/5329 4240/1057/5453
f 4395/1183/5454 4458/1184/5455 4459/1185/5456
f 4307/1071/5457 4372/1187/5458 4308/1072/5342
f 4328/1054/5325 4393/1188/5459 4329/1178/5449
f 4309/1076/5347 4372/1187/5458 4373/1189/5460
f 4329/1178/5449 4394/1190/5461 4330/925/5452
f 4309/1076/5347 4374/1191/5462 4310/1080/5351
f 4331/926/5198 4394/1190/5461 4395/1183/5454
f 4310/1080/5351 4375/1192/5463 4311/1084/5354
f 4331/926/5198 4396/1193/5464 4332/1061/5332
f 4311/1084/5354 4376/1194/5465 4312/1088/5358
f 4333/1065/5336 4396/1193/5464 4397/1195/5466
f 4312/1088/5358 4377/1196/5467 4313/1092/5363
f 4333/1065/5336 4398/1197/5468 4334/1069/5339
f 4314/1097/5368 4377/1196/5467 4378/1198/5469
f 4335/1074/5345 4398/1197/5468 4399/1199/5470
f 4314/1097/5368 4379/1200/5471 4315/1101/5371
f 4335/1074/5345 4400/1201/5472 4336/1078/5348
f 4315/1101/5371 4380/1202/5473 4316/1105/5376
f 4290/1169/5378 4353/1203/5474 4289/1107/5379
f 4337/1082/5353 4400/1201/5472 4401/1204/5475
f 4317/1112/5383 4380/1202/5473 4381/1205/5476
f 4291/1113/5384 4353/1203/5474 4355/1206/5477
f 4337/1082/5353 4402/1207/5478 4338/1085/5356
f 4317/1112/5383 4382/1208/5479 4318/1118/5388
f 4291/1113/5384 4356/1209/5480 4292/1119/5390
f 4339/1089/5361 4402/1207/5478 4403/1210/5481
f 4319/1124/5395 4382/1208/5479 4383/1211/5482
f 4292/1119/5390 4357/1212/5483 4293/1125/5397
f 4339/1213/5484 4404/1214/5485 4340/1094/5365
f 4320/1130/5401 4383/1211/5482 4384/1215/5486
f 4293/1125/5397 4358/1216/5487 4294/1131/5402
f 4340/1094/5365 4405/1217/5488 4341/1098/5370
f 4320/1130/5401 4385/1218/5489 4321/1136/5406
f 4294/1131/5402 4359/1219/5490 4295/1137/5408
f 4341/1098/5370 4406/1220/5491 4342/1102/5373
f 4322/1142/5413 4385/1218/5489 4386/1221/5492
f 4296/1143/5415 4359/1219/5490 4360/1222/5493
f 4343/1109/5380 4406/1220/5491 4407/1223/5494
f 4322/1142/5413 4387/1224/5495 4323/1148/5418
f 4296/1143/5415 4361/1225/5496 4297/1149/5420
f 4343/1109/5380 4408/1226/5497 4344/1115/5387
f 4323/1148/5418 4388/1227/5498 4324/1154/5424
f 4298/1155/5426 4361/1225/5496 4362/1228/5499
f 4345/1121/5392 4408/1226/5497 4409/1229/5500
f 4324/1154/5424 4389/1230/5501 4325/1160/5430
f 4299/1161/5433 4362/1228/5499 4363/1231/5502
f 4345/1121/5392 4410/1232/5503 4346/1127/5398
f 4325/1160/5430 4390/1233/5504 4326/1166/5437
f 4300/1167/5438 4363/1231/5502 4364/1234/5505
f 4346/1127/5398 4411/1235/5506 4347/1133/5404
f 4326/1166/5437 4391/1055/5326 4327/1171/5441
f 4301/1172/5443 4364/1234/5505 4365/1236/5507
f 4348/1139/5410 4411/1235/5506 4412/1237/5508
f 4301/1172/5443 4366/1238/5509 4302/1175/5446
f 4349/1145/5416 4412/1237/5508 4413/1239/5510
f 4303/1179/5451 4366/1238/5509 4367/1240/5511
f 4349/1145/5416 4414/1241/5512 4350/1151/5423
f 4303/1179/5451 4368/1242/5513 4304/1182/5329
f 4350/1151/5423 4415/1243/5514 4351/1157/5429
f 4304/1182/5329 4369/1244/5515 4305/1058/5330
f 4351/1157/5429 4416/1245/5516 4352/1163/5434
f 4306/1063/5334 4369/1244/5515 4370/1246/5517
f 4290/1169/5378 4416/1245/5516 4354/1247/5518
f 4307/1067/5338 4370/1246/5517 4371/1248/5519
f 4451/1249/5520 4435/1250/5521 4419/1251/5522
f 4369/1244/5515 4432/1252/5523 4433/1253/5524
f 4396/1193/5464 4459/1185/5456 4460/1254/5525
f 4370/1246/5517 4433/1253/5524 4434/1255/5526
f 4396/1193/5464 4461/1256/5527 4397/1195/5466
f 4371/1248/5519 4434/1255/5526 4435/1250/5521
f 4397/1195/5466 4462/1257/5528 4398/1197/5468
f 4371/1186/5529 4436/1258/5530 4372/1187/5458
f 4398/1197/5468 4463/1259/5531 4399/1199/5470
f 4373/1189/5460 4436/1258/5530 4437/1260/5532
f 4400/1201/5472 4463/1259/5531 4464/1261/5533
f 4373/1189/5460 4438/1262/5534 4374/1191/5462
f 4400/1201/5472 4465/1263/5535 4401/1204/5475
f 4374/1191/5462 4439/1264/5536 4375/1192/5463
f 4401/1204/5475 4466/1265/5537 4402/1207/5478
f 4376/1194/5465 4439/1264/5536 4440/1266/5538
f 4403/1210/5481 4466/1265/5537 4467/1267/5539
f 4377/1196/5467 4440/1266/5538 4441/1268/5540
f 4404/1214/5485 4467/1267/5539 4468/1270/5541
f 4378/1198/5469 4441/1268/5540 4442/1271/5542
f 4405/1217/5488 4468/1270/5541 4469/1272/5543
f 4378/1198/5469 4443/1273/5544 4379/1200/5471
f 4405/1217/5488 4470/1274/5545 4406/1220/5491
f 4380/1202/5473 4443/1273/5544 4444/1275/5546
f 4354/1247/5518 4417/1276/5547 4353/1203/5474
f 4406/1220/5491 4471/1277/5548 4407/1223/5494
f 4380/1202/5473 4445/1278/5549 4381/1205/5476
f 4353/1203/5474 4419/1251/5522 4355/1206/5477
f 4408/1226/5497 4471/1277/5548 4472/1279/5550
f 4382/1208/5479 4445/1278/5549 4446/1280/5551
f 4355/1206/5477 4420/1281/5552 4356/1209/5480
f 4408/1226/5497 4473/1282/5553 4409/1229/5500
f 4382/1208/5479 4447/1283/5554 4383/1211/5482
f 4356/1209/5480 4421/1284/5555 4357/1212/5483
f 4409/1229/5500 4474/1285/5556 4410/1232/5503
f 4384/1215/5486 4447/1283/5554 4448/1286/5557
f 4358/1216/5487 4421/1284/5555 4422/1287/5558
f 4411/1235/5506 4474/1285/5556 4475/1288/5559
f 4385/1218/5489 4448/1286/5557 4449/1289/5560
f 4358/1216/5487 4423/1290/5561 4359/1219/5490
f 4411/1235/5506 4476/1291/5562 4412/1237/5508
f 4385/1218/5489 4450/1292/5563 4386/1221/5492
f 4360/1222/5493 4423/1290/5561 4424/1293/5564
f 4413/1239/5510 4476/1291/5562 4477/1294/5565
f 4387/1224/5495 4450/1292/5563 4451/1249/5520
f 4360/1222/5493 4425/1295/5566 4361/1225/5496
f 4414/1241/5512 4477/1294/5565 4478/1296/5567
f 4388/1227/5498 4451/1249/5520 4452/1297/5568
f 4361/1225/5496 4426/1298/5569 4362/1228/5499
f 4415/1243/5514 4478/1296/5567 4479/1299/5570
f 4388/1227/5498 4453/1300/5571 4389/1230/5501
f 4362/1228/5499 4427/1301/5572 4363/1231/5502
f 4415/1243/5514 4480/1302/5573 4416/1245/5516
f 4390/1233/5504 4453/1300/5571 4454/1303/5574
f 4363/1231/5502 4428/1304/5575 4364/1234/5505
f 4416/1245/5516 4418/1305/5576 4354/1247/5518
f 4391/1055/5326 4454/1303/5574 4455/1306/5577
f 4365/1236/5507 4428/1304/5575 4429/1307/5578
f 4391/1055/5326 4456/1308/5579 4392/1056/5327
f 4365/1236/5507 4430/1309/5580 4366/1238/5509
f 4392/1056/5327 4457/1310/5581 4393/1188/5459
f 4366/1238/5509 4431/1311/5582 4367/1240/5511
f 4393/1188/5459 4458/1184/5455 4394/1190/5461
f 4367/1240/5511 4432/1252/5523 4368/1242/5513
f 811/924/901 810/1181/1156 874/925/902
f 872/1054/1029 871/1171/1146 935/1055/1030
f 784/1057/1032 848/1182/1157 849/1058/1033
f 812/1060/1035 811/924/901 875/926/903
f 786/1062/1037 785/1059/1034 849/1058/1033
f 813/1064/1039 812/1060/1035 876/1061/1036
f 787/1066/1041 786/1062/1037 850/1063/1038
f 814/1068/1043 813/1064/1039 877/1065/1040
f 788/1070/1045 787/2044/6407 851/1071/1046
f 815/1073/1048 814/1068/1043 878/1069/1044
f 789/1075/1050 788/1070/1045 852/1072/1047
f 816/1077/1052 815/1073/1048 879/1074/1049
f 790/1079/1054 789/1075/1050 853/1076/1051
f 817/1081/1056 816/1077/1052 880/1078/1053
f 791/1083/1058 790/1079/1054 854/1080/1055
f 817/1081/1056 881/1082/1057 882/1085/1060
f 792/1087/1062 791/1083/1058 855/1084/1059
f 818/1086/1061 882/1085/1060 883/1089/1064
f 793/1091/1066 792/1087/1062 856/1088/1063
f 819/1093/1068 883/1213/1188 884/1094/1069
f 794/1096/1071 793/1091/1066 857/1092/1067
f 820/1095/1070 884/1094/1069 885/1098/1073
f 795/1100/1075 794/1096/1071 858/1097/1072
f 821/1099/1074 885/1098/1073 886/1102/1077
f 796/1104/1079 795/1100/1075 859/1101/1076
f 770/1106/1081 834/1169/1144 833/1107/1082
f 822/1103/1078 886/1102/1077 887/1109/1084
f 797/1111/1086 796/1104/1079 860/1105/1080
f 769/1108/1083 833/1107/1082 835/1113/1088
f 823/1110/1085 887/1109/1084 888/1115/1090
f 798/1117/1092 797/1111/1086 861/1112/1087
f 771/1114/1089 835/1113/1088 836/1119/1094
f 824/1116/1091 888/1115/1090 889/1121/1096
f 799/1123/1098 798/1117/1092 862/1118/1093
f 772/1120/1095 836/1119/1094 837/1125/1100
f 825/1122/1097 889/1121/1096 890/1127/1102
f 800/1129/1104 799/1123/1098 863/1124/1099
f 773/1126/1101 837/1125/1100 838/1131/1106
f 826/1128/1103 890/1127/1102 891/1133/1108
f 801/1135/1110 800/1129/1104 864/1130/1105
f 774/1132/1107 838/1131/1106 839/1137/1112
f 827/1134/1109 891/1133/1108 892/1139/1114
f 802/1141/1116 801/1135/1110 865/1136/1111
f 775/1138/1113 839/1137/1112 840/1143/1118
f 828/1140/1115 892/1139/1114 893/1145/1120
f 803/1147/1122 802/1141/1116 866/1142/1117
f 776/1144/1119 840/1143/1118 841/1149/1124
f 829/1146/1121 893/1145/1120 894/1151/1126
f 804/1153/1128 803/1147/1122 867/1148/1123
f 777/1150/1125 841/1149/1124 842/1155/1130
f 830/1152/1127 894/1151/1126 895/1157/1132
f 805/1159/1134 804/1153/1128 868/1154/1129
f 778/1156/1131 842/1155/1130 843/1161/1136
f 831/1158/1133 895/1157/1132 896/1163/1138
f 806/1165/1140 805/1159/1134 869/1160/1135
f 779/1162/1137 843/1161/1136 844/1167/1142
f 832/1164/1139 896/1163/1138 834/1169/1144
f 807/1170/1145 806/1165/1140 870/1166/1141
f 780/1168/1143 844/1167/1142 845/1172/1147
f 808/1174/1149 807/1170/1145 871/1171/1146
f 781/1173/1148 845/1172/1147 846/1175/1150
f 809/1177/1152 808/1174/1149 872/1054/1029
f 782/1176/1151 846/1175/1150 847/1179/1154
f 810/1181/1156 809/1177/1152 873/1178/1153
f 783/1180/1155 847/1179/1154 848/1182/1157
f 939/1183/1158 938/1190/1165 1002/1184/1159
f 852/1072/1047 851/1071/1046 915/1186/1161
f 873/1178/1153 872/1054/1029 936/1056/1031
f 853/1076/1051 852/1072/1047 916/1187/1162
f 874/925/902 873/1178/1153 937/1188/1163
f 854/1080/1055 853/1076/1051 917/1189/1164
f 875/926/903 874/925/902 938/1190/1165
f 855/1084/1059 854/1080/1055 918/1191/1166
f 876/1061/1036 875/926/903 939/1183/1158
f 856/1088/1063 855/1084/1059 919/1192/1167
f 877/1065/1040 876/1061/1036 940/1193/1168
f 857/1092/1067 856/1088/1063 920/1194/1169
f 878/1069/1044 877/1065/1040 941/1195/1170
f 858/1097/1072 857/1092/1067 921/1196/1171
f 879/1074/1049 878/1069/1044 942/1197/1172
f 859/1101/1076 858/1097/1072 922/1198/1173
f 880/1078/1053 879/1074/1049 943/1199/1174
f 860/1105/1080 859/1101/1076 923/1200/1175
f 834/1169/1144 898/1247/1222 897/1203/1178
f 881/1082/1057 880/1078/1053 944/1201/1176
f 861/1112/1087 860/1105/1080 924/1202/1177
f 833/1107/1082 897/1203/1178 899/1206/1181
f 881/1082/1057 945/1204/1179 946/1207/1182
f 862/1118/1093 861/1112/1087 925/1205/1180
f 835/1113/1088 899/1206/1181 900/1209/1184
f 882/1085/1060 946/1207/1182 947/1210/1185
f 863/1124/1099 862/1118/1093 926/1208/1183
f 836/1119/1094 900/1209/1184 901/1212/1187
f 883/1213/1188 947/1269/1244 948/1214/1189
f 864/1130/1105 863/1124/1099 927/1211/1186
f 837/1125/1100 901/1212/1187 902/1216/1191
f 884/1094/1069 948/1214/1189 949/1217/1192
f 865/1136/1111 864/1130/1105 928/1215/1190
f 838/1131/1106 902/1216/1191 903/1219/1194
f 885/1098/1073 949/1217/1192 950/1220/1195
f 866/1142/1117 865/1136/1111 929/1218/1193
f 839/1137/1112 903/1219/1194 904/1222/1197
f 886/1102/1077 950/1220/1195 951/1223/1198
f 867/1148/1123 866/1142/1117 930/1221/1196
f 840/1143/1118 904/1222/1197 905/1225/1200
f 887/1109/1084 951/1223/1198 952/1226/1201
f 868/1154/1129 867/1148/1123 931/1224/1199
f 841/1149/1124 905/1225/1200 906/1228/1203
f 888/1115/1090 952/1226/1201 953/1229/1204
f 869/1160/1135 868/1154/1129 932/1227/1202
f 842/1155/1130 906/1228/1203 907/1231/1206
f 889/1121/1096 953/1229/1204 954/1232/1207
f 870/1166/1141 869/1160/1135 933/1230/1205
f 843/1161/1136 907/1231/1206 908/1234/1209
f 890/1127/1102 954/1232/1207 955/1235/1210
f 871/1171/1146 870/1166/1141 934/1233/1208
f 844/1167/1142 908/1234/1209 909/1236/1211
f 891/1133/1108 955/1235/1210 956/1237/1212
f 845/1172/1147 909/1236/1211 910/1238/1213
f 892/1139/1114 956/1237/1212 957/1239/1214
f 846/1175/1150 910/1238/1213 911/1240/1215
f 893/1145/1120 957/1239/1214 958/1241/1216
f 847/1179/1154 911/1240/1215 912/1242/1217
f 894/1151/1126 958/1241/1216 959/1243/1218
f 848/1182/1157 912/1242/1217 913/1244/1219
f 895/1157/1132 959/1243/1218 960/1245/1220
f 850/1063/1038 849/1058/1033 913/1244/1219
f 896/1163/1138 960/1245/1220 898/1247/1222
f 851/1067/1042 850/1063/1038 914/1246/1221
f 963/1251/1226 961/1276/1251 962/1305/1280
f 962/1305/1280 1024/1302/1277 1023/1299/1274
f 1023/1299/1274 1022/1296/1271 1021/1294/1269
f 1021/1294/1269 1020/1291/1266 1019/1288/1263
f 1019/1288/1263 1018/1285/1260 1017/1282/1257
f 1017/1282/1257 1016/1279/1254 1015/1277/1252
f 1015/1277/1252 1014/1274/1249 1013/1272/1247
f 1013/1272/1247 1012/1270/1245 1011/1267/1242
f 1011/1267/1242 1010/1265/1240 1009/1263/1238
f 1009/1263/1238 1008/1261/1236 1007/1259/1234
f 1007/1259/1234 1006/1257/1232 1005/1256/1231
f 1005/1256/1231 1004/1254/1229 1003/1185/1160
f 1003/1185/1160 1002/1184/1159 1001/1310/1285
f 1001/1310/1285 1000/1308/1283 999/1306/1281
f 999/1306/1281 998/1303/1278 997/1300/1275
f 997/1300/1275 996/1297/1272 995/1249/1224
f 995/1249/1224 994/1292/1267 993/1289/1264
f 993/1289/1264 992/1286/1261 991/1283/1258
f 991/1283/1258 990/1280/1255 989/1278/1253
f 989/1278/1253 988/1275/1250 987/1273/1248
f 987/1273/1248 986/1271/1246 985/1268/1243
f 985/1268/1243 984/1266/1241 983/1264/1239
f 983/1264/1239 982/1262/1237 981/1260/1235
f 981/1260/1235 980/1258/1233 979/1250/1225
f 979/1250/1225 978/1255/1230 977/1253/1228
f 977/1253/1228 976/1252/1227 975/1311/1286
f 975/1311/1286 974/1309/1284 973/1307/1282
f 973/1307/1282 972/1304/1279 971/1301/1276
f 971/1301/1276 970/1298/1273 969/1295/1270
f 969/1295/1270 968/1293/1268 967/1290/1265
f 967/1290/1265 966/1287/1262 965/1284/1259
f 965/1284/1259 964/1281/1256 963/1251/1226
f 963/1251/1226 962/1305/1280 1023/1299/1274
f 1023/1299/1274 1021/1294/1269 1019/1288/1263
f 1019/1288/1263 1017/1282/1257 1015/1277/1252
f 1015/1277/1252 1013/1272/1247 1011/1267/1242
f 1011/1267/1242 1009/1263/1238 1007/1259/1234
f 1007/1259/1234 1005/1256/1231 1003/1185/1160
f 1003/1185/1160 1001/1310/1285 999/1306/1281
f 999/1306/1281 997/1300/1275 995/1249/1224
f 995/1249/1224 993/1289/1264 991/1283/1258
f 991/1283/1258 989/1278/1253 987/1273/1248
f 987/1273/1248 985/1268/1243 983/1264/1239
f 983/1264/1239 981/1260/1235 979/1250/1225
f 979/1250/1225 977/1253/1228 975/1311/1286
f 975/1311/1286 973/1307/1282 971/1301/1276
f 971/1301/1276 969/1295/1270 967/1290/1265
f 967/1290/1265 965/1284/1259 963/1251/1226
f 963/1251/1226 1023/1299/1274 1019/1288/1263
f 1019/1288/1263 1015/1277/1252 1011/1267/1242
f 1011/1267/1242 1007/1259/1234 1003/1185/1160
f 1003/1185/1160 999/1306/1281 995/1249/1224
f 995/1249/1224 991/1283/1258 987/1273/1248
f 987/1273/1248 983/1264/1239 979/1250/1225
f 979/1250/1225 975/1311/1286 971/1301/1276
f 971/1301/1276 967/1290/1265 963/1251/1226
f 963/1251/1226 1019/1288/1263 1011/1267/1242
f 1011/1267/1242 1003/1185/1160 995/1249/1224
f 995/1249/1224 987/1273/1248 979/1250/1225
f 979/1250/1225 971/1301/1276 963/1251/1226
f 963/1251/1226 1011/1267/1242 995/1249/1224
f 913/1244/1219 912/1242/1217 976/1252/1227
f 939/1183/1158 1003/1185/1160 1004/1254/1229
f 914/1246/1221 913/1244/1219 977/1253/1228
f 941/1195/1170 940/1193/1168 1004/1254/1229
f 914/1246/1221 978/1255/1230 979/1250/1225
f 941/1195/1170 1005/1256/1231 1006/1257/1232
f 915/1186/1161 979/1250/1225 980/1258/1233
f 942/1197/1172 1006/1257/1232 1007/1259/1234
f 917/1189/1164 916/1187/1162 980/1258/1233
f 944/1201/1176 943/1199/1174 1007/1259/1234
f 917/1189/1164 981/1260/1235 982/1262/1237
f 944/1201/1176 1008/1261/1236 1009/1263/1238
f 918/1191/1166 982/1262/1237 983/1264/1239
f 946/1207/1182 945/1204/1179 1009/1263/1238
f 919/1192/1167 983/1264/1239 984/1266/1241
f 946/1207/1182 1010/1265/1240 1011/1267/1242
f 920/1194/1169 984/1266/1241 985/1268/1243
f 947/1269/1244 1011/1267/1242 1012/1270/1245
f 921/1196/1171 985/1268/1243 986/1271/1246
f 949/1217/1192 948/1214/1189 1012/1270/1245
f 922/1198/1173 986/1271/1246 987/1273/1248
f 949/1217/1192 1013/1272/1247 1014/1274/1249
f 923/1200/1175 987/1273/1248 988/1275/1250
f 898/1247/1222 962/1305/1280 961/1276/1251
f 950/1220/1195 1014/1274/1249 1015/1277/1252
f 925/1205/1180 924/1202/1177 988/1275/1250
f 897/1203/1178 961/1276/1251 963/1251/1226
f 952/1226/1201 951/1223/1198 1015/1277/1252
f 925/1205/1180 989/1278/1253 990/1280/1255
f 899/1206/1181 963/1251/1226 964/1281/1256
f 952/1226/1201 1016/1279/1254 1017/1282/1257
f 927/1211/1186 926/1208/1183 990/1280/1255
f 901/1212/1187 900/1209/1184 964/1281/1256
f 953/1229/1204 1017/1282/1257 1018/1285/1260
f 927/1211/1186 991/1283/1258 992/1286/1261
f 902/1216/1191 901/1212/1187 965/1284/1259
f 954/1232/1207 1018/1285/1260 1019/1288/1263
f 928/1215/1190 992/1286/1261 993/1289/1264
f 902/1216/1191 966/1287/1262 967/1290/1265
f 956/1237/1212 955/1235/1210 1019/1288/1263
f 930/1221/1196 929/1218/1193 993/1289/1264
f 904/1222/1197 903/1219/1194 967/1290/1265
f 957/1239/1214 956/1237/1212 1020/1291/1266
f 930/1221/1196 994/1292/1267 995/1249/1224
f 904/1222/1197 968/1293/1268 969/1295/1270
f 957/1239/1214 1021/1294/1269 1022/1296/1271
f 931/1224/1199 995/1249/1224 996/1297/1272
f 905/1225/1200 969/1295/1270 970/1298/1273
f 958/1241/1216 1022/1296/1271 1023/1299/1274
f 932/1227/1202 996/1297/1272 997/1300/1275
f 906/1228/1203 970/1298/1273 971/1301/1276
f 959/1243/1218 1023/1299/1274 1024/1302/1277
f 933/1230/1205 997/1300/1275 998/1303/1278
f 907/1231/1206 971/1301/1276 972/1304/1279
f 960/1245/1220 1024/1302/1277 962/1305/1280
f 934/1233/1208 998/1303/1278 999/1306/1281
f 908/1234/1209 972/1304/1279 973/1307/1282
f 936/1056/1031 935/1055/1030 999/1306/1281
f 909/1236/1211 973/1307/1282 974/1309/1284
f 937/1188/1163 936/1056/1031 1000/1308/1283
f 910/1238/1213 974/1309/1284 975/1311/1286
f 937/1188/1163 1001/1310/1285 1002/1184/1159
f 911/1240/1215 975/1311/1286 976/1252/1227
f 2947/730/2825 2946/728/3015 2494/921/2826
f 2755/794/2890 2535/1052/3144 2536/795/2891
f 2950/922/2893 2468/798/3016 2469/799/2894
f 2955/802/2896 2954/800/3017 2442/923/2897
f 2957/804/2899 2947/730/2825 2495/729/2827
f 2951/797/2895 2469/799/2894 2470/806/2901
f 2955/802/2896 2443/801/2898 2444/807/2903
f 2963/810/2905 2957/804/2899 2496/803/2900
f 2959/805/2902 2470/806/2901 2471/812/2907
f 2961/808/2904 2444/807/2903 2445/813/2909
f 2965/811/2908 2471/812/2907 2472/816/2911
f 2967/814/2910 2445/813/2909 2446/817/2913
f 2969/815/2912 2472/816/2911 2473/820/2915
f 2971/818/2914 2446/817/2913 2447/821/2917
f 2977/823/2919 2973/819/2916 2473/820/2915
f 2975/822/2918 2447/821/2917 2448/825/2921
f 2981/827/2923 2977/823/2919 2474/824/2920
f 2979/826/2922 2448/825/2921 2449/829/2925
f 2985/831/2927 2981/827/2923 2475/828/2924
f 2983/830/2926 2449/829/2925 2450/834/2929
f 2989/835/2931 2985/831/2927 2476/832/2928
f 2987/833/2930 2450/834/2929 2451/838/2933
f 2993/839/2935 2989/835/2931 2477/836/2932
f 2991/1535/2934 2451/842/2933 2452/843/2937
f 2997/844/2939 2993/839/2935 2478/840/2936
f 2995/841/2938 2452/843/2937 2453/847/2941
f 3001/848/2943 2997/844/2939 2479/845/2940
f 2999/846/2942 2453/847/2941 2454/851/2945
f 3005/852/2947 3001/848/2943 2480/849/2944
f 3003/850/2946 2454/851/2945 2455/855/2949
f 3009/857/2951 3005/852/2947 2481/853/2948
f 3007/854/2950 2455/855/2949 2456/859/2953
f 3013/861/2955 3009/857/2951 2482/856/2952
f 3011/858/2954 2456/859/2953 2457/863/2957
f 3017/866/2959 3013/864/2955 2483/2038/2956
f 3015/862/2958 2457/863/2957 2458/868/2961
f 3021/870/2963 3017/866/2959 2484/865/2960
f 3019/867/2962 2458/868/2961 2459/872/2965
f 3025/874/2967 3021/870/2963 2485/869/2964
f 3023/871/2966 2459/872/2965 2460/876/2969
f 3029/878/2971 2963/810/2905 2434/809/2906
f 3031/880/2973 3025/874/2967 2486/873/2968
f 3027/875/2970 2460/876/2969 2461/882/2975
f 3035/884/2977 3029/878/2971 2433/877/2972
f 3037/886/2979 3031/880/2973 2487/879/2974
f 3033/881/2976 2461/882/2975 2462/888/2981
f 3041/890/2983 3035/884/2977 2435/883/2978
f 3043/892/2985 3037/886/2979 2488/885/2980
f 3039/887/2982 2462/888/2981 2463/894/2987
f 3047/896/2989 3041/890/2983 2436/889/2984
f 3049/898/2991 3043/892/2985 2489/891/2986
f 3045/893/2988 2463/894/2987 2464/900/2993
f 3053/902/2995 3047/896/2989 2437/895/2990
f 3055/904/2997 3049/898/2991 2490/897/2992
f 3051/899/2994 2464/900/2993 2465/906/2999
f 3059/908/3001 3053/902/2995 2438/901/2996
f 3061/910/3003 3055/904/2997 2491/903/2998
f 3057/905/3000 2465/906/2999 2466/912/3005
f 3065/914/3007 3059/908/3001 2439/907/3002
f 3067/916/3009 3061/910/3003 2492/909/3004
f 3063/911/3006 2466/912/3005 2467/918/3011
f 3071/920/3013 3065/914/3007 2440/913/3008
f 2946/728/3015 3067/916/3009 2493/915/3010
f 3069/917/3012 2467/918/3011 2468/798/3016
f 2954/800/3017 3071/920/3013 2441/919/3014
f 2538/1181/3018 2602/925/3272 2603/926/3019
f 2761/1053/3021 2509/928/3145 2510/929/3022
f 2765/931/3024 2756/796/2892 2536/795/2891
f 2762/927/3023 2510/929/3022 2511/933/3026
f 2771/935/3028 2765/931/3024 2537/930/3025
f 2768/932/3027 2511/933/3026 2512/937/3030
f 2777/939/3032 2771/935/3028 2538/934/3029
f 2774/936/3031 2512/937/3030 2513/941/3034
f 2783/943/3036 2777/939/3032 2539/938/3033
f 2780/940/3035 2513/941/3034 2514/944/3038
f 2789/947/3040 2783/943/3036 2540/942/3037
f 2786/945/3039 2514/944/3038 2515/948/3042
f 2795/951/3044 2789/947/3040 2541/946/3041
f 2792/952/3043 2515/2043/3042 2516/953/3046
f 2801/956/3048 2795/951/3044 2542/950/3045
f 2798/954/3047 2516/953/3046 2517/957/3050
f 2807/960/3052 2801/956/3048 2543/955/3049
f 2804/958/3051 2517/957/3050 2518/961/3054
f 2813/964/3056 2807/960/3052 2544/959/3053
f 2810/962/3055 2518/961/3054 2519/965/3058
f 2819/967/3060 2813/964/3056 2545/963/3057
f 2816/966/3059 2519/965/3058 2520/969/3062
f 2825/971/3064 2819/967/3060 2546/968/3061
f 2822/970/3063 2520/969/3062 2521/973/3066
f 2831/975/3068 2825/1396/3064 2547/976/3065
f 2828/974/3067 2521/973/3066 2522/978/3070
f 2837/980/3072 2831/975/3068 2548/977/3069
f 2834/979/3071 2522/978/3070 2523/982/3074
f 2843/984/3076 2837/980/3072 2549/981/3073
f 2840/983/3075 2523/982/3074 2524/986/3078
f 2852/988/3080 2851/1051/3143 2498/989/3081
f 2855/991/3083 2843/984/3076 2550/985/3077
f 2846/987/3079 2524/986/3078 2525/993/3085
f 2861/995/3087 2852/988/3080 2497/990/3082
f 2864/997/3089 2855/991/3083 2551/992/3084
f 2858/994/3086 2525/993/3085 2526/999/3091
f 2870/1001/3093 2861/995/3087 2499/996/3088
f 2873/1003/3095 2864/997/3089 2552/998/3090
f 2867/1000/3092 2526/999/3091 2527/1005/3097
f 2879/1007/3099 2870/1001/3093 2500/1002/3094
f 2882/1009/3101 2873/1003/3095 2553/1004/3096
f 2876/1006/3098 2527/1005/3097 2528/1011/3103
f 2888/1013/3105 2879/1007/3099 2501/1008/3100
f 2891/1015/3107 2882/1009/3101 2554/1010/3102
f 2885/1012/3104 2528/1011/3103 2529/1017/3109
f 2897/1019/3111 2888/1013/3105 2502/1014/3106
f 2900/1021/3113 2891/1015/3107 2555/1016/3108
f 2894/1018/3110 2529/1017/3109 2530/1023/3115
f 2906/1025/3117 2897/1019/3111 2503/1020/3112
f 2909/1027/3119 2900/1021/3113 2556/1022/3114
f 2903/1024/3116 2530/1023/3115 2531/1029/3121
f 2915/1031/3123 2906/1025/3117 2504/1026/3118
f 2918/1033/3125 2909/1027/3119 2557/1028/3120
f 2912/1030/3122 2531/1029/3121 2532/1035/3127
f 2924/1037/3129 2915/1031/3123 2505/1032/3124
f 2927/1039/3131 2918/1033/3125 2558/1034/3126
f 2921/1036/3128 2532/1035/3127 2533/1041/3133
f 2933/1043/3135 2924/1037/3129 2506/1038/3130
f 2936/1045/3137 2927/1039/3131 2559/1040/3132
f 2930/1042/3134 2533/1041/3133 2534/1047/3139
f 2942/1049/3141 2933/1043/3135 2507/1044/3136
f 2851/1051/3143 2936/1045/3137 2560/1046/3138
f 2939/1048/3140 2534/1047/3139 2535/1052/3144
f 2942/1049/3141 2508/1050/3142 2509/928/3145
f 2599/1171/3146 2663/1055/3326 2664/1056/3147
f 2513/1059/3149 2512/1057/3273 2576/1182/3150
f 2539/924/3020 2603/926/3019 2604/1061/3152
f 2514/1062/3154 2513/1059/3149 2577/1058/3151
f 2540/1060/3153 2604/1061/3152 2605/1065/3156
f 2515/1066/3158 2514/1062/3154 2578/1063/3155
f 2541/1064/3157 2605/1065/3156 2606/1069/3160
f 2516/1070/3162 2515/2044/6415 2579/1071/3163
f 2542/1068/3161 2606/1069/3160 2607/1074/3165
f 2517/1075/3167 2516/1070/3162 2580/1072/3164
f 2543/1073/3166 2607/1074/3165 2608/1078/3169
f 2518/1079/3171 2517/1075/3167 2581/1076/3168
f 2544/1077/3170 2608/1078/3169 2609/1082/3173
f 2519/1083/3175 2518/1079/3171 2582/1080/3172
f 2545/1081/3174 2609/1082/3173 2610/1085/3177
f 2520/1087/3179 2519/1083/3175 2583/1084/3176
f 2546/1086/3178 2610/1085/3177 2611/1089/3181
f 2521/1091/3183 2520/1087/3179 2584/1088/3180
f 2547/1093/3185 2611/1213/3303 2612/1094/3186
f 2522/1096/3188 2521/1091/3183 2585/1092/3184
f 2548/1095/3187 2612/1094/3186 2613/1098/3190
f 2523/1100/3192 2522/1096/3188 2586/1097/3189
f 2549/1099/3191 2613/1098/3190 2614/1102/3194
f 2524/1104/3196 2523/1100/3192 2587/1101/3193
f 2498/1106/3198 2562/1169/3261 2561/1107/3199
f 2550/1103/3195 2614/1102/3194 2615/1109/3201
f 2525/1111/3203 2524/1104/3196 2588/1105/3197
f 2497/1108/3200 2561/1107/3199 2563/1113/3205
f 2551/1110/3202 2615/1109/3201 2616/1115/3207
f 2526/1117/3209 2525/1111/3203 2589/1112/3204
f 2499/1114/3206 2563/1113/3205 2564/1119/3211
f 2552/1116/3208 2616/1115/3207 2617/1121/3213
f 2527/1123/3215 2526/1117/3209 2590/1118/3210
f 2500/1120/3212 2564/1119/3211 2565/1125/3217
f 2553/1122/3214 2617/1121/3213 2618/1127/3219
f 2528/1129/3221 2527/1123/3215 2591/1124/3216
f 2501/1126/3218 2565/1125/3217 2566/1131/3223
f 2554/1128/3220 2618/1127/3219 2619/1133/3225
f 2529/1135/3227 2528/1129/3221 2592/1130/3222
f 2502/1132/3224 2566/1131/3223 2567/1137/3229
f 2555/1134/3226 2619/1133/3225 2620/1139/3231
f 2530/1141/3233 2529/1135/3227 2593/1136/3228
f 2503/1138/3230 2567/1137/3229 2568/1143/3235
f 2556/1140/3232 2620/1139/3231 2621/1145/3237
f 2531/1147/3239 2530/1141/3233 2594/1142/3234
f 2504/1144/3236 2568/1143/3235 2569/1149/3241
f 2557/1146/3238 2621/1145/3237 2622/1151/3243
f 2532/1153/3245 2531/1147/3239 2595/1148/3240
f 2505/1150/3242 2569/1149/3241 2570/1155/3247
f 2558/1152/3244 2622/1151/3243 2623/1157/3249
f 2533/1159/3251 2532/1153/3245 2596/1154/3246
f 2506/1156/3248 2570/1155/3247 2571/1161/3253
f 2559/1158/3250 2623/1157/3249 2624/1163/3255
f 2534/1165/3257 2533/1159/3251 2597/1160/3252
f 2508/1168/3259 2507/1162/3254 2571/1161/3253
f 2560/1164/3256 2624/1163/3255 2562/1169/3261
f 2535/1170/3262 2534/1165/3257 2598/1166/3258
f 2509/1173/3263 2508/1168/3259 2572/1167/3260
f 2535/1170/3262 2599/1171/3146 2600/1054/3148
f 2510/1176/3266 2509/1173/3263 2573/1172/3264
f 2536/1174/3265 2600/1054/3148 2601/1178/3268
f 2511/1180/3270 2510/1176/3266 2574/1175/3267
f 2537/1177/3269 2601/1178/3268 2602/925/3272
f 2512/1057/3273 2511/1180/3270 2575/1179/3271
f 2666/1190/3274 2730/1184/3402 2731/1185/3275
f 2580/1072/3164 2579/1071/3163 2643/1186/3277
f 2600/1054/3148 2664/1056/3147 2665/1188/3279
f 2581/1076/3168 2580/1072/3164 2644/1187/3278
f 2601/1178/3268 2665/1188/3279 2666/1190/3274
f 2582/1080/3172 2581/1076/3168 2645/1189/3280
f 2602/925/3272 2666/1190/3274 2667/1183/3276
f 2583/1084/3176 2582/1080/3172 2646/1191/3281
f 2603/926/3019 2667/1183/3276 2668/1193/3283
f 2584/1088/3180 2583/1084/3176 2647/1192/3282
f 2604/1061/3152 2668/1193/3283 2669/1195/3285
f 2585/1092/3184 2584/1088/3180 2648/1194/3284
f 2605/1065/3156 2669/1195/3285 2670/1197/3287
f 2586/1097/3189 2585/1092/3184 2649/1196/3286
f 2606/1069/3160 2670/1197/3287 2671/1199/3289
f 2587/1101/3193 2586/1097/3189 2650/1198/3288
f 2607/1074/3165 2671/1199/3289 2672/1201/3291
f 2588/1105/3197 2587/1101/3193 2651/1200/3290
f 2562/1169/3261 2626/1247/3338 2625/1203/3293
f 2608/1078/3169 2672/1201/3291 2673/1204/3294
f 2589/1112/3204 2588/1105/3197 2652/1202/3292
f 2561/1107/3199 2625/1203/3293 2627/1206/3296
f 2609/1082/3173 2673/1204/3294 2674/1207/3297
f 2590/1118/3210 2589/1112/3204 2653/1205/3295
f 2563/1113/3205 2627/1206/3296 2628/1209/3299
f 2610/1085/3177 2674/1207/3297 2675/1210/3300
f 2591/1124/3216 2590/1118/3210 2654/1208/3298
f 2564/1119/3211 2628/1209/3299 2629/1212/3302
f 2611/1213/3303 2675/1269/6416 2676/1214/3304
f 2592/1130/3222 2591/1124/3216 2655/1211/3301
f 2565/1125/3217 2629/1212/3302 2630/1216/3306
f 2612/1094/3186 2676/1214/3304 2677/1217/3307
f 2593/1136/3228 2592/1130/3222 2656/1215/3305
f 2566/1131/3223 2630/1216/3306 2631/1219/3309
f 2613/1098/3190 2677/1217/3307 2678/1220/3310
f 2594/1142/3234 2593/1136/3228 2657/1218/3308
f 2567/1137/3229 2631/1219/3309 2632/1222/3312
f 2614/1102/3194 2678/1220/3310 2679/1223/3313
f 2595/1148/3240 2594/1142/3234 2658/1221/3311
f 2568/1143/3235 2632/1222/3312 2633/1225/3315
f 2615/1109/3201 2679/1223/3313 2680/1226/3316
f 2596/1154/3246 2595/1148/3240 2659/1224/3314
f 2569/1149/3241 2633/1225/3315 2634/1228/3318
f 2616/1115/3207 2680/1226/3316 2681/1229/3319
f 2597/1160/3252 2596/1154/3246 2660/1227/3317
f 2571/1161/3253 2570/1155/3247 2634/1228/3318
f 2617/1121/3213 2681/1229/3319 2682/1232/3322
f 2598/1166/3258 2597/1160/3252 2661/1230/3320
f 2572/1167/3260 2571/1161/3253 2635/1231/3321
f 2618/1127/3219 2682/1232/3322 2683/1235/3325
f 2598/1166/3258 2662/1233/3323 2663/1055/3326
f 2573/1172/3264 2572/1167/3260 2636/1234/3324
f 2619/1133/3225 2683/1235/3325 2684/1237/3328
f 2574/1175/3267 2573/1172/3264 2637/1236/3327
f 2620/1139/3231 2684/1237/3328 2685/1239/3330
f 2575/1179/3271 2574/1175/3267 2638/1238/3329
f 2621/1145/3237 2685/1239/3330 2686/1241/3332
f 2576/1182/3150 2575/1179/3271 2639/1240/3331
f 2622/1151/3243 2686/1241/3332 2687/1243/3334
f 2577/1058/3151 2576/1182/3150 2640/1242/3333
f 2623/1157/3249 2687/1243/3334 2688/1245/3336
f 2578/1063/3155 2577/1058/3151 2641/1244/3335
f 2624/1163/3255 2688/1245/3336 2626/1247/3338
f 2579/1067/3159 2578/1063/3155 2642/1246/3337
f 2691/1251/3342 2689/1276/3366 2690/1305/3395
f 2690/1305/3395 2752/1302/3392 2751/1299/3389
f 2751/1299/3389 2750/1296/3386 2749/1294/3384
f 2749/1294/3384 2748/1291/3381 2747/1288/3378
f 2747/1288/3378 2746/1285/3375 2745/1282/3372
f 2745/1282/3372 2744/1279/3369 2743/1277/3367
f 2743/1277/3367 2742/1274/3364 2741/1272/3362
f 2741/1272/3362 2740/1270/3360 2739/1267/3358
f 2739/1267/3358 2738/1265/3356 2737/1263/3354
f 2737/1263/3354 2736/1261/3352 2735/1259/3350
f 2735/1259/3350 2734/1257/3348 2733/1256/3347
f 2733/1256/3347 2732/1254/3345 2731/1185/3275
f 2731/1185/3275 2730/1184/3402 2729/1310/3400
f 2729/1310/3400 2728/1308/3398 2727/1306/3396
f 2727/1306/3396 2726/1303/3393 2725/1300/3390
f 2725/1300/3390 2724/1297/3387 2723/1249/3340
f 2723/1249/3340 2722/1292/3382 2721/1289/3379
f 2721/1289/3379 2720/1286/3376 2719/1283/3373
f 2719/1283/3373 2718/1280/3370 2717/1278/3368
f 2717/1278/3368 2716/1275/3365 2715/1273/3363
f 2715/1273/3363 2714/1271/3361 2713/1268/3359
f 2713/1268/3359 2712/1266/3357 2711/1264/3355
f 2711/1264/3355 2710/1262/3353 2709/1260/3351
f 2709/1260/3351 2708/1258/3349 2707/1250/3341
f 2707/1250/3341 2706/1255/3346 2705/1253/3344
f 2705/1253/3344 2704/1252/3343 2703/1311/3401
f 2703/1311/3401 2702/1309/3399 2701/1307/3397
f 2701/1307/3397 2700/1304/3394 2699/1301/3391
f 2699/1301/3391 2698/1298/3388 2697/1295/3385
f 2697/1295/3385 2696/1293/3383 2695/1290/3380
f 2695/1290/3380 2694/1287/3377 2693/1284/3374
f 2693/1284/3374 2692/1281/3371 2691/1251/3342
f 2691/1251/3342 2690/1305/3395 2751/1299/3389
f 2751/1299/3389 2749/1294/3384 2747/1288/3378
f 2747/1288/3378 2745/1282/3372 2743/1277/3367
f 2743/1277/3367 2741/1272/3362 2739/1267/3358
f 2739/1267/3358 2737/1263/3354 2735/1259/3350
f 2735/1259/3350 2733/1256/3347 2731/1185/3275
f 2731/1185/3275 2729/1310/3400 2727/1306/3396
f 2727/1306/3396 2725/1300/3390 2723/1249/3340
f 2723/1249/3340 2721/1289/3379 2719/1283/3373
f 2719/1283/3373 2717/1278/3368 2715/1273/3363
f 2715/1273/3363 2713/1268/3359 2711/1264/3355
f 2711/1264/3355 2709/1260/3351 2707/1250/3341
f 2707/1250/3341 2705/1253/3344 2703/1311/3401
f 2703/1311/3401 2701/1307/3397 2699/1301/3391
f 2699/1301/3391 2697/1295/3385 2695/1290/3380
f 2695/1290/3380 2693/1284/3374 2691/1251/3342
f 2691/1251/3342 2751/1299/3389 2747/1288/3378
f 2747/1288/3378 2743/1277/3367 2739/1267/3358
f 2739/1267/3358 2735/1259/3350 2731/1185/3275
f 2731/1185/3275 2727/1306/3396 2723/1249/3340
f 2723/1249/3340 2719/1283/3373 2715/1273/3363
f 2715/1273/3363 2711/1264/3355 2707/1250/3341
f 2707/1250/3341 2703/1311/3401 2699/1301/3391
f 2699/1301/3391 2695/1290/3380 2691/1251/3342
f 2691/1251/3342 2747/1288/3378 2739/1267/3358
f 2739/1267/3358 2731/1185/3275 2723/1249/3340
f 2723/1249/3340 2715/1273/3363 2707/1250/3341
f 2707/1250/3341 2699/1301/3391 2691/1251/3342
f 2691/1251/3342 2739/1267/3358 2723/1249/3340
f 2641/1244/3335 2640/1242/3333 2704/1252/3343
f 2667/1183/3276 2731/1185/3275 2732/1254/3345
f 2641/1244/3335 2705/1253/3344 2706/1255/3346
f 2668/1193/3283 2732/1254/3345 2733/1256/3347
f 2642/1246/3337 2706/1255/3346 2707/1250/3341
f 2670/1197/3287 2669/1195/3285 2733/1256/3347
f 2643/1186/3277 2707/1250/3341 2708/1258/3349
f 2670/1197/3287 2734/1257/3348 2735/1259/3350
f 2644/1187/3278 2708/1258/3349 2709/1260/3351
f 2671/1199/3289 2735/1259/3350 2736/1261/3352
f 2646/1191/3281 2645/1189/3280 2709/1260/3351
f 2673/1204/3294 2672/1201/3291 2736/1261/3352
f 2647/1192/3282 2646/1191/3281 2710/1262/3353
f 2674/1207/3297 2673/1204/3294 2737/1263/3354
f 2648/1194/3284 2647/1192/3282 2711/1264/3355
f 2675/1210/3300 2674/1207/3297 2738/1265/3356
f 2649/1196/3286 2648/1194/3284 2712/1266/3357
f 2676/1214/3304 2675/1269/6416 2739/1267/3358
f 2649/1196/3286 2713/1268/3359 2714/1271/3361
f 2677/1217/3307 2676/1214/3304 2740/1270/3360
f 2650/1198/3288 2714/1271/3361 2715/1273/3363
f 2677/1217/3307 2741/1272/3362 2742/1274/3364
f 2652/1202/3292 2651/1200/3290 2715/1273/3363
f 2626/1247/3338 2690/1305/3395 2689/1276/3366
f 2678/1220/3310 2742/1274/3364 2743/1277/3367
f 2653/1205/3295 2652/1202/3292 2716/1275/3365
f 2625/1203/3293 2689/1276/3366 2691/1251/3342
f 2679/1223/3313 2743/1277/3367 2744/1279/3369
f 2654/1208/3298 2653/1205/3295 2717/1278/3368
f 2627/1206/3296 2691/1251/3342 2692/1281/3371
f 2681/1229/3319 2680/1226/3316 2744/1279/3369
f 2654/1208/3298 2718/1280/3370 2719/1283/3373
f 2629/1212/3302 2628/1209/3299 2692/1281/3371
f 2681/1229/3319 2745/1282/3372 2746/1285/3375
f 2655/1211/3301 2719/1283/3373 2720/1286/3376
f 2630/1216/3306 2629/1212/3302 2693/1284/3374
f 2683/1235/3325 2682/1232/3322 2746/1285/3375
f 2657/1218/3308 2656/1215/3305 2720/1286/3376
f 2630/1216/3306 2694/1287/3377 2695/1290/3380
f 2684/1237/3328 2683/1235/3325 2747/1288/3378
f 2657/1218/3308 2721/1289/3379 2722/1292/3382
f 2632/1222/3312 2631/1219/3309 2695/1290/3380
f 2684/1237/3328 2748/1291/3381 2749/1294/3384
f 2658/1221/3311 2722/1292/3382 2723/1249/3340
f 2633/1225/3315 2632/1222/3312 2696/1293/3383
f 2685/1239/3330 2749/1294/3384 2750/1296/3386
f 2660/1227/3317 2659/1224/3314 2723/1249/3340
f 2633/1225/3315 2697/1295/3385 2698/1298/3388
f 2687/1243/3334 2686/1241/3332 2750/1296/3386
f 2661/1230/3320 2660/1227/3317 2724/1297/3387
f 2634/1228/3318 2698/1298/3388 2699/1301/3391
f 2687/1243/3334 2751/1299/3389 2752/1302/3392
f 2661/1230/3320 2725/1300/3390 2726/1303/3393
f 2636/1234/3324 2635/1231/3321 2699/1301/3391
f 2626/1247/3338 2688/1245/3336 2752/1302/3392
f 2662/1233/3323 2726/1303/3393 2727/1306/3396
f 2637/1236/3327 2636/1234/3324 2700/1304/3394
f 2663/1055/3326 2727/1306/3396 2728/1308/3398
f 2637/1236/3327 2701/1307/3397 2702/1309/3399
f 2665/1188/3279 2664/1056/3147 2728/1308/3398
f 2639/1240/3331 2638/1238/3329 2702/1309/3399
f 2665/1188/3279 2729/1310/3400 2730/1184/3402
f 2640/1242/3333 2639/1240/3331 2703/1311/3401
f 2444/807/2903 2944/1312/3404 2759/1313/3403
f 2944/1312/3404 2943/1314/3406 2760/1315/3405
f 2943/1314/3406 2942/1049/3141 2761/1053/3021
f 2470/806/2901 2941/1317/3408 2753/1316/3407
f 2941/1317/3408 2940/1319/3410 2754/1318/3409
f 2940/1319/3410 2939/1048/3140 2755/794/2890
f 2434/809/2906 2496/803/2900 2938/1320/3411
f 2849/1321/3412 2938/1320/3411 2937/1322/3413
f 2850/1323/3414 2937/1322/3413 2936/1045/3137
f 2443/801/2898 2935/1324/3415 2944/1312/3404
f 2935/1324/3415 2934/1325/3416 2943/1314/3406
f 2934/1325/3416 2933/1043/3135 2942/1049/3141
f 2469/799/2894 2932/1326/3417 2941/1317/3408
f 2932/1326/3417 2931/1327/3418 2940/1319/3410
f 2931/1327/3418 2930/1042/3134 2939/1048/3140
f 2496/803/2900 2495/729/2827 2929/1328/3419
f 2938/1320/3411 2929/1328/3419 2928/1329/3420
f 2937/1322/3413 2928/1329/3420 2927/1039/3131
f 2443/801/2898 2442/923/2897 2926/1330/3421
f 2935/1324/3415 2926/1330/3421 2925/1331/3422
f 2934/1325/3416 2925/1331/3422 2924/1037/3129
f 2468/798/3016 2923/1332/3423 2932/1326/3417
f 2923/1332/3423 2922/1333/3424 2931/1327/3418
f 2922/1333/3424 2921/1036/3128 2930/1042/3134
f 2495/729/2827 2494/921/2826 2920/1334/3425
f 2929/1328/3419 2920/1334/3425 2919/1335/3426
f 2928/1329/3420 2919/1335/3426 2918/1033/3125
f 2442/923/2897 2441/919/3014 2917/1336/3427
f 2926/1330/3421 2917/1336/3427 2916/1337/3428
f 2925/1331/3422 2916/1337/3428 2915/1031/3123
f 2467/918/3011 2914/1338/3429 2923/1332/3423
f 2914/1338/3429 2913/1339/3430 2922/1333/3424
f 2913/1339/3430 2912/1030/3122 2921/1036/3128
f 2494/921/2826 2493/915/3010 2911/1340/3431
f 2920/1334/3425 2911/1340/3431 2910/1341/3432
f 2919/1335/3426 2910/1341/3432 2909/1027/3119
f 2441/919/3014 2440/913/3008 2908/1342/3433
f 2917/1336/3427 2908/1342/3433 2907/1343/3434
f 2916/1337/3428 2907/1343/3434 2906/1025/3117
f 2466/912/3005 2905/1344/3435 2914/1338/3429
f 2905/1344/3435 2904/1345/3436 2913/1339/3430
f 2904/1345/3436 2903/1024/3116 2912/1030/3122
f 2493/915/3010 2492/909/3004 2902/1346/3437
f 2911/1340/3431 2902/1346/3437 2901/1347/3438
f 2910/1341/3432 2901/1347/3438 2900/1021/3113
f 2440/913/3008 2439/907/3002 2899/1348/3439
f 2908/1342/3433 2899/1348/3439 2898/1349/3440
f 2907/1343/3434 2898/1349/3440 2897/1019/3111
f 2465/906/2999 2896/1350/3441 2905/1344/3435
f 2896/1350/3441 2895/1351/3442 2904/1345/3436
f 2895/1351/3442 2894/1018/3110 2903/1024/3116
f 2492/909/3004 2491/903/2998 2893/1352/3443
f 2902/1346/3437 2893/1352/3443 2892/1353/3444
f 2901/1347/3438 2892/1353/3444 2891/1015/3107
f 2439/907/3002 2438/901/2996 2890/1354/3445
f 2899/1348/3439 2890/1354/3445 2889/1355/3446
f 2898/1349/3440 2889/1355/3446 2888/1013/3105
f 2464/900/2993 2887/1356/3447 2896/1350/3441
f 2887/1356/3447 2886/1357/3448 2895/1351/3442
f 2886/1357/3448 2885/1012/3104 2894/1018/3110
f 2491/903/2998 2490/897/2992 2884/1358/3449
f 2893/1352/3443 2884/1358/3449 2883/1359/3450
f 2892/1353/3444 2883/1359/3450 2882/1009/3101
f 2438/901/2996 2437/895/2990 2881/1360/3451
f 2890/1354/3445 2881/1360/3451 2880/1361/3452
f 2889/1355/3446 2880/1361/3452 2879/1007/3099
f 2463/894/2987 2878/1362/3453 2887/1356/3447
f 2878/1362/3453 2877/1363/3454 2886/1357/3448
f 2877/1363/3454 2876/1006/3098 2885/1012/3104
f 2490/897/2992 2489/891/2986 2875/1364/3455
f 2884/1358/3449 2875/1364/3455 2874/1365/3456
f 2883/1359/3450 2874/1365/3456 2873/1003/3095
f 2437/895/2990 2436/889/2984 2872/1366/3457
f 2881/1360/3451 2872/1366/3457 2871/1367/3458
f 2880/1361/3452 2871/1367/3458 2870/1001/3093
f 2462/888/2981 2869/1368/3459 2878/1362/3453
f 2869/1368/3459 2868/1369/3460 2877/1363/3454
f 2868/1369/3460 2867/1000/3092 2876/1006/3098
f 2489/891/2986 2488/885/2980 2866/1370/3461
f 2875/1364/3455 2866/1370/3461 2865/1371/3462
f 2874/1365/3456 2865/1371/3462 2864/997/3089
f 2436/889/2984 2435/883/2978 2863/1372/3463
f 2872/1366/3457 2863/1372/3463 2862/1373/3464
f 2871/1367/3458 2862/1373/3464 2861/995/3087
f 2461/882/2975 2860/1374/3465 2869/1368/3459
f 2860/1374/3465 2859/1375/3466 2868/1369/3460
f 2859/1375/3466 2858/994/3086 2867/1000/3092
f 2488/885/2980 2487/879/2974 2857/1376/3467
f 2866/1370/3461 2857/1376/3467 2856/1377/3468
f 2865/1371/3462 2856/1377/3468 2855/991/3083
f 2435/883/2978 2433/877/2972 2854/1378/3469
f 2863/1372/3463 2854/1378/3469 2853/1379/3470
f 2862/1373/3464 2853/1379/3470 2852/988/3080
f 2460/876/2969 2848/1380/3471 2860/1374/3465
f 2848/1380/3471 2847/1381/3472 2859/1375/3466
f 2847/1381/3472 2846/987/3079 2858/994/3086
f 2487/879/2974 2486/873/2968 2845/1382/3473
f 2857/1376/3467 2845/1382/3473 2844/1383/3474
f 2856/1377/3468 2844/1383/3474 2843/984/3076
f 2433/877/2972 2434/809/2906 2849/1321/3412
f 2854/1378/3469 2849/1321/3412 2850/1323/3414
f 2853/1379/3470 2850/1323/3414 2851/1051/3143
f 2459/872/2965 2842/1384/3475 2848/1380/3471
f 2842/1384/3475 2841/1385/3476 2847/1381/3472
f 2841/1385/3476 2840/983/3075 2846/987/3079
f 2486/873/2968 2485/869/2964 2839/1386/3477
f 2845/1382/3473 2839/1386/3477 2838/1387/3478
f 2844/1383/3474 2838/1387/3478 2837/980/3072
f 2458/868/2961 2836/1388/3479 2842/1384/3475
f 2836/1388/3479 2835/1389/3480 2841/1385/3476
f 2835/1389/3480 2834/979/3071 2840/983/3075
f 2485/869/2964 2484/865/2960 2833/1390/3481
f 2839/1386/3477 2833/1390/3481 2832/1391/3482
f 2838/1387/3478 2832/1391/3482 2831/975/3068
f 2457/863/2957 2830/1392/3483 2836/1388/3479
f 2830/1392/3483 2829/1393/3484 2835/1389/3480
f 2829/1393/3484 2828/974/3067 2834/979/3071
f 2484/865/2960 2483/2038/2956 2827/1394/3485
f 2833/1390/3481 2827/1394/3485 2826/1395/3486
f 2832/1391/3482 2826/1395/3486 2825/1396/3064
f 2456/859/2953 2824/1397/3487 2830/1392/3483
f 2824/1397/3487 2823/1398/3488 2829/1393/3484
f 2823/1398/3488 2822/970/3063 2828/974/3067
f 2483/860/2956 2482/856/2952 2821/1399/3489
f 2827/1400/3485 2821/1399/3489 2820/1401/3490
f 2826/1402/3486 2820/1401/3490 2819/967/3060
f 2455/855/2949 2818/1403/3491 2824/1397/3487
f 2818/1403/3491 2817/1404/3492 2823/1398/3488
f 2817/1404/3492 2816/966/3059 2822/970/3063
f 2482/856/2952 2481/853/2948 2815/1405/3493
f 2821/1399/3489 2815/1405/3493 2814/1406/3494
f 2820/1401/3490 2814/1406/3494 2813/964/3056
f 2454/851/2945 2812/1407/3495 2818/1403/3491
f 2812/1407/3495 2811/1408/3496 2817/1404/3492
f 2811/1408/3496 2810/962/3055 2816/966/3059
f 2481/853/2948 2480/849/2944 2809/1409/3497
f 2815/1405/3493 2809/1409/3497 2808/1410/3498
f 2814/1406/3494 2808/1410/3498 2807/960/3052
f 2453/847/2941 2806/1411/3499 2812/1407/3495
f 2806/1411/3499 2805/1412/3500 2811/1408/3496
f 2805/1412/3500 2804/958/3051 2810/962/3055
f 2480/849/2944 2479/845/2940 2803/1413/3501
f 2809/1409/3497 2803/1413/3501 2802/1414/3502
f 2808/1410/3498 2802/1414/3502 2801/956/3048
f 2452/843/2937 2800/1415/3503 2806/1411/3499
f 2800/1415/3503 2799/1416/3504 2805/1412/3500
f 2799/1416/3504 2798/954/3047 2804/958/3051
f 2479/845/2940 2478/840/2936 2797/1417/3505
f 2803/1413/3501 2797/1417/3505 2796/1418/3506
f 2802/1414/3502 2796/1418/3506 2795/951/3044
f 2451/842/2933 2794/1419/3507 2800/1415/3503
f 2794/1419/3507 2793/1420/3508 2799/1416/3504
f 2793/1420/3508 2792/952/3043 2798/954/3047
f 2478/840/2936 2477/836/2932 2791/1421/3509
f 2797/1417/3505 2791/1421/3509 2790/1422/3510
f 2796/1418/3506 2790/1422/3510 2789/947/3040
f 2450/834/2929 2788/1424/3511 2794/1423/3507
f 2788/1424/3511 2787/1426/3512 2793/1425/3508
f 2787/1426/3512 2786/945/3039 2792/949/3043
f 2477/836/2932 2476/832/2928 2785/1427/3513
f 2791/1421/3509 2785/1427/3513 2784/1428/3514
f 2790/1422/3510 2784/1428/3514 2783/943/3036
f 2449/829/2925 2782/1429/3515 2788/1424/3511
f 2782/1429/3515 2781/1430/3516 2787/1426/3512
f 2781/1430/3516 2780/940/3035 2786/945/3039
f 2476/832/2928 2475/828/2924 2779/1431/3517
f 2785/1427/3513 2779/1431/3517 2778/1432/3518
f 2784/1428/3514 2778/1432/3518 2777/939/3032
f 2448/825/2921 2776/1433/3519 2782/1429/3515
f 2776/1433/3519 2775/1434/3520 2781/1430/3516
f 2775/1434/3520 2774/936/3031 2780/940/3035
f 2475/828/2924 2474/824/2920 2773/1435/3521
f 2779/1431/3517 2773/1435/3521 2772/1436/3522
f 2778/1432/3518 2772/1436/3522 2771/935/3028
f 2447/821/2917 2770/1437/3523 2776/1433/3519
f 2770/1437/3523 2769/1438/3524 2775/1434/3520
f 2769/1438/3524 2768/932/3027 2774/936/3031
f 2474/824/2920 2473/820/2915 2767/1439/3525
f 2773/1435/3521 2767/1439/3525 2766/1440/3526
f 2772/1436/3522 2766/1440/3526 2765/931/3024
f 2446/817/2913 2764/1441/3527 2770/1437/3523
f 2764/1441/3527 2763/1442/3528 2769/1438/3524
f 2763/1442/3528 2762/927/3023 2768/932/3027
f 2472/816/2911 2758/1443/3529 2767/1439/3525
f 2758/1443/3529 2757/1444/3530 2766/1440/3526
f 2757/1444/3530 2756/796/2892 2765/931/3024
f 2445/813/2909 2759/1313/3403 2764/1441/3527
f 2759/1313/3403 2760/1315/3405 2763/1442/3528
f 2760/1315/3405 2761/1053/3021 2762/927/3023
f 2471/812/2907 2753/1316/3407 2758/1443/3529
f 2753/1316/3407 2754/1318/3409 2757/1444/3530
f 2754/1318/3409 2755/794/2890 2756/796/2892
f 2377/1445/3531 3072/1448/3534 2953/1446/3532
f 3072/1448/3534 3071/920/3013 2954/800/3017
f 2404/1449/3535 2403/1458/3544 3070/1450/3536
f 2949/1451/3537 3070/1450/3536 3069/917/3012
f 2429/1452/3538 3068/1455/3541 2945/1453/3539
f 3068/1455/3541 3067/916/3009 2946/728/3015
f 2376/1456/3542 3066/1457/3543 3072/1448/3534
f 3066/1457/3543 3065/914/3007 3071/920/3013
f 2403/1458/3544 2402/1464/3550 3064/1459/3545
f 3070/1450/3536 3064/1459/3545 3063/911/3006
f 2428/1460/3546 3062/1461/3547 3068/1455/3541
f 3062/1461/3547 3061/910/3003 3067/916/3009
f 2375/1462/3548 3060/1463/3549 3066/1457/3543
f 3060/1463/3549 3059/908/3001 3065/914/3007
f 2402/1464/3550 2401/1470/3555 3058/1465/3551
f 3064/1459/3545 3058/1465/3551 3057/905/3000
f 2427/1466/3552 3056/1467/3558 3062/1461/3547
f 3062/1461/3547 3056/1467/3558 3055/904/2997
f 2374/1468/3553 3054/1469/3554 3060/1463/3549
f 3054/1469/3554 3053/902/2995 3059/908/3001
f 2401/1470/3555 2400/1476/3561 3052/1471/3556
f 3058/1465/3551 3052/1471/3556 3051/899/2994
f 2426/1472/3557 3050/1473/3564 3056/1467/3558
f 3056/1467/3558 3050/1473/3564 3049/898/2991
f 2373/1474/3559 3048/1475/3560 3054/1469/3554
f 3048/1475/3560 3047/896/2989 3053/902/2995
f 2400/1476/3561 2399/1482/3567 3046/1477/3562
f 3052/1471/3556 3046/1477/3562 3045/893/2988
f 2425/1478/3563 3044/1479/3570 3050/1473/3564
f 3050/1473/3564 3044/1479/3570 3043/892/2985
f 2372/1480/3565 3042/1481/3566 3048/1475/3560
f 3042/1481/3566 3041/890/2983 3047/896/2989
f 2399/1482/3567 2398/1488/3573 3040/1483/3568
f 3046/1477/3562 3040/1483/3568 3039/887/2982
f 2424/1484/3569 3038/1485/3576 3044/1479/3570
f 3044/1479/3570 3038/1485/3576 3037/886/2979
f 2371/1486/3571 3036/1487/3572 3042/1481/3566
f 3036/1487/3572 3035/884/2977 3041/890/2983
f 2398/1488/3573 2397/1494/3579 3034/1489/3574
f 3040/1483/3568 3034/1489/3574 3033/881/2976
f 2423/1490/3575 3032/1491/3582 3038/1485/3576
f 3038/1485/3576 3032/1491/3582 3031/880/2973
f 2369/1492/3577 3030/1493/3578 3036/1487/3572
f 3030/1493/3578 3029/878/2971 3035/884/2977
f 2397/1494/3579 2396/1500/3585 3028/1495/3580
f 3028/1495/3580 3027/875/2970 3033/881/2976
f 2422/1496/3581 3026/1497/3588 3032/1491/3582
f 3032/1491/3582 3026/1497/3588 3025/874/2967
f 2370/1498/3583 2964/1499/3584 3030/1493/3578
f 2964/1499/3584 2963/810/2905 3029/878/2971
f 2396/1500/3585 2395/1504/3589 3024/1501/3586
f 3024/1501/3586 3023/871/2966 3027/875/2970
f 2421/1502/3587 3022/1503/3592 3026/1497/3588
f 3026/1497/3588 3022/1503/3592 3021/870/2963
f 2395/1504/3589 2394/1508/3593 3020/1505/3590
f 3020/1505/3590 3019/867/2962 3023/871/2966
f 2420/1506/3591 3018/1507/3596 3022/1503/3592
f 3022/1503/3592 3018/1507/3596 3017/866/2959
f 2394/1508/3593 2393/1512/3597 3016/1509/3594
f 3016/1509/3594 3015/862/2958 3019/867/2962
f 2419/1510/3595 3014/1511/3600 3018/1507/3596
f 3018/1507/3596 3014/1511/3600 3013/864/2955
f 2393/1512/3597 2392/1518/3601 3012/1513/3598
f 3012/1513/3598 3011/858/2954 3015/862/2958
f 2418/1514/3599 3010/1517/3604 3014/1515/3600
f 3014/1515/3600 3010/1517/3604 3009/857/2951
f 2392/1518/3601 2391/1522/3605 3008/1519/3602
f 3008/1519/3602 3007/854/2950 3011/858/2954
f 2418/1514/3599 2417/1520/3607 3006/1521/3603
f 3010/1517/3604 3006/1521/3603 3005/852/2947
f 2391/1522/3605 2390/1525/3609 3004/1523/3606
f 3004/1523/3606 3003/850/2946 3007/854/2950
f 2417/1520/3607 2416/1527/3611 3002/1524/3608
f 3006/1521/3603 3002/1524/3608 3001/848/2943
f 2390/1525/3609 2389/1529/3613 3000/1526/3610
f 3000/1526/3610 2999/846/2942 3003/850/2946
f 2416/1527/3611 2415/1531/3615 2998/1528/3612
f 3002/1524/3608 2998/1528/3612 2997/844/2939
f 2389/1529/3613 2388/1533/3617 2996/1530/3614
f 2996/1530/3614 2995/841/2938 2999/846/2942
f 2415/1531/3615 2414/1536/3619 2994/1532/3616
f 2998/1528/3612 2994/1532/3616 2993/839/2935
f 2388/1533/3617 2387/2108/3621 2992/1534/3618
f 2992/1534/3618 2991/1535/2934 2995/841/2938
f 2414/1536/3619 2413/1541/3623 2990/1537/3620
f 2994/1532/3616 2990/1537/3620 2989/835/2931
f 2387/1538/3621 2386/1543/3626 2988/1539/3622
f 2988/1539/3622 2987/833/2930 2991/837/2934
f 2413/1541/3623 2412/1545/3628 2986/1542/3624
f 2990/1537/3620 2986/1542/3624 2985/831/2927
f 2385/1548/3625 2984/1544/3627 2988/1539/3622
f 2984/1544/3627 2983/830/2926 2987/833/2930
f 2412/1545/3628 2411/1550/3632 2982/1546/3629
f 2986/1542/3624 2982/1546/3629 2981/827/2923
f 2384/1547/3630 2980/1549/3631 2984/1544/3627
f 2980/1549/3631 2979/826/2922 2983/830/2926
f 2411/1550/3632 2410/1554/3636 2978/1551/3633
f 2982/1546/3629 2978/1551/3633 2977/823/2919
f 2383/1552/3634 2976/1553/3635 2980/1549/3631
f 2976/1553/3635 2975/822/2918 2979/826/2922
f 2410/1554/3636 2409/1558/3640 2974/1555/3637
f 2978/1551/3633 2974/1555/3637 2973/819/2916
f 2382/1556/3638 2972/1557/3639 2976/1553/3635
f 2972/1557/3639 2971/818/2914 2975/822/2918
f 2409/1558/3640 2408/1562/3644 2970/1559/3641
f 2974/1555/3637 2970/1559/3641 2969/815/2912
f 2381/1560/3642 2968/1561/3643 2972/1557/3639
f 2968/1561/3643 2967/814/2910 2971/818/2914
f 2408/1562/3644 2407/1566/3648 2966/1563/3645
f 2970/1559/3641 2966/1563/3645 2965/811/2908
f 2380/1564/3646 2962/1565/3647 2968/1561/3643
f 2962/1565/3647 2961/808/2904 2967/814/2910
f 2407/1566/3648 2406/1572/3654 2960/1567/3649
f 2966/1563/3645 2960/1567/3649 2959/805/2902
f 2432/1568/3650 2958/1569/3651 2964/1499/3584
f 2958/1569/3651 2957/804/2899 2963/810/2905
f 2379/1570/3652 2956/1571/3653 2962/1565/3647
f 2956/1571/3653 2955/802/2896 2961/808/2904
f 2406/1572/3654 2405/1576/3658 2952/1573/3655
f 2960/1567/3649 2952/1573/3655 2951/797/2895
f 2431/1574/3656 2948/1575/3657 2958/1569/3651
f 2948/1575/3657 2947/730/2825 2957/804/2899
f 2378/1447/3533 2953/1446/3532 2956/1571/3653
f 2953/1446/3532 2954/800/3017 2955/802/2896
f 2405/1576/3658 2404/1449/3535 2949/1451/3537
f 2952/1573/3655 2949/1451/3537 2950/922/2893
f 2430/1454/3540 2945/1453/3539 2948/1575/3657
f 2945/1453/3539 2946/728/3015 2947/730/2825
f 3583/133/4425 3457/2046/4425 3459/2047/4425
f 3459/2047/4425 3461/2048/4425 3463/2049/4425
f 3463/2049/4425 3465/2050/4425 3467/2051/6417
f 3467/2051/6417 3469/2052/6417 3471/2053/6417
f 3471/2053/6417 3473/2054/6417 3475/2055/4425
f 3475/2055/4425 3477/2056/6417 3479/2057/4425
f 3479/2057/4425 3481/2058/6418 3483/2059/4425
f 3483/2059/4425 3485/2060/4425 3487/2061/4425
f 3487/2061/4425 3489/2062/4425 3491/2063/4425
f 3491/2063/4425 3493/2064/4425 3495/2065/4425
f 3495/2065/4425 3497/2066/4425 3499/2067/4425
f 3499/2067/4425 3501/2068/4425 3503/2069/4425
f 3503/2069/4425 3505/2070/4425 3507/2071/4425
f 3507/2071/4425 3509/2072/4425 3511/2073/4425
f 3511/2073/4425 3513/2074/4425 3515/2075/6417
f 3515/2075/6417 3517/2076/6417 3519/131/4425
f 3519/131/4425 3521/2077/6417 3523/2078/4425
f 3523/2078/4425 3525/2079/4425 3527/2080/4425
f 3527/2080/4425 3529/2081/4425 3531/2082/6417
f 3531/2082/6417 3533/2083/4425 3535/2084/4425
f 3535/2084/4425 3537/2085/4425 3539/2086/4425
f 3539/2086/4425 3541/2087/6417 3543/2088/4425
f 3543/2088/4425 3545/2089/4425 3547/2090/4425
f 3547/2090/4425 3549/2091/4425 3551/132/4425
f 3551/132/4425 3553/2092/6419 3555/2093/4425
f 3555/2093/4425 3557/2094/6417 3559/2095/4425
f 3559/2095/4425 3561/2096/6417 3563/2097/4425
f 3563/2097/4425 3565/2098/4425 3567/2099/4425
f 3567/2099/4425 3569/2100/4425 3571/2101/4425
f 3571/2101/4425 3573/2102/4425 3575/2103/4425
f 3575/2103/4425 3577/2104/4425 3579/2105/4425
f 3579/2105/4425 3581/2106/6417 3583/133/4425
f 3583/133/4425 3459/2047/4425 3463/2049/4425
f 3463/2049/4425 3467/2051/6417 3471/2053/6417
f 3471/2053/6417 3475/2055/4425 3479/2057/4425
f 3479/2057/4425 3483/2059/4425 3487/2061/4425
f 3487/2061/4425 3491/2063/4425 3495/2065/4425
f 3495/2065/4425 3499/2067/4425 3503/2069/4425
f 3503/2069/4425 3507/2071/4425 3511/2073/4425
f 3511/2073/4425 3515/2075/6417 3519/131/4425
f 3519/131/4425 3523/2078/4425 3527/2080/4425
f 3527/2080/4425 3531/2082/6417 3535/2084/4425
f 3535/2084/4425 3539/2086/4425 3543/2088/4425
f 3543/2088/4425 3547/2090/4425 3551/132/4425
f 3551/132/4425 3555/2093/4425 3559/2095/4425
f 3559/2095/4425 3563/2097/4425 3567/2099/4425
f 3567/2099/4425 3571/2101/4425 3575/2103/4425
f 3575/2103/4425 3579/2105/4425 3583/133/4425
f 3583/133/4425 3463/2049/4425 3471/2053/6417
f 3471/2053/6417 3479/2057/4425 3487/2061/4425
f 3487/2061/4425 3495/2065/4425 3503/2069/4425
f 3503/2069/4425 3511/2073/4425 3519/131/4425
f 3519/131/4425 3527/2080/4425 3535/2084/4425
f 3535/2084/4425 3543/2088/4425 3551/132/4425
f 3551/132/4425 3559/2095/4425 3567/2099/4425
f 3567/2099/4425 3575/2103/4425 3583/133/4425
f 3583/133/4425 3471/2053/6417 3487/2061/4425
f 3487/2061/4425 3503/2069/4425 3519/131/4425
f 3519/131/4425 3535/2084/4425 3551/132/4425
f 3551/132/4425 3567/2099/4425 3583/133/4425
f 3583/133/4425 3487/2061/4425 3519/131/4425
f 4266/1181/5197 4330/925/5452 4331/926/5198
f 4328/1054/5325 4327/1171/5441 4391/1055/5326
f 4241/1059/5328 4240/1057/5453 4304/1182/5329
f 4268/1060/5331 4267/924/5199 4331/926/5198
f 4242/1062/5333 4241/1059/5328 4305/1058/5330
f 4269/1064/5335 4268/1060/5331 4332/1061/5332
f 4243/1066/5337 4242/1062/5333 4306/1063/5334
f 4269/1064/5335 4333/1065/5336 4334/1069/5339
f 4243/2044/5341 4307/1071/5457 4308/1072/5342
f 4271/1073/5344 4270/1068/5340 4334/1069/5339
f 4245/1075/5346 4244/1070/5343 4308/1072/5342
f 4271/1073/5344 4335/1074/5345 4336/1078/5348
f 4246/1079/5350 4245/1075/5346 4309/1076/5347
f 4273/1081/5352 4272/1077/5349 4336/1078/5348
f 4246/1079/5350 4310/1080/5351 4311/1084/5354
f 4273/1081/5352 4337/1082/5353 4338/1085/5356
f 4247/1083/5355 4311/1084/5354 4312/1088/5358
f 4275/1090/5360 4274/1086/5357 4338/1085/5356
f 4249/1091/5362 4248/1087/5359 4312/1088/5358
f 4275/1093/5364 4339/1213/5484 4340/1094/5365
f 4250/1096/5367 4249/1091/5362 4313/1092/5363
f 4277/1099/5369 4276/1095/5366 4340/1094/5365
f 4250/1096/5367 4314/1097/5368 4315/1101/5371
f 4277/1099/5369 4341/1098/5370 4342/1102/5373
f 4252/1104/5375 4251/1100/5372 4315/1101/5371
f 4225/1108/5377 4226/1106/5440 4290/1169/5378
f 4278/1103/5374 4342/1102/5373 4343/1109/5380
f 4253/1111/5382 4252/1104/5375 4316/1105/5376
f 4225/1108/5377 4289/1107/5379 4291/1113/5384
f 4280/1116/5386 4279/1110/5381 4343/1109/5380
f 4253/1111/5382 4317/1112/5383 4318/1118/5388
f 4227/1114/5385 4291/1113/5384 4292/1119/5390
f 4280/1116/5386 4344/1115/5387 4345/1121/5392
f 4255/1123/5394 4254/1117/5389 4318/1118/5388
f 4229/1126/5396 4228/1120/5391 4292/1119/5390
f 4281/1122/5393 4345/1121/5392 4346/1127/5398
f 4256/1129/5400 4255/1123/5394 4319/1124/5395
f 4229/1126/5396 4293/1125/5397 4294/1131/5402
f 4282/1128/5399 4346/1127/5398 4347/1133/5404
f 4256/1129/5400 4320/1130/5401 4321/1136/5406
f 4230/1132/5403 4294/1131/5402 4295/1137/5408
f 4283/1134/5405 4347/1133/5404 4348/1139/5410
f 4258/1141/5412 4257/1135/5407 4321/1136/5406
f 4232/1144/5414 4231/1138/5409 4295/1137/5408
f 4284/1140/5411 4348/1139/5410 4349/1145/5416
f 4258/1141/5412 4322/1142/5413 4323/1148/5418
f 4232/1144/5414 4296/1143/5415 4297/1149/5420
f 4286/1152/5422 4285/1146/5417 4349/1145/5416
f 4259/1147/5419 4323/1148/5418 4324/1154/5424
f 4233/1150/5421 4297/1149/5420 4298/1155/5426
f 4287/1158/5428 4286/1152/5422 4350/1151/5423
f 4260/1153/5425 4324/1154/5424 4325/1160/5430
f 4235/1162/5432 4234/1156/5427 4298/1155/5426
f 4287/1158/5428 4351/1157/5429 4352/1163/5434
f 4262/1165/5436 4261/1159/5431 4325/1160/5430
f 4235/1162/5432 4299/1161/5433 4300/1167/5438
f 4288/1164/5435 4352/1163/5434 4290/1169/5378
f 4262/1165/5436 4326/1166/5437 4327/1171/5441
f 4236/1168/5439 4300/1167/5438 4301/1172/5443
f 4264/1174/5445 4263/1170/5442 4327/1171/5441
f 4237/1173/5444 4301/1172/5443 4302/1175/5446
f 4265/1177/5448 4264/1174/5445 4328/1054/5325
f 4239/1180/5450 4238/1176/5447 4302/1175/5446
f 4266/1181/5197 4265/1177/5448 4329/1178/5449
f 4239/1180/5450 4303/1179/5451 4304/1182/5329
f 4395/1183/5454 4394/1190/5461 4458/1184/5455
f 4307/1071/5457 4371/1186/5529 4372/1187/5458
f 4328/1054/5325 4392/1056/5327 4393/1188/5459
f 4309/1076/5347 4308/1072/5342 4372/1187/5458
f 4329/1178/5449 4393/1188/5459 4394/1190/5461
f 4309/1076/5347 4373/1189/5460 4374/1191/5462
f 4331/926/5198 4330/925/5452 4394/1190/5461
f 4310/1080/5351 4374/1191/5462 4375/1192/5463
f 4331/926/5198 4395/1183/5454 4396/1193/5464
f 4311/1084/5354 4375/1192/5463 4376/1194/5465
f 4333/1065/5336 4332/1061/5332 4396/1193/5464
f 4312/1088/5358 4376/1194/5465 4377/1196/5467
f 4333/1065/5336 4397/1195/5466 4398/1197/5468
f 4314/1097/5368 4313/1092/5363 4377/1196/5467
f 4335/1074/5345 4334/1069/5339 4398/1197/5468
f 4314/1097/5368 4378/1198/5469 4379/1200/5471
f 4335/1074/5345 4399/1199/5470 4400/1201/5472
f 4315/1101/5371 4379/1200/5471 4380/1202/5473
f 4290/1169/5378 4354/1247/5518 4353/1203/5474
f 4337/1082/5353 4336/1078/5348 4400/1201/5472
f 4317/1112/5383 4316/1105/5376 4380/1202/5473
f 4291/1113/5384 4289/1107/5379 4353/1203/5474
f 4337/1082/5353 4401/1204/5475 4402/1207/5478
f 4317/1112/5383 4381/1205/5476 4382/1208/5479
f 4291/1113/5384 4355/1206/5477 4356/1209/5480
f 4339/1089/5361 4338/1085/5356 4402/1207/5478
f 4319/1124/5395 4318/1118/5388 4382/1208/5479
f 4292/1119/5390 4356/1209/5480 4357/1212/5483
f 4339/1213/5484 4403/1269/6420 4404/1214/5485
f 4320/1130/5401 4319/1124/5395 4383/1211/5482
f 4293/1125/5397 4357/1212/5483 4358/1216/5487
f 4340/1094/5365 4404/1214/5485 4405/1217/5488
f 4320/1130/5401 4384/1215/5486 4385/1218/5489
f 4294/1131/5402 4358/1216/5487 4359/1219/5490
f 4341/1098/5370 4405/1217/5488 4406/1220/5491
f 4322/1142/5413 4321/1136/5406 4385/1218/5489
f 4296/1143/5415 4295/1137/5408 4359/1219/5490
f 4343/1109/5380 4342/1102/5373 4406/1220/5491
f 4322/1142/5413 4386/1221/5492 4387/1224/5495
f 4296/1143/5415 4360/1222/5493 4361/1225/5496
f 4343/1109/5380 4407/1223/5494 4408/1226/5497
f 4323/1148/5418 4387/1224/5495 4388/1227/5498
f 4298/1155/5426 4297/1149/5420 4361/1225/5496
f 4345/1121/5392 4344/1115/5387 4408/1226/5497
f 4324/1154/5424 4388/1227/5498 4389/1230/5501
f 4299/1161/5433 4298/1155/5426 4362/1228/5499
f 4345/1121/5392 4409/1229/5500 4410/1232/5503
f 4325/1160/5430 4389/1230/5501 4390/1233/5504
f 4300/1167/5438 4299/1161/5433 4363/1231/5502
f 4346/1127/5398 4410/1232/5503 4411/1235/5506
f 4326/1166/5437 4390/1233/5504 4391/1055/5326
f 4301/1172/5443 4300/1167/5438 4364/1234/5505
f 4348/1139/5410 4347/1133/5404 4411/1235/5506
f 4301/1172/5443 4365/1236/5507 4366/1238/5509
f 4349/1145/5416 4348/1139/5410 4412/1237/5508
f 4303/1179/5451 4302/1175/5446 4366/1238/5509
f 4349/1145/5416 4413/1239/5510 4414/1241/5512
f 4303/1179/5451 4367/1240/5511 4368/1242/5513
f 4350/1151/5423 4414/1241/5512 4415/1243/5514
f 4304/1182/5329 4368/1242/5513 4369/1244/5515
f 4351/1157/5429 4415/1243/5514 4416/1245/5516
f 4306/1063/5334 4305/1058/5330 4369/1244/5515
f 4290/1169/5378 4352/1163/5434 4416/1245/5516
f 4307/1067/5338 4306/1063/5334 4370/1246/5517
f 4419/1251/5522 4417/1276/5547 4418/1305/5576
f 4418/1305/5576 4480/1302/5573 4479/1299/5570
f 4479/1299/5570 4478/1296/5567 4477/1294/5565
f 4477/1294/5565 4476/1291/5562 4475/1288/5559
f 4475/1288/5559 4474/1285/5556 4473/1282/5553
f 4473/1282/5553 4472/1279/5550 4471/1277/5548
f 4471/1277/5548 4470/1274/5545 4469/1272/5543
f 4469/1272/5543 4468/1270/5541 4467/1267/5539
f 4467/1267/5539 4466/1265/5537 4465/1263/5535
f 4465/1263/5535 4464/1261/5533 4463/1259/5531
f 4463/1259/5531 4462/1257/5528 4461/1256/5527
f 4461/1256/5527 4460/1254/5525 4459/1185/5456
f 4459/1185/5456 4458/1184/5455 4457/1310/5581
f 4457/1310/5581 4456/1308/5579 4455/1306/5577
f 4455/1306/5577 4454/1303/5574 4453/1300/5571
f 4453/1300/5571 4452/1297/5568 4451/1249/5520
f 4451/1249/5520 4450/1292/5563 4449/1289/5560
f 4449/1289/5560 4448/1286/5557 4447/1283/5554
f 4447/1283/5554 4446/1280/5551 4445/1278/5549
f 4445/1278/5549 4444/1275/5546 4443/1273/5544
f 4443/1273/5544 4442/1271/5542 4441/1268/5540
f 4441/1268/5540 4440/1266/5538 4439/1264/5536
f 4439/1264/5536 4438/1262/5534 4437/1260/5532
f 4437/1260/5532 4436/1258/5530 4435/1250/5521
f 4435/1250/5521 4434/1255/5526 4433/1253/5524
f 4433/1253/5524 4432/1252/5523 4431/1311/5582
f 4431/1311/5582 4430/1309/5580 4429/1307/5578
f 4429/1307/5578 4428/1304/5575 4427/1301/5572
f 4427/1301/5572 4426/1298/5569 4425/1295/5566
f 4425/1295/5566 4424/1293/5564 4423/1290/5561
f 4423/1290/5561 4422/1287/5558 4421/1284/5555
f 4421/1284/5555 4420/1281/5552 4419/1251/5522
f 4419/1251/5522 4418/1305/5576 4479/1299/5570
f 4479/1299/5570 4477/1294/5565 4475/1288/5559
f 4475/1288/5559 4473/1282/5553 4471/1277/5548
f 4471/1277/5548 4469/1272/5543 4467/1267/5539
f 4467/1267/5539 4465/1263/5535 4463/1259/5531
f 4463/1259/5531 4461/1256/5527 4459/1185/5456
f 4459/1185/5456 4457/1310/5581 4455/1306/5577
f 4455/1306/5577 4453/1300/5571 4451/1249/5520
f 4451/1249/5520 4449/1289/5560 4447/1283/5554
f 4447/1283/5554 4445/1278/5549 4443/1273/5544
f 4443/1273/5544 4441/1268/5540 4439/1264/5536
f 4439/1264/5536 4437/1260/5532 4435/1250/5521
f 4435/1250/5521 4433/1253/5524 4431/1311/5582
f 4431/1311/5582 4429/1307/5578 4427/1301/5572
f 4427/1301/5572 4425/1295/5566 4423/1290/5561
f 4423/1290/5561 4421/1284/5555 4419/1251/5522
f 4419/1251/5522 4479/1299/5570 4475/1288/5559
f 4475/1288/5559 4471/1277/5548 4467/1267/5539
f 4467/1267/5539 4463/1259/5531 4459/1185/5456
f 4459/1185/5456 4455/1306/5577 4451/1249/5520
f 4451/1249/5520 4447/1283/5554 4443/1273/5544
f 4443/1273/5544 4439/1264/5536 4435/1250/5521
f 4435/1250/5521 4431/1311/5582 4427/1301/5572
f 4427/1301/5572 4423/1290/5561 4419/1251/5522
f 4419/1251/5522 4475/1288/5559 4467/1267/5539
f 4467/1267/5539 4459/1185/5456 4451/1249/5520
f 4451/1249/5520 4443/1273/5544 4435/1250/5521
f 4435/1250/5521 4427/1301/5572 4419/1251/5522
f 4419/1251/5522 4467/1267/5539 4451/1249/5520
f 4369/1244/5515 4368/1242/5513 4432/1252/5523
f 4396/1193/5464 4395/1183/5454 4459/1185/5456
f 4370/1246/5517 4369/1244/5515 4433/1253/5524
f 4396/1193/5464 4460/1254/5525 4461/1256/5527
f 4371/1248/5519 4370/1246/5517 4434/1255/5526
f 4397/1195/5466 4461/1256/5527 4462/1257/5528
f 4371/1186/5529 4435/1250/5521 4436/1258/5530
f 4398/1197/5468 4462/1257/5528 4463/1259/5531
f 4373/1189/5460 4372/1187/5458 4436/1258/5530
f 4400/1201/5472 4399/1199/5470 4463/1259/5531
f 4373/1189/5460 4437/1260/5532 4438/1262/5534
f 4400/1201/5472 4464/1261/5533 4465/1263/5535
f 4374/1191/5462 4438/1262/5534 4439/1264/5536
f 4401/1204/5475 4465/1263/5535 4466/1265/5537
f 4376/1194/5465 4375/1192/5463 4439/1264/5536
f 4403/1210/5481 4402/1207/5478 4466/1265/5537
f 4377/1196/5467 4376/1194/5465 4440/1266/5538
f 4404/1214/5485 4403/1269/6420 4467/1267/5539
f 4378/1198/5469 4377/1196/5467 4441/1268/5540
f 4405/1217/5488 4404/1214/5485 4468/1270/5541
f 4378/1198/5469 4442/1271/5542 4443/1273/5544
f 4405/1217/5488 4469/1272/5543 4470/1274/5545
f 4380/1202/5473 4379/1200/5471 4443/1273/5544
f 4354/1247/5518 4418/1305/5576 4417/1276/5547
f 4406/1220/5491 4470/1274/5545 4471/1277/5548
f 4380/1202/5473 4444/1275/5546 4445/1278/5549
f 4353/1203/5474 4417/1276/5547 4419/1251/5522
f 4408/1226/5497 4407/1223/5494 4471/1277/5548
f 4382/1208/5479 4381/1205/5476 4445/1278/5549
f 4355/1206/5477 4419/1251/5522 4420/1281/5552
f 4408/1226/5497 4472/1279/5550 4473/1282/5553
f 4382/1208/5479 4446/1280/5551 4447/1283/5554
f 4356/1209/5480 4420/1281/5552 4421/1284/5555
f 4409/1229/5500 4473/1282/5553 4474/1285/5556
f 4384/1215/5486 4383/1211/5482 4447/1283/5554
f 4358/1216/5487 4357/1212/5483 4421/1284/5555
f 4411/1235/5506 4410/1232/5503 4474/1285/5556
f 4385/1218/5489 4384/1215/5486 4448/1286/5557
f 4358/1216/5487 4422/1287/5558 4423/1290/5561
f 4411/1235/5506 4475/1288/5559 4476/1291/5562
f 4385/1218/5489 4449/1289/5560 4450/1292/5563
f 4360/1222/5493 4359/1219/5490 4423/1290/5561
f 4413/1239/5510 4412/1237/5508 4476/1291/5562
f 4387/1224/5495 4386/1221/5492 4450/1292/5563
f 4360/1222/5493 4424/1293/5564 4425/1295/5566
f 4414/1241/5512 4413/1239/5510 4477/1294/5565
f 4388/1227/5498 4387/1224/5495 4451/1249/5520
f 4361/1225/5496 4425/1295/5566 4426/1298/5569
f 4415/1243/5514 4414/1241/5512 4478/1296/5567
f 4388/1227/5498 4452/1297/5568 4453/1300/5571
f 4362/1228/5499 4426/1298/5569 4427/1301/5572
f 4415/1243/5514 4479/1299/5570 4480/1302/5573
f 4390/1233/5504 4389/1230/5501 4453/1300/5571
f 4363/1231/5502 4427/1301/5572 4428/1304/5575
f 4416/1245/5516 4480/1302/5573 4418/1305/5576
f 4391/1055/5326 4390/1233/5504 4454/1303/5574
f 4365/1236/5507 4364/1234/5505 4428/1304/5575
f 4391/1055/5326 4455/1306/5577 4456/1308/5579
f 4365/1236/5507 4429/1307/5578 4430/1309/5580
f 4392/1056/5327 4456/1308/5579 4457/1310/5581
f 4366/1238/5509 4430/1309/5580 4431/1311/5582
f 4393/1188/5459 4457/1310/5581 4458/1184/5455
f 4367/1240/5511 4431/1311/5582 4432/1252/5523
f 2/1/1 3/2/2 1/3/3
f 4/4/4 5/5/5 3/2/2
f 6/6/6 7/7/7 5/5/5
f 7/7/7 10/8/8 9/9/9
f 9/9/9 12/10/10 11/11/11
f 11/11/11 14/12/12 13/13/13
f 13/13/13 16/14/14 15/15/15
f 15/15/15 18/16/16 17/17/17
f 17/17/17 20/18/18 19/19/19
f 19/19/19 22/20/20 21/21/21
f 21/21/21 24/22/22 23/23/23
f 23/23/23 26/24/24 25/25/25
f 25/25/25 28/26/26 27/27/27
f 27/27/27 30/28/28 29/29/29
f 29/29/29 32/30/30 31/31/31
f 31/31/31 34/32/32 33/33/33
f 33/33/33 36/34/34 35/35/35
f 35/35/35 38/36/36 37/37/37
f 37/38/37 40/39/38 39/40/39
f 39/40/39 42/41/40 41/42/41
f 41/42/41 44/43/42 43/44/43
f 43/44/43 46/45/44 45/46/45
f 45/46/45 48/47/46 47/48/47
f 47/48/47 50/49/48 49/50/49
f 49/50/49 52/51/50 51/52/51
f 51/52/51 54/53/52 53/54/53
f 53/54/53 56/55/54 55/56/55
f 55/56/55 58/57/56 57/58/57
f 57/58/57 60/59/58 59/60/59
f 59/60/59 62/61/60 61/62/61
f 61/62/61 64/63/62 63/64/63
f 63/64/63 66/65/64 65/66/65
f 65/66/65 68/67/66 67/68/67
f 67/68/67 70/69/68 69/70/69
f 69/70/69 72/71/70 71/72/71
f 72/71/70 73/73/72 71/72/71
f 74/74/73 75/75/74 73/73/72
f 76/76/75 77/77/76 75/75/74
f 78/78/77 79/79/78 77/77/76
f 80/80/79 81/81/80 79/79/78
f 82/82/81 83/83/82 81/81/80
f 84/84/83 85/85/84 83/83/82
f 86/86/85 87/87/86 85/85/84
f 88/88/87 89/89/88 87/87/86
f 90/90/89 91/91/90 89/89/88
f 92/92/91 93/93/92 91/91/90
f 94/94/93 95/95/94 93/93/92
f 96/96/95 97/97/96 95/95/94
f 98/98/97 99/99/98 97/97/96
f 100/100/99 101/101/100 99/99/98
f 102/102/101 103/103/102 101/104/100
f 104/105/103 105/106/104 103/103/102
f 106/107/105 107/108/106 105/106/104
f 108/109/107 109/110/108 107/108/106
f 110/111/109 111/112/110 109/110/108
f 112/113/111 113/114/112 111/112/110
f 114/115/113 115/116/114 113/114/112
f 116/117/115 117/118/116 115/116/114
f 118/119/117 119/120/118 117/118/116
f 120/121/119 121/122/120 119/120/118
f 122/123/121 123/124/122 121/122/120
f 124/125/123 125/126/124 123/124/122
f 42/41/40 150/127/125 44/43/42
f 126/128/126 127/129/127 125/126/124
f 128/130/128 1/3/3 127/129/127
f 63/131/129 95/132/129 127/133/129
f 129/134/130 195/135/131 131/136/132
f 114/115/113 184/137/133 185/138/134
f 62/61/60 158/139/135 159/140/136
f 8/141/137 133/142/138 10/8/8
f 80/80/79 167/143/139 168/144/140
f 26/24/24 142/145/141 28/26/26
f 98/98/97 176/146/142 177/147/143
f 44/43/42 151/148/144 46/45/44
f 116/117/115 185/138/134 186/149/145
f 64/63/62 159/140/136 160/150/146
f 10/8/8 134/151/147 12/10/10
f 82/82/81 168/144/140 169/152/148
f 28/26/26 143/153/149 30/28/28
f 100/100/99 177/147/143 178/154/150
f 46/45/44 152/155/151 48/47/46
f 118/119/117 186/149/145 187/156/152
f 66/65/64 160/150/146 161/157/153
f 12/10/10 135/158/154 14/12/12
f 84/84/83 169/152/148 170/159/155
f 30/28/28 144/160/156 32/30/30
f 102/161/101 178/154/150 179/162/157
f 48/47/46 153/163/158 50/49/48
f 120/121/119 187/156/152 188/164/159
f 68/67/66 161/157/153 162/165/160
f 14/12/12 136/166/161 16/14/14
f 86/86/85 170/159/155 171/167/162
f 32/30/30 145/168/163 34/32/32
f 104/105/103 179/169/157 180/170/164
f 50/49/48 154/171/165 52/51/50
f 122/123/121 188/164/159 189/172/166
f 70/69/68 162/165/160 163/173/167
f 16/14/14 137/174/168 18/16/16
f 88/88/87 171/167/162 172/175/169
f 34/32/32 146/176/170 36/34/34
f 106/107/105 180/170/164 181/177/171
f 52/51/50 155/178/172 54/53/52
f 122/123/121 190/179/173 124/125/123
f 72/71/70 163/173/167 164/180/174
f 18/16/16 138/181/175 20/18/18
f 90/90/89 172/175/169 173/182/176
f 36/34/34 147/183/177 38/36/36
f 108/109/107 181/177/171 182/184/178
f 2/1/1 129/134/130 4/4/4
f 54/53/52 156/185/179 56/55/54
f 124/125/123 191/186/180 126/128/126
f 74/74/73 164/180/174 165/187/181
f 20/18/18 139/188/182 22/20/20
f 92/92/91 173/182/176 174/189/183
f 38/190/36 148/191/184 40/39/38
f 110/111/109 182/184/178 183/192/185
f 58/57/56 156/185/179 157/193/186
f 126/128/126 192/194/187 128/130/128
f 4/4/4 131/136/132 6/6/6
f 76/76/75 165/187/181 166/195/188
f 22/20/20 140/196/189 24/22/22
f 94/94/93 174/189/183 175/197/190
f 40/39/38 149/198/191 42/41/40
f 112/113/111 183/192/185 184/137/133
f 60/59/58 157/193/186 158/139/135
f 128/130/128 130/199/192 2/1/1
f 6/6/6 132/200/193 8/141/137
f 78/78/77 166/195/188 167/143/139
f 24/22/22 141/201/194 26/24/24
f 96/96/95 175/197/190 176/146/142
f 197/202/195 262/203/196 198/204/197
f 184/137/133 247/205/198 248/206/199
f 158/139/135 221/207/200 222/208/201
f 131/136/132 196/209/202 132/200/193
f 185/138/134 248/206/199 249/210/203
f 159/140/136 222/208/201 223/211/204
f 132/200/193 197/202/195 133/142/138
f 186/149/145 249/210/203 250/212/205
f 160/150/146 223/211/204 224/213/206
f 133/142/138 198/204/197 134/151/147
f 187/156/152 250/212/205 251/214/207
f 161/157/153 224/213/206 225/215/208
f 134/151/147 199/216/209 135/158/154
f 187/156/152 252/217/210 188/164/159
f 162/165/160 225/215/208 226/218/211
f 135/158/154 200/219/212 136/166/161
f 188/164/159 253/220/213 189/172/166
f 163/173/167 226/218/211 227/221/214
f 136/166/161 201/222/215 137/174/168
f 189/172/166 254/223/216 190/179/173
f 164/180/174 227/221/214 228/224/217
f 137/174/168 202/225/218 138/181/175
f 190/179/173 255/226/219 191/186/180
f 165/187/181 228/224/217 229/227/220
f 138/181/175 203/228/221 139/188/182
f 191/186/180 256/229/222 192/194/187
f 166/195/188 229/227/220 230/230/223
f 139/188/182 204/231/224 140/196/189
f 192/194/187 194/232/225 130/199/192
f 167/143/139 230/230/223 231/233/226
f 140/196/189 205/234/227 141/201/194
f 168/144/140 231/233/226 232/235/228
f 141/201/194 206/236/229 142/145/141
f 169/152/148 232/235/228 233/237/230
f 142/145/141 207/238/231 143/153/149
f 170/159/155 233/237/230 234/239/232
f 143/153/149 208/240/233 144/160/156
f 171/167/162 234/239/232 235/241/234
f 144/160/156 209/242/235 145/168/163
f 172/175/169 235/241/234 236/243/236
f 145/168/163 210/244/237 146/176/170
f 173/182/176 236/243/236 237/245/238
f 146/176/170 211/246/239 147/183/177
f 174/189/183 237/245/238 238/247/240
f 147/248/177 212/249/241 148/191/184
f 175/197/190 238/247/240 239/250/242
f 148/191/184 213/251/243 149/198/191
f 176/146/142 239/250/242 240/252/244
f 149/198/191 214/253/245 150/127/125
f 177/147/143 240/252/244 241/254/246
f 150/127/125 215/255/247 151/148/144
f 178/154/150 241/254/246 242/256/248
f 151/148/144 216/257/249 152/155/151
f 179/162/157 242/256/248 243/258/250
f 152/155/151 217/259/251 153/163/158
f 180/170/164 243/260/250 244/261/252
f 153/163/158 218/262/253 154/171/165
f 181/177/171 244/261/252 245/263/254
f 154/171/165 219/264/255 155/178/172
f 182/184/178 245/263/254 246/265/256
f 156/185/179 219/264/255 220/266/257
f 130/199/192 193/267/258 129/134/130
f 183/192/185 246/265/256 247/205/198
f 157/193/186 220/266/257 221/207/200
f 264/268/259 329/269/260 265/270/261
f 251/214/207 314/271/262 315/272/263
f 225/215/208 288/273/264 289/274/265
f 198/204/197 263/275/266 199/216/209
f 252/217/210 315/272/263 316/276/267
f 226/218/211 289/274/265 290/277/268
f 199/216/209 264/268/259 200/219/212
f 252/217/210 317/278/269 253/220/213
f 227/221/214 290/277/268 291/279/270
f 200/219/212 265/270/261 201/222/215
f 253/220/213 318/280/271 254/223/216
f 228/224/217 291/279/270 292/281/272
f 201/222/215 266/282/273 202/225/218
f 254/223/216 319/283/274 255/226/219
f 229/227/220 292/281/272 293/284/275
f 202/225/218 267/285/276 203/228/221
f 255/226/219 320/286/277 256/229/222
f 230/230/223 293/284/275 294/287/278
f 203/228/221 268/288/279 204/231/224
f 256/229/222 258/289/280 194/232/225
f 231/233/226 294/287/278 295/290/281
f 204/231/224 269/291/282 205/234/227
f 232/235/228 295/290/281 296/292/283
f 205/234/227 270/293/284 206/236/229
f 233/237/230 296/292/283 297/294/285
f 206/236/229 271/295/286 207/238/231
f 234/239/232 297/294/285 298/296/287
f 207/238/231 272/297/288 208/240/233
f 235/241/234 298/296/287 299/298/289
f 208/240/233 273/299/290 209/242/235
f 236/243/236 299/298/289 300/300/291
f 209/242/235 274/301/292 210/244/237
f 237/245/238 300/300/291 301/302/293
f 210/244/237 275/303/294 211/246/239
f 238/247/240 301/302/293 302/304/295
f 211/305/239 276/306/296 212/249/241
f 239/250/242 302/304/295 303/307/297
f 212/249/241 277/308/298 213/251/243
f 240/252/244 303/307/297 304/309/299
f 213/251/243 278/310/300 214/253/245
f 241/254/246 304/309/299 305/311/301
f 214/253/245 279/312/302 215/255/247
f 242/256/248 305/311/301 306/313/303
f 215/255/247 280/314/304 216/257/249
f 243/258/250 306/313/303 307/315/305
f 216/257/249 281/316/306 217/259/251
f 244/261/252 307/317/305 308/318/307
f 217/259/251 282/319/308 218/262/253
f 245/263/254 308/318/307 309/320/309
f 218/262/253 283/321/310 219/264/255
f 246/265/256 309/320/309 310/322/311
f 219/264/255 284/323/312 220/266/257
f 194/232/225 257/324/313 193/267/258
f 247/205/198 310/322/311 311/325/314
f 221/207/200 284/323/312 285/326/315
f 193/267/258 259/327/316 195/135/131
f 248/206/199 311/325/314 312/328/317
f 222/208/201 285/326/315 286/329/318
f 195/135/131 260/330/319 196/209/202
f 249/210/203 312/328/317 313/331/320
f 223/211/204 286/329/318 287/332/321
f 196/209/202 261/333/322 197/202/195
f 250/212/205 313/331/320 314/271/262
f 224/213/206 287/332/321 288/273/264
f 331/334/323 396/335/324 332/336/325
f 317/278/269 382/337/326 318/280/271
f 292/281/272 355/338/327 356/339/328
f 265/270/261 330/340/329 266/282/273
f 318/280/271 383/341/330 319/283/274
f 293/284/275 356/339/328 357/342/331
f 266/282/273 331/334/323 267/285/276
f 319/283/274 384/343/332 320/286/277
f 294/287/278 357/342/331 358/344/333
f 267/285/276 332/336/325 268/288/279
f 320/286/277 322/345/334 258/289/280
f 295/290/281 358/344/333 359/346/335
f 268/288/279 333/347/336 269/291/282
f 296/292/283 359/346/335 360/348/337
f 269/291/282 334/349/338 270/293/284
f 297/294/285 360/348/337 361/350/339
f 270/293/284 335/351/340 271/295/286
f 298/296/287 361/350/339 362/352/341
f 271/295/286 336/353/342 272/297/288
f 299/298/289 362/352/341 363/354/343
f 272/297/288 337/355/344 273/299/290
f 300/300/291 363/354/343 364/356/345
f 273/299/290 338/357/346 274/301/292
f 301/302/293 364/356/345 365/358/347
f 274/301/292 339/359/348 275/303/294
f 302/304/295 365/358/347 366/360/349
f 275/361/294 340/362/350 276/306/296
f 303/307/297 366/360/349 367/363/351
f 276/306/296 341/364/352 277/308/298
f 304/309/299 367/363/351 368/365/353
f 277/308/298 342/366/354 278/310/300
f 305/311/301 368/365/353 369/367/355
f 278/310/300 343/368/356 279/312/302
f 306/313/303 369/367/355 370/369/357
f 279/312/302 344/370/358 280/314/304
f 307/315/305 370/369/357 371/371/359
f 281/316/306 344/370/358 345/372/360
f 308/318/307 371/373/359 372/374/361
f 282/319/308 345/372/360 346/375/362
f 309/320/309 372/374/361 373/376/363
f 283/321/310 346/375/362 347/377/364
f 310/322/311 373/376/363 374/378/365
f 284/323/312 347/377/364 348/379/366
f 258/289/280 321/380/367 257/324/313
f 311/325/314 374/378/365 375/381/368
f 285/326/315 348/379/366 349/382/369
f 257/324/313 323/383/370 259/327/316
f 312/328/317 375/381/368 376/384/371
f 286/329/318 349/382/369 350/385/372
f 259/327/316 324/386/373 260/330/319
f 313/331/320 376/384/371 377/387/374
f 287/332/321 350/385/372 351/388/375
f 260/330/319 325/389/376 261/333/322
f 313/331/320 378/390/377 314/271/262
f 288/273/264 351/388/375 352/391/378
f 261/333/322 326/392/379 262/203/196
f 314/271/262 379/393/380 315/272/263
f 289/274/265 352/391/378 353/394/381
f 262/203/196 327/395/382 263/275/266
f 315/272/263 380/396/383 316/276/267
f 290/277/268 353/394/381 354/397/384
f 263/275/266 328/398/385 264/268/259
f 316/276/267 381/399/386 317/278/269
f 291/279/270 354/397/384 355/338/327
f 399/400/387 462/401/388 463/402/389
f 384/343/332 386/403/390 322/345/334
f 358/344/333 423/404/391 359/346/335
f 332/336/325 397/405/392 333/347/336
f 359/346/335 424/406/393 360/348/337
f 333/347/336 398/407/394 334/349/338
f 360/348/337 425/408/395 361/350/339
f 334/349/338 399/400/387 335/351/340
f 361/350/339 426/409/396 362/352/341
f 335/351/340 400/410/397 336/353/342
f 363/354/343 426/409/396 427/411/398
f 336/353/342 401/412/399 337/355/344
f 364/356/345 427/411/398 428/413/400
f 337/355/344 402/414/401 338/357/346
f 365/358/347 428/413/400 429/415/402
f 338/357/346 403/416/403 339/359/348
f 366/360/349 429/415/402 430/417/404
f 339/418/348 404/419/405 340/362/350
f 367/363/351 430/417/404 431/420/406
f 340/362/350 405/421/407 341/364/352
f 368/365/353 431/420/406 432/422/408
f 341/364/352 406/423/409 342/366/354
f 369/367/355 432/422/408 433/424/410
f 342/366/354 407/425/411 343/368/356
f 370/369/357 433/424/410 434/426/412
f 343/368/356 408/427/413 344/370/358
f 371/371/359 434/426/412 435/428/414
f 344/370/358 409/429/415 345/372/360
f 372/374/361 435/430/414 436/431/416
f 345/372/360 410/432/417 346/375/362
f 373/376/363 436/431/416 437/433/418
f 346/375/362 411/434/419 347/377/364
f 374/378/365 437/433/418 438/435/420
f 347/377/364 412/436/421 348/379/366
f 322/345/334 385/437/422 321/380/367
f 375/381/368 438/435/420 439/438/423
f 348/379/366 413/439/424 349/382/369
f 321/380/367 387/440/425 323/383/370
f 376/384/371 439/438/423 440/441/426
f 349/382/369 414/442/427 350/385/372
f 323/383/370 388/443/428 324/386/373
f 377/387/374 440/441/426 441/444/429
f 350/385/372 415/445/430 351/388/375
f 324/386/373 389/446/431 325/389/376
f 378/390/377 441/444/429 442/447/432
f 351/388/375 416/448/433 352/391/378
f 325/389/376 390/449/434 326/392/379
f 379/393/380 442/447/432 443/450/435
f 352/391/378 417/451/436 353/394/381
f 326/392/379 391/452/437 327/395/382
f 380/396/383 443/450/435 444/453/438
f 353/394/381 418/454/439 354/397/384
f 327/395/382 392/455/440 328/398/385
f 381/399/386 444/453/438 445/456/441
f 354/397/384 419/457/442 355/338/327
f 328/398/385 393/458/443 329/269/260
f 381/399/386 446/459/444 382/337/326
f 355/338/327 420/460/445 356/339/328
f 329/269/260 394/461/446 330/340/329
f 382/337/326 447/462/447 383/341/330
f 356/339/328 421/463/448 357/342/331
f 330/340/329 395/464/449 331/334/323
f 383/341/330 448/465/450 384/343/332
f 357/342/331 422/466/451 358/344/333
f 1346/467/452 530/468/453 1347/469/454
f 425/408/395 490/470/455 426/409/396
f 400/410/397 463/402/389 464/471/456
f 426/409/396 491/472/457 427/411/398
f 401/412/399 464/471/456 465/473/458
f 427/411/398 492/474/459 428/413/400
f 402/414/401 465/473/458 466/475/460
f 428/413/400 493/476/461 429/415/402
f 403/416/403 466/475/460 467/477/462
f 429/415/402 494/478/463 430/417/404
f 404/419/405 467/479/462 468/480/464
f 430/417/404 495/481/465 431/420/406
f 405/421/407 468/480/464 469/482/466
f 431/420/406 496/483/467 432/422/408
f 406/423/409 469/482/466 470/484/468
f 432/422/408 497/485/469 433/424/410
f 407/425/411 470/484/468 471/486/470
f 433/424/410 498/487/471 434/426/412
f 408/427/413 471/486/470 472/488/472
f 434/426/412 499/489/473 435/428/414
f 409/429/415 472/488/472 473/490/474
f 435/430/414 500/491/475 436/431/416
f 410/432/417 473/490/474 474/492/476
f 436/431/416 501/493/477 437/433/418
f 411/434/419 474/492/476 475/494/478
f 437/433/418 502/495/479 438/435/420
f 412/436/421 475/494/478 476/496/480
f 385/437/422 450/497/481 449/498/482
f 438/435/420 503/499/483 439/438/423
f 413/439/424 476/496/480 477/500/484
f 387/440/425 449/498/482 451/501/485
f 439/438/423 504/502/486 440/441/426
f 414/442/427 477/500/484 478/503/487
f 388/443/428 451/501/485 452/504/488
f 440/441/426 505/505/489 441/444/429
f 415/445/430 478/503/487 479/506/490
f 389/446/431 452/504/488 453/507/491
f 441/444/429 506/508/492 442/447/432
f 416/448/433 479/506/490 480/509/493
f 390/449/434 453/507/491 454/510/494
f 442/447/432 507/511/495 443/450/435
f 417/451/436 480/509/493 481/512/496
f 391/452/437 454/510/494 455/513/497
f 443/450/435 508/514/498 444/453/438
f 418/454/439 481/512/496 482/515/499
f 392/455/440 455/513/497 456/516/500
f 444/453/438 509/517/501 445/456/441
f 419/457/442 482/515/499 483/518/502
f 393/458/443 456/516/500 457/519/503
f 445/456/441 510/520/504 446/459/444
f 420/460/445 483/518/502 484/521/505
f 394/461/446 457/519/503 458/522/506
f 447/462/447 510/520/504 511/523/507
f 420/460/445 485/524/508 421/463/448
f 395/464/449 458/522/506 459/525/509
f 448/465/450 511/523/507 512/526/510
f 421/463/448 486/527/511 422/466/451
f 396/335/324 459/525/509 460/528/512
f 386/403/390 512/526/510 450/497/481
f 422/466/451 487/529/513 423/404/391
f 397/405/392 460/528/512 461/530/514
f 423/404/391 488/531/515 424/406/393
f 398/407/394 461/530/514 462/401/388
f 424/406/393 489/532/516 425/408/395
f 532/533/517 597/534/518 533/535/519
f 1350/536/520 557/537/521 1351/538/522
f 1347/469/454 531/539/523 1353/540/524
f 1351/538/522 558/541/525 1355/542/526
f 1353/543/524 532/533/517 1357/544/527
f 1355/542/526 559/545/528 1359/546/529
f 1357/544/527 533/535/519 1361/547/530
f 1359/546/529 560/548/531 1363/549/532
f 1361/547/530 534/550/533 1365/551/534
f 1363/549/532 561/552/535 1367/553/536
f 1365/551/534 535/554/537 1369/555/538
f 1371/556/539 561/552/535 562/557/540
f 1369/555/538 536/558/541 1373/559/542
f 1375/560/543 562/557/540 563/561/544
f 1373/559/542 537/562/545 1377/563/546
f 1379/564/547 563/565/544 564/566/548
f 1377/563/546 538/567/549 1381/568/550
f 1383/569/551 564/566/548 565/570/552
f 1381/568/550 539/571/553 1385/572/554
f 1387/573/555 565/570/552 566/574/556
f 1385/572/554 540/575/557 1389/576/558
f 1393/577/559 514/578/560 513/579/561
f 1395/580/562 566/574/556 567/581/563
f 1389/576/558 541/582/564 1397/583/565
f 1399/584/566 513/579/561 515/585/567
f 1401/586/568 567/581/563 568/587/569
f 1397/583/565 542/588/570 1403/589/571
f 1405/590/572 515/585/567 516/591/573
f 1407/592/574 568/587/569 569/593/575
f 1403/589/571 543/594/576 1409/595/577
f 1411/596/578 516/591/573 517/597/579
f 1413/598/580 569/593/575 570/599/581
f 1409/595/577 544/600/582 1415/601/583
f 1417/602/584 517/597/579 518/603/585
f 1419/604/586 570/599/581 571/605/587
f 1415/601/583 545/606/588 1421/607/589
f 1423/608/590 518/603/585 519/609/591
f 1425/610/592 571/605/587 572/611/593
f 1421/607/589 546/612/594 1427/613/595
f 1429/614/596 519/609/591 520/615/597
f 1431/616/598 572/611/593 573/617/599
f 1427/613/595 547/618/600 1433/619/601
f 1435/620/602 520/615/597 521/621/603
f 1437/622/604 573/617/599 574/623/605
f 1433/619/601 548/624/606 1439/625/607
f 1441/626/608 521/621/603 522/627/609
f 1443/628/610 574/623/605 575/629/611
f 1439/625/607 549/630/612 1445/631/613
f 1447/632/614 522/627/609 523/633/615
f 1449/634/616 575/629/611 576/635/617
f 1445/631/613 550/636/618 1451/637/619
f 1453/638/620 523/633/615 524/639/621
f 1392/640/622 576/635/617 514/578/560
f 1451/637/619 551/641/623 1455/642/624
f 1457/643/625 524/639/621 525/644/626
f 1455/642/624 552/645/627 1459/646/628
f 1461/647/629 525/644/626 526/648/630
f 1459/646/628 553/649/631 1463/650/632
f 1465/651/633 526/648/630 527/652/634
f 1463/650/632 554/653/635 1467/654/636
f 1469/655/637 527/652/634 528/656/638
f 1467/654/636 555/657/639 1471/658/640
f 1346/467/452 528/656/638 529/659/641
f 1471/658/640 556/660/642 1350/536/520
f 600/661/643 663/662/644 664/663/645
f 559/545/528 624/664/646 560/548/531
f 533/535/519 598/665/647 534/550/533
f 560/548/531 625/666/648 561/552/535
f 534/550/533 599/667/649 535/554/537
f 562/557/540 625/666/648 626/668/650
f 535/554/537 600/661/643 536/558/541
f 563/561/544 626/668/650 627/669/651
f 536/558/541 601/670/652 537/562/545
f 564/566/548 627/671/651 628/672/653
f 537/562/545 602/673/654 538/567/549
f 565/570/552 628/672/653 629/674/655
f 538/567/549 603/675/656 539/571/553
f 566/574/556 629/674/655 630/676/657
f 539/571/553 604/677/658 540/575/557
f 513/579/561 578/678/659 577/679/660
f 567/581/563 630/676/657 631/680/661
f 540/575/557 605/681/662 541/582/564
f 515/585/567 577/679/660 579/682/663
f 568/587/569 631/680/661 632/683/664
f 541/582/564 606/684/665 542/588/570
f 516/591/573 579/682/663 580/685/666
f 569/593/575 632/683/664 633/686/667
f 542/588/570 607/687/668 543/594/576
f 517/597/579 580/685/666 581/688/669
f 570/599/581 633/686/667 634/689/670
f 543/594/576 608/690/671 544/600/582
f 518/603/585 581/688/669 582/691/672
f 571/605/587 634/689/670 635/692/673
f 544/600/582 609/693/674 545/606/588
f 519/609/591 582/691/672 583/694/675
f 572/611/593 635/692/673 636/695/676
f 545/606/588 610/696/677 546/612/594
f 520/615/597 583/694/675 584/697/678
f 573/617/599 636/695/676 637/698/679
f 546/612/594 611/699/680 547/618/600
f 521/621/603 584/697/678 585/700/681
f 574/623/605 637/698/679 638/701/682
f 547/618/600 612/702/683 548/624/606
f 522/627/609 585/700/681 586/703/684
f 575/629/611 638/701/682 639/704/685
f 548/624/606 613/705/686 549/630/612
f 523/633/615 586/703/684 587/706/687
f 576/635/617 639/704/685 640/707/688
f 549/630/612 614/708/689 550/636/618
f 524/639/621 587/706/687 588/709/690
f 514/578/560 640/707/688 578/678/659
f 550/636/618 615/710/691 551/641/623
f 525/644/626 588/709/690 589/711/692
f 551/641/623 616/712/693 552/645/627
f 526/648/630 589/711/692 590/713/694
f 552/645/627 617/714/695 553/649/631
f 527/652/634 590/713/694 591/715/696
f 553/649/631 618/716/697 554/653/635
f 528/656/638 591/715/696 592/717/698
f 554/653/635 619/718/699 555/657/639
f 529/659/641 592/717/698 593/719/700
f 555/657/639 620/720/701 556/660/642
f 529/659/641 594/721/702 530/468/453
f 556/660/642 621/722/703 557/537/521
f 530/468/453 595/723/704 531/539/523
f 557/537/521 622/724/705 558/541/525
f 531/725/523 596/726/706 532/533/517
f 558/541/525 623/727/707 559/545/528
f 1218/728/708 767/729/709 1219/730/710
f 626/668/650 691/731/711 627/669/651
f 601/670/652 664/663/645 665/732/712
f 627/671/651 692/733/713 628/672/653
f 602/673/654 665/732/712 666/734/714
f 628/672/653 693/735/715 629/674/655
f 603/675/656 666/734/714 667/736/716
f 629/674/655 694/737/717 630/676/657
f 604/677/658 667/736/716 668/738/718
f 578/678/659 641/739/719 577/679/660
f 630/676/657 695/740/720 631/680/661
f 605/681/662 668/738/718 669/741/721
f 577/679/660 643/742/722 579/682/663
f 631/680/661 696/743/723 632/683/664
f 606/684/665 669/741/721 670/744/724
f 579/682/663 644/745/725 580/685/666
f 632/683/664 697/746/726 633/686/667
f 607/687/668 670/744/724 671/747/727
f 580/685/666 645/748/728 581/688/669
f 633/686/667 698/749/729 634/689/670
f 608/690/671 671/747/727 672/750/730
f 581/688/669 646/751/731 582/691/672
f 634/689/670 699/752/732 635/692/673
f 609/693/674 672/750/730 673/753/733
f 582/691/672 647/754/734 583/694/675
f 635/692/673 700/755/735 636/695/676
f 610/696/677 673/753/733 674/756/736
f 583/694/675 648/757/737 584/697/678
f 636/695/676 701/758/738 637/698/679
f 611/699/680 674/756/736 675/759/739
f 584/697/678 649/760/740 585/700/681
f 637/698/679 702/761/741 638/701/682
f 612/702/683 675/759/739 676/762/742
f 585/700/681 650/763/743 586/703/684
f 638/701/682 703/764/744 639/704/685
f 613/705/686 676/762/742 677/765/745
f 586/703/684 651/766/746 587/706/687
f 639/704/685 704/767/747 640/707/688
f 614/708/689 677/765/745 678/768/748
f 587/706/687 652/769/749 588/709/690
f 640/707/688 642/770/750 578/678/659
f 615/710/691 678/768/748 679/771/751
f 588/709/690 653/772/752 589/711/692
f 616/712/693 679/771/751 680/773/753
f 589/711/692 654/774/754 590/713/694
f 617/714/695 680/773/753 681/775/755
f 590/713/694 655/776/756 591/715/696
f 618/716/697 681/775/755 682/777/757
f 591/715/696 656/778/758 592/717/698
f 619/718/699 682/777/757 683/779/759
f 592/717/698 657/780/760 593/719/700
f 620/720/701 683/779/759 684/781/761
f 594/721/702 657/780/760 658/782/762
f 621/722/703 684/781/761 685/783/763
f 595/723/704 658/782/762 659/784/764
f 622/724/705 685/783/763 686/785/765
f 596/726/706 659/786/764 660/787/766
f 623/727/707 686/785/765 687/788/767
f 597/534/518 660/787/766 661/789/768
f 624/664/646 687/788/767 688/790/769
f 598/665/647 661/789/768 662/791/770
f 625/666/648 688/790/769 689/792/771
f 599/667/649 662/791/770 663/662/644
f 625/666/648 690/793/772 626/668/650
f 1027/794/773 808/795/774 1028/796/775
f 1223/797/776 740/798/777 741/799/778
f 1226/800/779 715/801/780 1227/802/781
f 1219/730/710 768/803/782 1229/804/783
f 1231/805/784 741/799/778 742/806/785
f 1227/802/781 716/807/786 1233/808/787
f 1229/804/783 706/809/788 1235/810/789
f 1237/811/790 742/806/785 743/812/791
f 1233/808/787 717/813/792 1239/814/793
f 1241/815/794 743/812/791 744/816/795
f 1239/814/793 718/817/796 1243/818/797
f 1245/819/798 744/816/795 745/820/799
f 1243/818/797 719/821/800 1247/822/801
f 1249/823/802 745/820/799 746/824/803
f 1247/822/801 720/825/804 1251/826/805
f 1253/827/806 746/824/803 747/828/807
f 1251/826/805 721/829/808 1255/830/809
f 1257/831/810 747/828/807 748/832/811
f 1259/833/812 721/829/808 722/834/813
f 1261/835/814 748/832/811 749/836/815
f 1263/837/816 722/834/813 723/838/817
f 1265/839/818 749/836/815 750/840/819
f 1267/841/820 723/842/817 724/843/821
f 1269/844/822 750/840/819 751/845/823
f 1271/846/824 724/843/821 725/847/825
f 1273/848/826 751/845/823 752/849/827
f 1275/850/828 725/847/825 726/851/829
f 1277/852/830 752/849/827 753/853/831
f 1279/854/832 726/851/829 727/855/833
f 1277/852/830 754/856/834 1281/857/835
f 1283/858/836 727/855/833 728/859/837
f 1281/857/835 755/860/838 1285/861/839
f 1287/862/840 728/859/837 729/863/841
f 1285/864/839 756/865/842 1289/866/843
f 1291/867/844 729/863/841 730/868/845
f 1289/866/843 757/869/846 1293/870/847
f 1295/871/848 730/868/845 731/872/849
f 1293/870/847 758/873/850 1297/874/851
f 1299/875/852 731/872/849 732/876/853
f 1235/810/789 705/877/854 1301/878/855
f 1297/874/851 759/879/856 1303/880/857
f 1305/881/858 732/876/853 733/882/859
f 1301/878/855 707/883/860 1307/884/861
f 1303/880/857 760/885/862 1309/886/863
f 1311/887/864 733/882/859 734/888/865
f 1307/884/861 708/889/866 1313/890/867
f 1309/886/863 761/891/868 1315/892/869
f 1317/893/870 734/888/865 735/894/871
f 1313/890/867 709/895/872 1319/896/873
f 1315/892/869 762/897/874 1321/898/875
f 1323/899/876 735/894/871 736/900/877
f 1319/896/873 710/901/878 1325/902/879
f 1321/898/875 763/903/880 1327/904/881
f 1329/905/882 736/900/877 737/906/883
f 1325/902/879 711/907/884 1331/908/885
f 1327/904/881 764/909/886 1333/910/887
f 1335/911/888 737/906/883 738/912/889
f 1331/908/885 712/913/890 1337/914/891
f 1333/910/887 765/915/892 1339/916/893
f 1341/917/894 738/912/889 739/918/895
f 1337/914/891 713/919/896 1343/920/897
f 1339/916/893 766/921/898 1218/728/708
f 1222/922/899 739/918/895 740/798/777
f 1343/920/897 714/923/900 1226/800/779
f 1034/927/904 781/928/905 782/929/906
f 1028/796/775 809/930/907 1037/931/908
f 1040/932/909 782/929/906 783/933/910
f 1037/931/908 810/934/911 1043/935/912
f 1046/936/913 783/933/910 784/937/914
f 1043/935/912 811/938/915 1049/939/916
f 1052/940/917 784/937/914 785/941/918
f 1049/939/916 812/942/919 1055/943/920
f 1052/940/917 786/944/921 1058/945/922
f 1055/943/920 813/946/923 1061/947/924
f 1058/945/922 787/948/925 1064/949/926
f 1061/947/924 814/950/927 1067/951/928
f 1064/952/926 788/953/929 1070/954/930
f 1067/951/928 815/955/931 1073/956/932
f 1070/954/930 789/957/933 1076/958/934
f 1073/956/932 816/959/935 1079/960/936
f 1076/958/934 790/961/937 1082/962/938
f 1079/960/936 817/963/939 1085/964/940
f 1082/962/938 791/965/941 1088/966/942
f 1091/967/943 817/963/939 818/968/944
f 1088/966/942 792/969/945 1094/970/946
f 1097/971/947 818/968/944 819/972/948
f 1094/970/946 793/973/949 1100/974/950
f 1103/975/951 819/976/948 820/977/952
f 1100/974/950 794/978/953 1106/979/954
f 1109/980/955 820/977/952 821/981/956
f 1106/979/954 795/982/957 1112/983/958
f 1115/984/959 821/981/956 822/985/960
f 1112/983/958 796/986/961 1118/987/962
f 1124/988/963 770/989/964 769/990/965
f 1127/991/966 822/985/960 823/992/967
f 1118/987/962 797/993/968 1130/994/969
f 1133/995/970 769/990/965 771/996/971
f 1136/997/972 823/992/967 824/998/973
f 1130/994/969 798/999/974 1139/1000/975
f 1142/1001/976 771/996/971 772/1002/977
f 1145/1003/978 824/998/973 825/1004/979
f 1139/1000/975 799/1005/980 1148/1006/981
f 1151/1007/982 772/1002/977 773/1008/983
f 1154/1009/984 825/1004/979 826/1010/985
f 1148/1006/981 800/1011/986 1157/1012/987
f 1160/1013/988 773/1008/983 774/1014/989
f 1163/1015/990 826/1010/985 827/1016/991
f 1157/1012/987 801/1017/992 1166/1018/993
f 1169/1019/994 774/1014/989 775/1020/995
f 1172/1021/996 827/1016/991 828/1022/997
f 1166/1018/993 802/1023/998 1175/1024/999
f 1178/1025/1000 775/1020/995 776/1026/1001
f 1181/1027/1002 828/1022/997 829/1028/1003
f 1175/1024/999 803/1029/1004 1184/1030/1005
f 1187/1031/1006 776/1026/1001 777/1032/1007
f 1190/1033/1008 829/1028/1003 830/1034/1009
f 1184/1030/1005 804/1035/1010 1193/1036/1011
f 1196/1037/1012 777/1032/1007 778/1038/1013
f 1199/1039/1014 830/1034/1009 831/1040/1015
f 1193/1036/1011 805/1041/1016 1202/1042/1017
f 1205/1043/1018 778/1038/1013 779/1044/1019
f 1208/1045/1020 831/1040/1015 832/1046/1021
f 1202/1042/1017 806/1047/1022 1211/1048/1023
f 1214/1049/1024 779/1044/1019 780/1050/1025
f 1123/1051/1026 832/1046/1021 770/989/964
f 1211/1048/1023 807/1052/1027 1027/794/773
f 1033/1053/1028 780/1050/1025 781/928/905
f 717/813/792 1216/1312/1287 1031/1313/1288
f 1031/1313/1288 1215/1314/1289 1032/1315/1290
f 1032/1315/1290 1214/1049/1024 1033/1053/1028
f 742/806/785 1025/1316/1291 743/812/791
f 1213/1317/1292 1026/1318/1293 1025/1316/1291
f 1212/1319/1294 1027/794/773 1026/1318/1293
f 706/809/788 1210/1320/1295 1121/1321/1296
f 1121/1321/1296 1209/1322/1297 1122/1323/1298
f 1122/1323/1298 1208/1045/1020 1123/1051/1026
f 716/807/786 1207/1324/1299 1216/1312/1287
f 1216/1312/1287 1206/1325/1300 1215/1314/1289
f 1215/1314/1289 1205/1043/1018 1214/1049/1024
f 741/799/778 1213/1317/1292 742/806/785
f 1204/1326/1301 1212/1319/1294 1213/1317/1292
f 1203/1327/1302 1211/1048/1023 1212/1319/1294
f 768/803/782 1201/1328/1303 1210/1320/1295
f 1210/1320/1295 1200/1329/1304 1209/1322/1297
f 1209/1322/1297 1199/1039/1014 1208/1045/1020
f 715/801/780 1198/1330/1305 1207/1324/1299
f 1207/1324/1299 1197/1331/1306 1206/1325/1300
f 1206/1325/1300 1196/1037/1012 1205/1043/1018
f 740/798/777 1204/1326/1301 741/799/778
f 1195/1332/1307 1203/1327/1302 1204/1326/1301
f 1194/1333/1308 1202/1042/1017 1203/1327/1302
f 767/729/709 1192/1334/1309 1201/1328/1303
f 1201/1328/1303 1191/1335/1310 1200/1329/1304
f 1200/1329/1304 1190/1033/1008 1199/1039/1014
f 714/923/900 1189/1336/1311 1198/1330/1305
f 1198/1330/1305 1188/1337/1312 1197/1331/1306
f 1197/1331/1306 1187/1031/1006 1196/1037/1012
f 739/918/895 1195/1332/1307 740/798/777
f 1186/1338/1313 1194/1333/1308 1195/1332/1307
f 1185/1339/1314 1193/1036/1011 1194/1333/1308
f 766/921/898 1183/1340/1315 1192/1334/1309
f 1192/1334/1309 1182/1341/1316 1191/1335/1310
f 1191/1335/1310 1181/1027/1002 1190/1033/1008
f 713/919/896 1180/1342/1317 1189/1336/1311
f 1189/1336/1311 1179/1343/1318 1188/1337/1312
f 1188/1337/1312 1178/1025/1000 1187/1031/1006
f 738/912/889 1186/1338/1313 739/918/895
f 1177/1344/1319 1185/1339/1314 1186/1338/1313
f 1176/1345/1320 1184/1030/1005 1185/1339/1314
f 765/915/892 1174/1346/1321 1183/1340/1315
f 1183/1340/1315 1173/1347/1322 1182/1341/1316
f 1182/1341/1316 1172/1021/996 1181/1027/1002
f 712/913/890 1171/1348/1323 1180/1342/1317
f 1180/1342/1317 1170/1349/1324 1179/1343/1318
f 1179/1343/1318 1169/1019/994 1178/1025/1000
f 737/906/883 1177/1344/1319 738/912/889
f 1168/1350/1325 1176/1345/1320 1177/1344/1319
f 1167/1351/1326 1175/1024/999 1176/1345/1320
f 764/909/886 1165/1352/1327 1174/1346/1321
f 1174/1346/1321 1164/1353/1328 1173/1347/1322
f 1173/1347/1322 1163/1015/990 1172/1021/996
f 711/907/884 1162/1354/1329 1171/1348/1323
f 1171/1348/1323 1161/1355/1330 1170/1349/1324
f 1170/1349/1324 1160/1013/988 1169/1019/994
f 736/900/877 1168/1350/1325 737/906/883
f 1159/1356/1331 1167/1351/1326 1168/1350/1325
f 1158/1357/1332 1166/1018/993 1167/1351/1326
f 763/903/880 1156/1358/1333 1165/1352/1327
f 1165/1352/1327 1155/1359/1334 1164/1353/1328
f 1164/1353/1328 1154/1009/984 1163/1015/990
f 710/901/878 1153/1360/1335 1162/1354/1329
f 1162/1354/1329 1152/1361/1336 1161/1355/1330
f 1161/1355/1330 1151/1007/982 1160/1013/988
f 735/894/871 1159/1356/1331 736/900/877
f 1150/1362/1337 1158/1357/1332 1159/1356/1331
f 1149/1363/1338 1157/1012/987 1158/1357/1332
f 762/897/874 1147/1364/1339 1156/1358/1333
f 1156/1358/1333 1146/1365/1340 1155/1359/1334
f 1155/1359/1334 1145/1003/978 1154/1009/984
f 709/895/872 1144/1366/1341 1153/1360/1335
f 1153/1360/1335 1143/1367/1342 1152/1361/1336
f 1152/1361/1336 1142/1001/976 1151/1007/982
f 734/888/865 1150/1362/1337 735/894/871
f 1141/1368/1343 1149/1363/1338 1150/1362/1337
f 1140/1369/1344 1148/1006/981 1149/1363/1338
f 761/891/868 1138/1370/1345 1147/1364/1339
f 1147/1364/1339 1137/1371/1346 1146/1365/1340
f 1146/1365/1340 1136/997/972 1145/1003/978
f 708/889/866 1135/1372/1347 1144/1366/1341
f 1144/1366/1341 1134/1373/1348 1143/1367/1342
f 1143/1367/1342 1133/995/970 1142/1001/976
f 733/882/859 1141/1368/1343 734/888/865
f 1132/1374/1349 1140/1369/1344 1141/1368/1343
f 1131/1375/1350 1139/1000/975 1140/1369/1344
f 760/885/862 1129/1376/1351 1138/1370/1345
f 1138/1370/1345 1128/1377/1352 1137/1371/1346
f 1137/1371/1346 1127/991/966 1136/997/972
f 707/883/860 1126/1378/1353 1135/1372/1347
f 1135/1372/1347 1125/1379/1354 1134/1373/1348
f 1134/1373/1348 1124/988/963 1133/995/970
f 732/876/853 1132/1374/1349 733/882/859
f 1120/1380/1355 1131/1375/1350 1132/1374/1349
f 1119/1381/1356 1130/994/969 1131/1375/1350
f 759/879/856 1117/1382/1357 1129/1376/1351
f 1129/1376/1351 1116/1383/1358 1128/1377/1352
f 1128/1377/1352 1115/984/959 1127/991/966
f 705/877/854 1121/1321/1296 1126/1378/1353
f 1126/1378/1353 1122/1323/1298 1125/1379/1354
f 1125/1379/1354 1123/1051/1026 1124/988/963
f 731/872/849 1120/1380/1355 732/876/853
f 1114/1384/1359 1119/1381/1356 1120/1380/1355
f 1113/1385/1360 1118/987/962 1119/1381/1356
f 758/873/850 1111/1386/1361 1117/1382/1357
f 1117/1382/1357 1110/1387/1362 1116/1383/1358
f 1116/1383/1358 1109/980/955 1115/984/959
f 730/868/845 1114/1384/1359 731/872/849
f 1108/1388/1363 1113/1385/1360 1114/1384/1359
f 1107/1389/1364 1112/983/958 1113/1385/1360
f 757/869/846 1105/1390/1365 1111/1386/1361
f 1111/1386/1361 1104/1391/1366 1110/1387/1362
f 1110/1387/1362 1103/975/951 1109/980/955
f 729/863/841 1108/1388/1363 730/868/845
f 1102/1392/1367 1107/1389/1364 1108/1388/1363
f 1101/1393/1368 1106/979/954 1107/1389/1364
f 756/865/842 1099/1394/1369 1105/1390/1365
f 1105/1390/1365 1098/1395/1370 1104/1391/1366
f 1104/1391/1366 1097/1396/947 1103/975/951
f 728/859/837 1102/1392/1367 729/863/841
f 1096/1397/1371 1101/1393/1368 1102/1392/1367
f 1095/1398/1372 1100/974/950 1101/1393/1368
f 755/860/838 1093/1399/1373 1099/1400/1369
f 1099/1400/1369 1092/1401/1374 1098/1402/1370
f 1098/1402/1370 1091/967/943 1097/971/947
f 727/855/833 1096/1397/1371 728/859/837
f 1090/1403/1375 1095/1398/1372 1096/1397/1371
f 1089/1404/1376 1094/970/946 1095/1398/1372
f 754/856/834 1087/1405/1377 1093/1399/1373
f 1093/1399/1373 1086/1406/1378 1092/1401/1374
f 1092/1401/1374 1085/964/940 1091/967/943
f 726/851/829 1090/1403/1375 727/855/833
f 1084/1407/1379 1089/1404/1376 1090/1403/1375
f 1083/1408/1380 1088/966/942 1089/1404/1376
f 752/849/827 1087/1405/1377 753/853/831
f 1081/1409/1381 1086/1406/1378 1087/1405/1377
f 1080/1410/1382 1085/964/940 1086/1406/1378
f 725/847/825 1084/1407/1379 726/851/829
f 1078/1411/1383 1083/1408/1380 1084/1407/1379
f 1077/1412/1384 1082/962/938 1083/1408/1380
f 751/845/823 1081/1409/1381 752/849/827
f 1075/1413/1385 1080/1410/1382 1081/1409/1381
f 1074/1414/1386 1079/960/936 1080/1410/1382
f 724/843/821 1078/1411/1383 725/847/825
f 1072/1415/1387 1077/1412/1384 1078/1411/1383
f 1071/1416/1388 1076/958/934 1077/1412/1384
f 750/840/819 1075/1413/1385 751/845/823
f 1069/1417/1389 1074/1414/1386 1075/1413/1385
f 1068/1418/1390 1073/956/932 1074/1414/1386
f 723/842/817 1072/1415/1387 724/843/821
f 1066/1419/1391 1071/1416/1388 1072/1415/1387
f 1065/1420/1392 1070/954/930 1071/1416/1388
f 749/836/815 1069/1417/1389 750/840/819
f 1063/1421/1393 1068/1418/1390 1069/1417/1389
f 1062/1422/1394 1067/951/928 1068/1418/1390
f 722/834/813 1066/1423/1391 723/838/817
f 1060/1424/1395 1065/1425/1392 1066/1423/1391
f 1059/1426/1396 1064/949/926 1065/1425/1392
f 748/832/811 1063/1421/1393 749/836/815
f 1057/1427/1397 1062/1422/1394 1063/1421/1393
f 1056/1428/1398 1061/947/924 1062/1422/1394
f 721/829/808 1060/1424/1395 722/834/813
f 1054/1429/1399 1059/1426/1396 1060/1424/1395
f 1053/1430/1400 1058/945/922 1059/1426/1396
f 747/828/807 1057/1427/1397 748/832/811
f 1051/1431/1401 1056/1428/1398 1057/1427/1397
f 1050/1432/1402 1055/943/920 1056/1428/1398
f 721/829/808 1048/1433/1403 1054/1429/1399
f 1054/1429/1399 1047/1434/1404 1053/1430/1400
f 1053/1430/1400 1046/936/913 1052/940/917
f 746/824/803 1051/1431/1401 747/828/807
f 1045/1435/1405 1050/1432/1402 1051/1431/1401
f 1044/1436/1406 1049/939/916 1050/1432/1402
f 720/825/804 1042/1437/1407 1048/1433/1403
f 1048/1433/1403 1041/1438/1408 1047/1434/1404
f 1047/1434/1404 1040/932/909 1046/936/913
f 745/820/799 1045/1435/1405 746/824/803
f 1039/1439/1409 1044/1436/1406 1045/1435/1405
f 1038/1440/1410 1043/935/912 1044/1436/1406
f 719/821/800 1036/1441/1411 1042/1437/1407
f 1042/1437/1407 1035/1442/1412 1041/1438/1408
f 1041/1438/1408 1034/927/904 1040/932/909
f 744/816/795 1039/1439/1409 745/820/799
f 1030/1443/1413 1038/1440/1410 1039/1439/1409
f 1029/1444/1414 1037/931/908 1038/1440/1410
f 718/817/796 1031/1313/1288 1036/1441/1411
f 1036/1441/1411 1032/1315/1290 1035/1442/1412
f 1035/1442/1412 1033/1053/1028 1034/927/904
f 743/812/791 1030/1443/1413 744/816/795
f 1025/1316/1291 1029/1444/1414 1030/1443/1413
f 1026/1318/1293 1028/796/775 1029/1444/1414
f 649/1445/1415 1225/1446/1416 650/1447/1417
f 1344/1448/1418 1226/800/779 1225/1446/1416
f 676/1449/1419 1342/1450/1420 1221/1451/1421
f 1221/1451/1421 1341/917/894 1222/922/899
f 701/1452/1422 1217/1453/1423 702/1454/1424
f 1340/1455/1425 1218/728/708 1217/1453/1423
f 648/1456/1426 1344/1448/1418 649/1445/1415
f 1338/1457/1427 1343/920/897 1344/1448/1418
f 675/1458/1428 1336/1459/1429 1342/1450/1420
f 1342/1450/1420 1335/911/888 1341/917/894
f 700/1460/1430 1340/1455/1425 701/1452/1422
f 1334/1461/1431 1339/916/893 1340/1455/1425
f 647/1462/1432 1338/1457/1427 648/1456/1426
f 1332/1463/1433 1337/914/891 1338/1457/1427
f 674/1464/1434 1330/1465/1435 1336/1459/1429
f 1336/1459/1429 1329/905/882 1335/911/888
f 699/1466/1436 1334/1461/1431 700/1460/1430
f 1328/1467/1437 1333/910/887 1334/1461/1431
f 646/1468/1438 1332/1463/1433 647/1462/1432
f 1326/1469/1439 1331/908/885 1332/1463/1433
f 673/1470/1440 1324/1471/1441 1330/1465/1435
f 1330/1465/1435 1323/899/876 1329/905/882
f 698/1472/1442 1328/1467/1437 699/1466/1436
f 1322/1473/1443 1327/904/881 1328/1467/1437
f 645/1474/1444 1326/1469/1439 646/1468/1438
f 1320/1475/1445 1325/902/879 1326/1469/1439
f 672/1476/1446 1318/1477/1447 1324/1471/1441
f 1324/1471/1441 1317/893/870 1323/899/876
f 697/1478/1448 1322/1473/1443 698/1472/1442
f 1316/1479/1449 1321/898/875 1322/1473/1443
f 644/1480/1450 1320/1475/1445 645/1474/1444
f 1314/1481/1451 1319/896/873 1320/1475/1445
f 671/1482/1452 1312/1483/1453 1318/1477/1447
f 1318/1477/1447 1311/887/864 1317/893/870
f 696/1484/1454 1316/1479/1449 697/1478/1448
f 1310/1485/1455 1315/892/869 1316/1479/1449
f 643/1486/1456 1314/1481/1451 644/1480/1450
f 1308/1487/1457 1313/890/867 1314/1481/1451
f 670/1488/1458 1306/1489/1459 1312/1483/1453
f 1312/1483/1453 1305/881/858 1311/887/864
f 695/1490/1460 1310/1485/1455 696/1484/1454
f 1304/1491/1461 1309/886/863 1310/1485/1455
f 641/1492/1462 1308/1487/1457 643/1486/1456
f 1302/1493/1463 1307/884/861 1308/1487/1457
f 669/1494/1464 1300/1495/1465 1306/1489/1459
f 1306/1489/1459 1299/875/852 1305/881/858
f 694/1496/1466 1304/1491/1461 695/1490/1460
f 1298/1497/1467 1303/880/857 1304/1491/1461
f 642/1498/1468 1302/1493/1463 641/1492/1462
f 1236/1499/1469 1301/878/855 1302/1493/1463
f 668/1500/1470 1296/1501/1471 1300/1495/1465
f 1300/1495/1465 1295/871/848 1299/875/852
f 693/1502/1472 1298/1497/1467 694/1496/1466
f 1294/1503/1473 1297/874/851 1298/1497/1467
f 667/1504/1474 1292/1505/1475 1296/1501/1471
f 1296/1501/1471 1291/867/844 1295/871/848
f 692/1506/1476 1294/1503/1473 693/1502/1472
f 1290/1507/1477 1293/870/847 1294/1503/1473
f 666/1508/1478 1288/1509/1479 1292/1505/1475
f 1292/1505/1475 1287/862/840 1291/867/844
f 691/1510/1480 1290/1507/1477 692/1506/1476
f 1286/1511/1481 1289/866/843 1290/1507/1477
f 665/1512/1482 1284/1513/1483 1288/1509/1479
f 1288/1509/1479 1283/858/836 1287/862/840
f 690/1514/1484 1286/1515/1481 691/1516/1480
f 1282/1517/1485 1285/861/839 1286/1515/1481
f 664/1518/1486 1280/1519/1487 1284/1513/1483
f 1284/1513/1483 1279/854/832 1283/858/836
f 689/1520/1488 1282/1517/1485 690/1514/1484
f 1278/1521/1489 1281/857/835 1282/1517/1485
f 663/1522/1490 1276/1523/1491 1280/1519/1487
f 1280/1519/1487 1275/850/828 1279/854/832
f 689/1520/1488 1274/1524/1492 1278/1521/1489
f 1278/1521/1489 1273/848/826 1277/852/830
f 662/1525/1493 1272/1526/1494 1276/1523/1491
f 1276/1523/1491 1271/846/824 1275/850/828
f 688/1527/1495 1270/1528/1496 1274/1524/1492
f 1274/1524/1492 1269/844/822 1273/848/826
f 661/1529/1497 1268/1530/1498 1272/1526/1494
f 1272/1526/1494 1267/841/820 1271/846/824
f 687/1531/1499 1266/1532/1500 1270/1528/1496
f 1270/1528/1496 1265/839/818 1269/844/822
f 660/1533/1501 1264/1534/1502 1268/1530/1498
f 1268/1530/1498 1263/1535/816 1267/841/820
f 686/1536/1503 1262/1537/1504 1266/1532/1500
f 1266/1532/1500 1261/835/814 1265/839/818
f 659/1538/1505 1260/1539/1506 1264/1540/1502
f 1264/1540/1502 1259/833/812 1263/837/816
f 685/1541/1507 1258/1542/1508 1262/1537/1504
f 1262/1537/1504 1257/831/810 1261/835/814
f 658/1543/1509 1256/1544/1510 1260/1539/1506
f 1260/1539/1506 1255/830/809 1259/833/812
f 684/1545/1511 1254/1546/1512 1258/1542/1508
f 1258/1542/1508 1253/827/806 1257/831/810
f 656/1547/1513 1256/1544/1510 657/1548/1514
f 1252/1549/1515 1255/830/809 1256/1544/1510
f 683/1550/1516 1250/1551/1517 1254/1546/1512
f 1254/1546/1512 1249/823/802 1253/827/806
f 655/1552/1518 1252/1549/1515 656/1547/1513
f 1248/1553/1519 1251/826/805 1252/1549/1515
f 682/1554/1520 1246/1555/1521 1250/1551/1517
f 1250/1551/1517 1245/819/798 1249/823/802
f 654/1556/1522 1248/1553/1519 655/1552/1518
f 1244/1557/1523 1247/822/801 1248/1553/1519
f 681/1558/1524 1242/1559/1525 1246/1555/1521
f 1246/1555/1521 1241/815/794 1245/819/798
f 653/1560/1526 1244/1557/1523 654/1556/1522
f 1240/1561/1527 1243/818/797 1244/1557/1523
f 680/1562/1528 1238/1563/1529 1242/1559/1525
f 1242/1559/1525 1237/811/790 1241/815/794
f 652/1564/1530 1240/1561/1527 653/1560/1526
f 1234/1565/1531 1239/814/793 1240/1561/1527
f 679/1566/1532 1232/1567/1533 1238/1563/1529
f 1238/1563/1529 1231/805/784 1237/811/790
f 704/1568/1534 1236/1499/1469 642/1498/1468
f 1230/1569/1535 1235/810/789 1236/1499/1469
f 651/1570/1536 1234/1565/1531 652/1564/1530
f 1228/1571/1537 1233/808/787 1234/1565/1531
f 678/1572/1538 1224/1573/1539 1232/1567/1533
f 1232/1567/1533 1223/797/776 1231/805/784
f 703/1574/1540 1230/1569/1535 704/1568/1534
f 1220/1575/1541 1229/804/783 1230/1569/1535
f 650/1447/1417 1228/1571/1537 651/1570/1536
f 1225/1446/1416 1227/802/781 1228/1571/1537
f 677/1576/1542 1221/1451/1421 1224/1573/1539
f 1224/1573/1539 1222/922/899 1223/797/776
f 702/1454/1424 1220/1575/1541 703/1574/1540
f 1217/1453/1423 1219/730/710 1220/1575/1541
f 492/474/459 1472/1577/1543 1349/1578/1544
f 1407/1579/1545 1541/1580/1546 1535/1581/1547
f 464/471/456 1345/1582/1548 465/473/458
f 1360/1583/1549 1484/1584/1550 1488/1585/1551
f 491/472/457 1468/1586/1552 1472/1577/1543
f 1463/1587/1553 1587/1588/1554 1459/1589/1555
f 463/402/389 1470/1590/1556 464/471/456
f 1408/1591/1557 1542/1592/1558 1414/1593/1559
f 490/470/455 1464/1594/1560 1468/1586/1552
f 1361/1595/1561 1485/1596/1562 1357/1597/1563
f 462/401/388 1466/1598/1564 463/402/389
f 1464/1599/1565 1588/1600/1566 1592/1601/1567
f 489/532/516 1460/1602/1568 1464/1594/1560
f 1415/1603/1569 1537/1604/1570 1409/1605/1571
f 461/530/514 1462/1606/1572 462/401/388
f 1362/1607/1573 1486/1608/1574 1490/1609/1575
f 488/531/515 1456/1610/1576 1460/1602/1568
f 1461/1611/1577 1593/1612/1578 1589/1613/1579
f 460/528/512 1458/1614/1580 461/530/514
f 1416/1615/1581 1538/1616/1582 1544/1617/1583
f 487/529/513 1452/1618/1584 1456/1610/1576
f 1363/1619/1585 1487/1620/1586 1359/1621/1587
f 512/526/510 1391/1622/1588 450/497/481
f 1462/1623/1589 1594/1624/1590 1466/1625/1591
f 459/525/509 1454/1626/1592 460/528/512
f 1411/1627/1593 1545/1628/1594 1539/1629/1595
f 486/527/511 1446/1630/1596 1452/1618/1584
f 1364/1631/1597 1488/1585/1551 1492/1632/1598
f 511/523/507 1450/1633/1599 512/526/510
f 1467/1634/1600 1591/1635/1601 1463/1587/1553
f 458/522/506 1448/1636/1602 459/525/509
f 1412/1637/1603 1546/1638/1604 1418/1639/1605
f 485/524/508 1440/1640/1606 1446/1630/1596
f 1365/1641/1607 1489/1642/1608 1361/1595/1561
f 510/520/504 1444/1643/1609 511/523/507
f 1468/1644/1610 1592/1601/1567 1596/1645/1611
f 457/519/503 1442/1646/1612 458/522/506
f 1413/1647/1613 1547/1648/1614 1541/1580/1546
f 484/521/505 1434/1649/1615 1440/1640/1606
f 1366/1650/1616 1490/1609/1575 1494/1651/1617
f 509/517/501 1438/1652/1618 510/520/504
f 1465/1653/1619 1597/1654/1620 1593/1612/1578
f 456/516/500 1436/1655/1621 457/519/503
f 1414/1593/1559 1548/1656/1622 1420/1657/1623
f 483/518/502 1428/1658/1624 1434/1649/1615
f 1367/1659/1625 1491/1660/1626 1363/1619/1585
f 508/514/498 1432/1661/1627 509/517/501
f 1466/1625/1591 1598/1662/1628 1470/1663/1629
f 455/513/497 1430/1664/1630 456/516/500
f 1421/1665/1631 1543/1666/1632 1415/1603/1569
f 482/515/499 1422/1667/1633 1428/1658/1624
f 1368/1668/1634 1492/1632/1598 1496/1669/1635
f 507/511/495 1426/1670/1636 508/514/498
f 1471/1671/1637 1595/1672/1638 1467/1634/1600
f 454/510/494 1424/1673/1639 455/513/497
f 1422/1674/1640 1544/1617/1583 1550/1675/1641
f 481/512/496 1416/1676/1642 1422/1667/1633
f 1369/1677/1643 1493/1678/1644 1365/1641/1607
f 506/508/492 1420/1679/1645 507/511/495
f 1472/1680/1646 1596/1645/1611 1600/1681/1647
f 453/507/491 1418/1682/1648 454/510/494
f 1417/1683/1649 1551/1684/1650 1545/1628/1594
f 480/509/493 1410/1685/1651 1416/1676/1642
f 1370/1686/1652 1494/1651/1617 1498/1687/1653
f 505/505/489 1414/1688/1654 506/508/492
f 1469/1689/1655 1474/1690/1656 1597/1654/1620
f 452/504/488 1412/1691/1657 453/507/491
f 1418/1639/1605 1552/1692/1658 1424/1693/1659
f 479/506/490 1404/1694/1660 1410/1685/1651
f 1367/1659/1625 1499/1695/1661 1495/1696/1625
f 504/502/486 1408/1697/1662 505/505/489
f 1470/1663/1629 1473/1698/1663 1345/1699/1664
f 451/501/485 1406/1700/1665 452/504/488
f 1419/1701/1666 1553/1702/1667 1547/1648/1614
f 478/503/487 1398/1703/1668 1404/1694/1660
f 1368/1668/1634 1500/1704/1669 1372/1705/1670
f 503/499/483 1402/1706/1671 504/502/486
f 1350/1707/1672 1599/1708/1673 1471/1671/1637
f 449/498/482 1400/1709/1674 451/501/485
f 1420/1657/1623 1554/1710/1675 1426/1711/1676
f 477/500/484 1390/1712/1677 1398/1703/1668
f 1373/1713/1678 1497/1714/1679 1369/1677/1643
f 502/495/479 1396/1715/1680 503/499/483
f 1349/1716/1681 1600/1681/1647 1477/1717/1682
f 450/497/481 1394/1718/1683 449/498/482
f 1427/1719/1684 1549/1720/1685 1421/1665/1631
f 476/496/480 1386/1721/1686 1390/1712/1677
f 1374/1722/1687 1498/1687/1653 1502/1723/1688
f 501/493/477 1388/1724/1689 502/495/479
f 1428/1725/1690 1550/1675/1641 1556/1726/1691
f 475/494/478 1382/1727/1692 1386/1721/1686
f 1371/1728/1693 1503/1729/1694 1499/1695/1661
f 500/491/475 1384/1730/1695 501/493/477
f 1423/1731/1696 1557/1732/1697 1551/1684/1650
f 474/492/476 1378/1733/1698 1382/1727/1692
f 1372/1705/1670 1504/1734/1699 1376/1735/1700
f 499/1736/473 1380/1737/1701 500/491/475
f 1424/1693/1659 1558/1738/1702 1430/1739/1703
f 473/490/474 1374/1740/1704 1378/1733/1698
f 1377/1741/1705 1501/1742/1706 1373/1713/1678
f 498/487/471 1376/1743/1707 499/489/473
f 1425/1744/1708 1559/1745/1709 1553/1702/1667
f 472/488/472 1370/1746/1710 1374/1740/1704
f 1378/1747/1711 1502/1723/1688 1506/1748/1712
f 497/485/469 1372/1749/1713 498/487/471
f 1426/1711/1676 1560/1750/1714 1432/1751/1715
f 471/486/470 1366/1752/1716 1370/1746/1710
f 1375/1753/1717 1507/1754/1718 1503/1755/1694
f 497/485/469 1364/1756/1719 1368/1757/1720
f 1433/1758/1721 1555/1759/1722 1427/1719/1684
f 470/484/468 1362/1760/1723 1366/1752/1716
f 1376/1761/1700 1508/1762/1724 1380/1763/1725
f 496/483/467 1360/1764/1726 1364/1756/1719
f 1434/1765/1727 1556/1726/1691 1562/1766/1728
f 469/482/466 1358/1767/1729 1362/1760/1723
f 1381/1768/1730 1505/1769/1731 1377/1741/1705
f 495/481/465 1356/1770/1732 1360/1764/1726
f 1429/1771/1733 1563/1772/1734 1557/1732/1697
f 468/480/464 1354/1773/1735 1358/1767/1729
f 1382/1774/1736 1506/1748/1712 1510/1775/1737
f 494/478/463 1352/1776/1738 1356/1770/1732
f 1430/1739/1703 1564/1777/1739 1436/1778/1740
f 467/477/462 1348/1779/1741 1354/1780/1735
f 1379/1781/1742 1511/1782/1743 1507/1754/1718
f 493/476/461 1349/1578/1544 1352/1776/1738
f 1431/1783/1744 1565/1784/1745 1559/1745/1709
f 466/475/460 1345/1582/1548 1348/1779/1741
f 1380/1763/1725 1512/1785/1746 1384/1786/1747
f 1576/1787/1748 1710/1788/1749 1582/1789/1750
f 1531/1790/1751 1653/1791/1752 1525/1792/1753
f 1476/1793/1754 1601/1794/1755 1604/1795/1756
f 1577/1796/1757 1648/1797/1758 1705/1798/1759
f 1532/1799/1760 1654/1800/1761 1660/1801/1762
f 1479/1802/1763 1606/1803/1764 1478/1804/1765
f 1578/1805/1766 1647/1806/1767 1519/1807/1768
f 1527/1808/1769 1661/1809/1770 1655/1810/1771
f 1480/1811/1772 1605/1812/1773 1608/1813/1774
f 1583/1814/1775 1707/1815/1776 1579/1816/1776
f 1528/1817/1777 1662/1818/1778 1534/1819/1779
f 1481/1820/1780 1603/1821/1781 1475/1822/1782
f 1584/1823/1783 1708/1824/1784 1712/1825/1785
f 1529/1826/1786 1663/1827/1787 1657/1828/1788
f 1482/1829/1789 1604/1795/1756 1610/1830/1790
f 1581/1831/1791 1713/1832/1792 1709/1833/1791
f 1530/1834/1793 1664/1835/1794 1536/1836/1795
f 1483/1837/1796 1607/1838/1797 1479/1802/1763
f 1582/1789/1750 1714/1839/1798 1586/1840/1799
f 1537/1604/1800 1659/1841/1801 1531/1790/1751
f 1484/1584/1550 1608/1813/1774 1612/1842/1802
f 1587/1588/1803 1711/1843/1804 1583/1814/1775
f 1538/1616/1582 1660/1801/1762 1666/1844/1805
f 1485/1596/1806 1609/1845/1807 1481/1846/1780
f 1588/1600/1566 1712/1825/1785 1716/1847/1808
f 1533/1848/1809 1667/1849/1810 1661/1809/1770
f 1486/1608/1574 1610/1850/1790 1614/1851/1811
f 1585/1852/1812 1717/1853/1813 1713/1832/1792
f 1534/1819/1779 1668/1854/1814 1540/1855/1815
f 1487/1620/1816 1611/1856/1796 1483/1837/1796
f 1586/1840/1799 1718/1857/1817 1590/1858/1818
f 1535/1581/1819 1669/1859/1820 1663/1827/1787
f 1488/1585/1551 1612/1842/1802 1616/1860/1821
f 1591/1635/1822 1715/1861/1823 1587/1588/1803
f 1536/1836/1795 1670/1862/1824 1542/1592/1558
f 1489/1642/1825 1613/1863/1826 1485/1596/1806
f 1592/1601/1567 1716/1847/1808 1720/1864/1827
f 1543/1666/1828 1665/1865/1829 1537/1604/1800
f 1490/1609/1575 1614/1851/1811 1618/1866/1830
f 1589/1613/1831 1721/1867/1832 1717/1853/1813
f 1544/1617/1583 1666/1844/1805 1672/1868/1833
f 1491/1660/1834 1615/1869/1816 1487/1620/1816
f 1590/1858/1818 1722/1870/1835 1594/1624/1590
f 1539/1629/1836 1673/1871/1837 1667/1849/1810
f 1492/1632/1598 1616/1860/1821 1620/1872/1838
f 1595/1672/1839 1719/1873/1840 1591/1635/1822
f 1540/1855/1815 1674/1874/1841 1546/1638/1604
f 1493/1678/1842 1617/1875/1843 1489/1642/1825
f 1596/1645/1611 1720/1864/1827 1724/1876/1844
f 1541/1580/1845 1675/1877/1846 1669/1859/1820
f 1494/1651/1617 1618/1866/1830 1622/1878/1847
f 1593/1612/1848 1725/1879/1849 1721/1867/1832
f 1542/1592/1558 1676/1880/1850 1548/1656/1622
f 1495/1696/1851 1619/1881/1834 1491/1660/1834
f 1594/1624/1590 1726/1882/1852 1598/1662/1628
f 1549/1720/1853 1671/1883/1854 1543/1666/1828
f 1496/1669/1635 1620/1872/1838 1624/1884/1855
f 1599/1708/1856 1723/1885/1857 1595/1672/1839
f 1550/1675/1641 1672/1868/1833 1678/1886/1858
f 1497/1714/1859 1621/1887/1842 1493/1678/1842
f 1600/1681/1647 1724/1876/1844 1728/1888/1860
f 1545/1628/1837 1679/1889/1861 1673/1871/1837
f 1498/1687/1653 1622/1878/1847 1626/1890/1862
f 1597/1654/1863 1602/1891/1864 1725/1879/1849
f 1458/1892/1865 1590/1858/1818 1462/1623/1589
f 1359/1621/1587 1483/1837/1866 1355/1893/1867
f 1406/1894/1868 1540/1855/1815 1412/1637/1603
f 1457/1895/1869 1589/1613/1579 1585/1852/1870
f 1358/1896/1871 1482/1897/1789 1486/1608/1574
f 1405/1898/1872 1539/1629/1595 1533/1848/1873
f 1460/1899/1874 1584/1823/1783 1588/1600/1566
f 1357/1597/1563 1481/1846/1875 1353/1900/1876
f 1410/1901/1877 1532/1799/1760 1538/1616/1582
f 1459/1589/1555 1583/1814/1878 1455/1902/1879
f 1356/1903/1880 1480/1811/1772 1484/1584/1550
f 1409/1605/1571 1531/1790/1881 1403/1904/1882
f 1454/1905/1883 1586/1840/1799 1458/1892/1865
f 1355/1893/1867 1479/1802/1884 1351/1906/1885
f 1402/1907/1886 1536/1836/1795 1408/1591/1557
f 1453/1908/1887 1585/1852/1870 1581/1831/1888
f 1354/1909/1889 1476/1793/1754 1482/1829/1789
f 1401/1910/1890 1535/1581/1547 1529/1826/1891
f 1456/1911/1892 1580/1912/1893 1584/1823/1783
f 1353/1913/1876 1475/1822/1894 1347/1914/1895
f 1400/1915/1896 1534/1819/1779 1406/1894/1868
f 1455/1902/1879 1579/1816/1897 1451/1916/1898
f 1352/1917/1899 1477/1717/1682 1480/1811/1772
f 1399/1918/1900 1533/1848/1873 1527/1808/1901
f 1450/1919/1902 1519/1807/1768 1391/1920/1903
f 1351/1906/1885 1478/1804/1904 1350/1707/1672
f 1404/1921/1905 1526/1922/1906 1532/1799/1760
f 1449/1923/1907 1520/1924/1908 1577/1796/1909
f 1348/1925/1910 1473/1698/1663 1476/1793/1754
f 1403/1904/1882 1525/1792/1911 1397/1926/1912
f 1448/1927/1913 1582/1789/1750 1454/1905/1883
f 1347/1914/1895 1474/1690/1656 1346/1928/1914
f 1396/1929/1915 1530/1834/1793 1402/1907/1886
f 1447/1930/1916 1581/1831/1888 1575/1931/1917
f 1395/1932/1918 1529/1826/1891 1523/1933/1919
f 1452/1934/1920 1574/1935/1921 1580/1912/1893
f 1394/1936/1922 1528/1817/1777 1400/1915/1896
f 1451/1916/1898 1573/1937/1923 1445/1938/1924
f 1393/1939/1925 1527/1808/1901 1521/1940/1926
f 1444/1941/1927 1578/1805/1766 1450/1919/1902
f 1398/1942/1928 1518/1943/1929 1526/1922/1906
f 1443/1944/1930 1577/1796/1909 1571/1945/1931
f 1397/1926/1912 1517/1946/1932 1389/1947/1933
f 1442/1948/1934 1576/1787/1748 1448/1927/1913
f 1388/1949/1935 1524/1950/1936 1396/1929/1915
f 1441/1951/1937 1575/1931/1917 1569/1952/1938
f 1387/1953/1939 1523/1933/1919 1515/1954/1940
f 1446/1955/1941 1568/1956/1942 1574/1935/1921
f 1391/1920/1903 1522/1957/1943 1394/1936/1922
f 1445/1938/1924 1567/1958/1944 1439/1959/1945
f 1392/1960/1946 1521/1940/1926 1520/1924/1908
f 1438/1961/1947 1572/1962/1948 1444/1941/1927
f 1390/1963/1949 1514/1964/1950 1518/1943/1929
f 1437/1965/1951 1571/1945/1931 1565/1784/1745
f 1389/1947/1933 1513/1966/1952 1385/1967/1953
f 1436/1778/1740 1570/1968/1954 1442/1948/1934
f 1384/1786/1747 1516/1969/1955 1388/1949/1935
f 1435/1970/1956 1569/1952/1938 1563/1772/1734
f 1383/1971/1957 1515/1954/1940 1511/1782/1743
f 1440/1972/1958 1562/1766/1728 1568/1956/1942
f 1386/1973/1959 1510/1775/1737 1514/1964/1950
f 1439/1959/1945 1561/1974/1960 1433/1758/1721
f 1385/1967/1953 1509/1975/1961 1381/1768/1730
f 1432/1751/1715 1566/1976/1962 1438/1961/1947
f 1605/1812/1963 1727/1977/1964 1606/1803/1963
f 1726/1882/1965 1602/1891/1966 1601/1794/1966
f 1728/1888/1967 1723/1885/1968 1727/1977/1964
f 1722/1870/1969 1725/1879/1965 1726/1882/1965
f 1724/1876/1970 1719/1873/1971 1723/1885/1968
f 1718/1857/1972 1721/1867/1969 1722/1870/1969
f 1720/1864/1971 1715/1861/1973 1719/1873/1971
f 1714/1839/1974 1717/1853/1972 1718/1857/1972
f 1716/1847/1973 1711/1843/1975 1715/1861/1973
f 1710/1788/1976 1713/1832/1974 1714/1839/1974
f 1712/1825/1977 1707/1815/1978 1711/1843/1975
f 1706/1978/1979 1648/1797/1980 1647/1806/1980
f 1704/1979/1981 1709/1833/1982 1710/1788/1976
f 1708/1824/1983 1701/1980/1984 1707/1815/1978
f 1700/1981/1985 1705/1798/1986 1706/1978/1979
f 1698/1982/1987 1703/1983/1981 1704/1979/1981
f 1702/1984/1984 1695/1985/1988 1701/1980/1984
f 1694/1986/1989 1699/1987/1985 1700/1981/1985
f 1692/1988/1990 1697/1989/1987 1698/1982/1987
f 1696/1990/1991 1689/1991/1992 1695/1985/1988
f 1688/1992/1993 1693/1993/1989 1694/1986/1989
f 1686/1994/1994 1691/1995/1990 1692/1988/1990
f 1690/1996/1995 1683/1997/1996 1689/1991/1992
f 1682/1998/1997 1687/1999/1993 1688/1992/1993
f 1680/2000/1998 1685/2001/1999 1686/1994/1994
f 1684/2002/2000 1677/2003/2001 1683/1997/1996
f 1676/1880/2002 1681/2004/2003 1682/1998/1997
f 1674/1874/2004 1679/1889/2005 1680/2000/1998
f 1678/1886/2001 1671/1883/2006 1677/2003/2001
f 1670/1862/2007 1675/1877/2002 1676/1880/2002
f 1668/1854/2008 1673/1871/2004 1674/1874/2004
f 1672/1868/2009 1665/1865/2010 1671/1883/2006
f 1664/1835/2011 1669/1859/2007 1670/1862/2007
f 1662/1818/2012 1667/1849/2013 1668/1854/2008
f 1666/1844/2010 1659/1841/2014 1665/1865/2010
f 1658/2005/2015 1663/1827/2011 1664/1835/2011
f 1656/2006/2016 1661/1809/2017 1662/1818/2012
f 1660/1801/2018 1653/1791/2019 1659/1841/2014
f 1652/2007/2020 1657/1828/2015 1658/2005/2015
f 1650/2008/2021 1655/1810/2016 1656/2006/2016
f 1654/1800/2022 1645/2009/2023 1653/1791/2019
f 1644/2010/2024 1651/2011/2020 1652/2007/2020
f 1647/1806/1980 1649/2012/2025 1650/2008/2021
f 1646/2013/2023 1641/2014/2026 1645/2009/2023
f 1640/2015/2027 1643/2016/2028 1644/2010/2024
f 1642/2017/2026 1637/2018/2029 1641/2014/2026
f 1636/2019/2030 1639/2020/2027 1640/2015/2027
f 1638/2021/2031 1633/2022/2032 1637/2018/2029
f 1632/2023/2033 1635/2024/2030 1636/2019/2030
f 1634/2025/2032 1629/2026/2034 1633/2022/2032
f 1628/2027/2035 1631/2028/2033 1632/2029/2033
f 1630/2030/2034 1625/2031/2036 1629/2026/2034
f 1624/1884/2037 1627/2032/2035 1628/2027/2035
f 1626/1890/2036 1621/1887/2038 1625/2031/2036
f 1624/1884/2037 1619/1881/2039 1623/2033/2037
f 1622/1878/2038 1617/1875/2040 1621/1887/2038
f 1620/1872/2039 1615/1869/2041 1619/1881/2039
f 1618/1866/2040 1613/1863/2042 1617/1875/2040
f 1616/1860/2041 1611/1856/2043 1615/1869/2041
f 1614/1851/2042 1609/1845/2044 1613/1863/2042
f 1612/1842/2043 1607/1838/2045 1611/1856/2043
f 1610/1830/2044 1603/1821/2046 1609/2034/2044
f 1608/1813/2045 1606/1803/1963 1607/1838/2045
f 1604/1795/2046 1602/1891/1966 1603/1821/2046
f 1475/1822/1782 1602/1891/1864 1474/1690/1864
f 1524/1950/1936 1658/2005/2047 1530/1834/1793
f 1575/1931/2048 1709/1833/1791 1703/1983/2049
f 1523/1933/2050 1657/1828/1788 1651/2011/2050
f 1580/1912/1893 1702/1984/2051 1708/1824/1784
f 1522/1957/1943 1656/2006/2052 1528/1817/1777
f 1579/1816/1776 1701/1980/2053 1573/1937/2054
f 1521/1940/2055 1655/1810/1771 1649/2012/2056
f 1572/1962/1948 1706/1978/2057 1578/1805/1766
f 1526/1922/1906 1646/2013/2058 1654/1800/1761
f 1571/1945/2059 1705/1798/1759 1699/1987/2060
f 1525/1792/1753 1645/2009/2061 1517/1946/2061
f 1570/1968/1954 1704/1979/2062 1576/1787/1748
f 1516/1969/1955 1652/2007/2063 1524/1950/1936
f 1569/1952/2064 1703/1983/2049 1697/1989/2064
f 1515/1954/2065 1651/2011/2050 1643/2016/2066
f 1574/1935/1921 1696/1990/2067 1702/1984/2051
f 1519/1807/1768 1650/2008/2068 1522/1957/1943
f 1573/1937/2054 1695/1985/2069 1567/1958/2070
f 1520/1924/2071 1649/2012/2056 1648/1797/1758
f 1566/1976/1962 1700/1981/2072 1572/1962/1948
f 1518/1943/1929 1642/2017/2073 1646/2013/2058
f 1565/1784/2074 1699/1987/2060 1693/1993/2075
f 1517/1946/2061 1641/2014/2076 1513/1966/2077
f 1564/1777/1739 1698/1982/2078 1570/1968/1954
f 1512/1785/1746 1644/2010/2079 1516/1969/1955
f 1563/1772/2080 1697/1989/2064 1691/1995/2080
f 1511/1782/2081 1643/2016/2066 1639/2020/2082
f 1568/1956/1942 1690/1996/2083 1696/1990/2067
f 1514/1964/1950 1638/2021/2084 1642/2017/2073
f 1567/1958/2070 1689/1991/2085 1561/1974/2086
f 1513/1966/2077 1637/2018/2087 1509/1975/2088
f 1560/1750/1714 1694/1986/2089 1566/1976/1962
f 1508/1762/1724 1640/2015/2090 1512/1785/1746
f 1559/1745/2091 1693/1993/2075 1687/1999/2092
f 1507/1754/2093 1639/2020/2082 1635/2024/2093
f 1558/1738/1702 1692/1988/2094 1564/1777/1739
f 1510/1775/1737 1634/2025/2095 1638/2021/2084
f 1557/1732/2096 1691/1995/2080 1685/2001/2097
f 1509/1975/2088 1633/2022/2098 1505/1769/2098
f 1562/1766/1728 1684/2002/2099 1690/1996/2083
f 1504/2035/1699 1636/2019/2100 1508/1762/1724
f 1561/1974/2086 1683/1997/2101 1555/1759/2102
f 1503/1755/2103 1635/2024/2093 1631/2036/2103
f 1554/1710/1675 1688/1992/2104 1560/1750/1714
f 1506/1748/1712 1630/2030/2105 1634/2025/2095
f 1553/1702/2106 1687/1999/2092 1681/2004/2106
f 1505/1769/2098 1629/2026/2107 1501/1742/2107
f 1552/1692/1658 1686/1994/2108 1558/1738/1702
f 1500/1704/1669 1632/2029/2109 1504/1734/1699
f 1551/1684/2110 1685/2001/2097 1679/1889/1861
f 1499/1695/2111 1631/2028/2103 1627/2032/2111
f 1556/1726/1691 1678/1886/1858 1684/2002/2099
f 1502/1723/1688 1626/1890/1862 1630/2030/2105
f 1555/1759/2102 1677/2003/2112 1549/1720/1853
f 1477/1717/1682 1728/1888/1860 1605/1812/1773
f 1501/1742/2107 1625/2031/2113 1497/1714/1859
f 1548/1656/1622 1682/1998/2114 1554/1710/1675
f 1478/1804/1765 1727/1977/1856 1599/1708/1856
f 1496/1669/1635 1628/2027/2115 1500/1704/1669
f 1547/1648/2116 1681/2004/2106 1675/1877/1846
f 1598/1662/1628 1601/1794/1755 1473/1698/1663
f 1495/1696/1851 1627/2032/2111 1623/2033/1851
f 1546/1638/1604 1680/2000/2117 1552/1692/1658
f 1729/3/2118 1732/4/2119 1731/2/2120
f 1731/2/2120 1734/6/2121 1733/5/2122
f 1733/5/2122 1736/141/2123 1735/7/2124
f 1736/141/2123 1737/9/2125 1735/7/2124
f 1738/8/2126 1739/11/2127 1737/9/2125
f 1740/10/2128 1741/13/2129 1739/11/2127
f 1742/12/2130 1743/15/2131 1741/13/2129
f 1744/14/2132 1745/17/2133 1743/15/2131
f 1746/16/2134 1747/19/2135 1745/17/2133
f 1748/18/2136 1749/21/2137 1747/19/2135
f 1750/20/2138 1751/23/2139 1749/21/2137
f 1752/22/2140 1753/25/2141 1751/23/2139
f 1754/24/2142 1755/27/2143 1753/25/2141
f 1756/26/2144 1757/29/2145 1755/27/2143
f 1758/28/2146 1759/31/2147 1757/29/2145
f 1760/30/2148 1761/33/2149 1759/31/2147
f 1762/32/2150 1763/35/2151 1761/33/2149
f 1764/34/2152 1765/37/2153 1763/35/2151
f 1766/190/2154 1767/40/2155 1765/38/2153
f 1768/39/2156 1769/42/2157 1767/40/2155
f 1770/41/2158 1771/44/2159 1769/42/2157
f 1772/43/2160 1773/46/2161 1771/44/2159
f 1774/45/2162 1775/48/2163 1773/46/2161
f 1776/47/2164 1777/50/2165 1775/48/2163
f 1778/49/2166 1779/52/2167 1777/50/2165
f 1780/51/2168 1781/54/2169 1779/52/2167
f 1782/53/2170 1783/56/2171 1781/54/2169
f 1784/55/2172 1785/58/2173 1783/56/2171
f 1786/57/2174 1787/60/2175 1785/58/2173
f 1788/59/2176 1789/62/2177 1787/60/2175
f 1790/61/2178 1791/64/2179 1789/62/2177
f 1792/63/2180 1793/66/2181 1791/64/2179
f 1794/65/2182 1795/68/2183 1793/66/2181
f 1796/67/2184 1797/70/2185 1795/68/2183
f 1797/70/2185 1800/71/2186 1799/72/2187
f 1799/72/2187 1802/74/2188 1801/73/2189
f 1801/73/2189 1804/76/2190 1803/75/2191
f 1803/75/2191 1806/78/2192 1805/77/2193
f 1805/77/2193 1808/80/2194 1807/79/2195
f 1807/79/2195 1810/82/2196 1809/81/2197
f 1809/81/2197 1812/84/2198 1811/83/2199
f 1811/83/2199 1814/86/2200 1813/85/2201
f 1813/85/2201 1816/88/2202 1815/87/2203
f 1815/87/2203 1818/90/2204 1817/89/2205
f 1817/89/2205 1820/92/2206 1819/91/2207
f 1819/91/2207 1822/94/2208 1821/93/2209
f 1821/93/2209 1824/96/2210 1823/95/2211
f 1823/95/2211 1826/98/2212 1825/97/2213
f 1825/97/2213 1828/100/2214 1827/99/2215
f 1827/99/2215 1830/161/2216 1829/101/2217
f 1829/104/2217 1832/105/2218 1831/103/2219
f 1831/103/2219 1834/107/2220 1833/106/2221
f 1833/106/2221 1836/109/2222 1835/108/2223
f 1835/108/2223 1838/111/2224 1837/110/2225
f 1837/110/2225 1840/113/2226 1839/112/2227
f 1839/112/2227 1842/115/2228 1841/114/2229
f 1841/114/2229 1844/117/2230 1843/116/2231
f 1843/116/2231 1846/119/2232 1845/118/2233
f 1845/118/2233 1848/121/2234 1847/120/2235
f 1847/120/2235 1850/123/2236 1849/122/2237
f 1849/122/2237 1852/125/2238 1851/124/2239
f 1851/124/2239 1854/128/2240 1853/126/2241
f 1772/43/2160 1877/198/2242 1878/127/2243
f 1853/126/2241 1856/130/2244 1855/129/2245
f 1855/129/2245 1730/1/2246 1729/3/2118
f 1791/131/2247 1823/132/2247 1855/133/2247
f 1859/136/2248 1921/267/2249 1923/135/2250
f 1840/113/2226 1913/138/2251 1842/115/2228
f 1790/61/2178 1886/139/2252 1887/140/2253
f 1738/8/2126 1860/200/2254 1861/142/2255
f 1806/78/2192 1896/144/2256 1808/80/2194
f 1756/26/2144 1869/201/2257 1870/145/2258
f 1824/96/2210 1905/147/2259 1826/98/2212
f 1774/45/2162 1878/127/2243 1879/148/2260
f 1842/115/2228 1914/149/2261 1844/117/2230
f 1792/63/2180 1887/140/2253 1888/150/2262
f 1740/10/2128 1861/142/2255 1862/151/2263
f 1808/80/2194 1897/152/2264 1810/82/2196
f 1758/28/2146 1870/145/2258 1871/153/2265
f 1826/98/2212 1906/154/2266 1828/100/2214
f 1776/47/2164 1879/148/2260 1880/155/2267
f 1844/117/2230 1915/156/2268 1846/119/2232
f 1794/65/2182 1888/150/2262 1889/157/2269
f 1742/12/2130 1862/151/2263 1863/158/2270
f 1810/82/2196 1898/159/2271 1812/84/2198
f 1760/30/2148 1871/153/2265 1872/160/2272
f 1828/100/2214 1907/162/2273 1830/161/2216
f 1778/49/2166 1880/155/2267 1881/163/2274
f 1846/119/2232 1916/164/2275 1848/121/2234
f 1794/65/2182 1890/165/2276 1796/67/2184
f 1744/14/2132 1863/158/2270 1864/166/2277
f 1812/84/2198 1899/167/2278 1814/86/2200
f 1762/32/2150 1872/160/2272 1873/168/2279
f 1830/102/2216 1908/170/2280 1832/105/2218
f 1780/51/2168 1881/163/2274 1882/171/2281
f 1848/121/2234 1917/172/2282 1850/123/2236
f 1796/67/2184 1891/173/2283 1798/69/2284
f 1746/16/2134 1864/166/2277 1865/174/2285
f 1814/86/2200 1900/175/2286 1816/88/2202
f 1764/34/2152 1873/168/2279 1874/176/2287
f 1832/105/2218 1909/177/2288 1834/107/2220
f 1782/53/2170 1882/171/2281 1883/178/2289
f 1850/123/2236 1918/179/2290 1852/125/2238
f 1798/69/2284 1892/180/2291 1800/71/2186
f 1748/18/2136 1865/174/2285 1866/181/2292
f 1816/88/2202 1901/182/2293 1818/90/2204
f 1766/36/2154 1874/176/2287 1875/183/2294
f 1834/107/2220 1910/184/2295 1836/109/2222
f 1732/4/2119 1858/199/2296 1857/134/2297
f 1784/55/2172 1883/178/2289 1884/185/2298
f 1852/125/2238 1919/186/2299 1854/128/2240
f 1800/71/2186 1893/187/2300 1802/74/2188
f 1750/20/2138 1866/181/2292 1867/188/2301
f 1818/90/2204 1902/189/2302 1820/92/2206
f 1768/39/2156 1875/248/2294 1876/191/2303
f 1836/109/2222 1911/192/2304 1838/111/2224
f 1786/57/2174 1884/185/2298 1885/193/2305
f 1854/128/2240 1920/194/2306 1856/130/2244
f 1734/6/2121 1857/134/2297 1859/136/2248
f 1802/74/2188 1894/195/2307 1804/76/2190
f 1752/22/2140 1867/188/2301 1868/196/2308
f 1820/92/2206 1903/197/2309 1822/94/2208
f 1770/41/2158 1876/191/2303 1877/198/2242
f 1838/111/2224 1912/137/2310 1840/113/2226
f 1788/59/2176 1885/193/2305 1886/139/2252
f 1856/130/2244 1858/199/2296 1730/1/2246
f 1736/141/2123 1859/136/2248 1860/200/2254
f 1804/76/2190 1895/143/2311 1806/78/2192
f 1754/24/2142 1868/196/2308 1869/201/2257
f 1822/94/2208 1904/146/2312 1824/96/2210
f 1926/204/2313 1989/333/2314 1990/203/2315
f 1911/192/2304 1976/206/2316 1912/137/2310
f 1886/139/2252 1949/207/2317 1950/208/2318
f 1860/200/2254 1923/135/2250 1924/209/2319
f 1912/137/2310 1977/210/2320 1913/138/2251
f 1887/140/2253 1950/208/2318 1951/211/2321
f 1861/142/2255 1924/209/2319 1925/202/2322
f 1913/138/2251 1978/212/2323 1914/149/2261
f 1888/150/2262 1951/211/2321 1952/213/2324
f 1862/151/2263 1925/202/2322 1926/204/2313
f 1914/149/2261 1979/214/2325 1915/156/2268
f 1889/157/2269 1952/213/2324 1953/215/2326
f 1863/158/2270 1926/204/2313 1927/216/2327
f 1915/156/2268 1980/217/2328 1916/164/2275
f 1889/157/2269 1954/218/2329 1890/165/2276
f 1864/166/2277 1927/216/2327 1928/219/2330
f 1916/164/2275 1981/220/2331 1917/172/2282
f 1890/165/2276 1955/221/2332 1891/173/2283
f 1865/174/2285 1928/219/2330 1929/222/2333
f 1917/172/2282 1982/223/2334 1918/179/2290
f 1891/173/2283 1956/224/2335 1892/180/2291
f 1866/181/2292 1929/222/2333 1930/225/2336
f 1918/179/2290 1983/226/2337 1919/186/2299
f 1892/180/2291 1957/227/2338 1893/187/2300
f 1867/188/2301 1930/225/2336 1931/228/2339
f 1919/186/2299 1984/229/2340 1920/194/2306
f 1893/187/2300 1958/230/2341 1894/195/2307
f 1868/196/2308 1931/228/2339 1932/231/2342
f 1920/194/2306 1922/232/2343 1858/199/2296
f 1894/195/2307 1959/233/2344 1895/143/2311
f 1869/201/2257 1932/231/2342 1933/234/2345
f 1895/143/2311 1960/235/2346 1896/144/2256
f 1870/145/2258 1933/234/2345 1934/236/2347
f 1896/144/2256 1961/237/2348 1897/152/2264
f 1871/153/2265 1934/236/2347 1935/238/2349
f 1897/152/2264 1962/239/2350 1898/159/2271
f 1872/160/2272 1935/238/2349 1936/240/2351
f 1898/159/2271 1963/241/2352 1899/167/2278
f 1873/168/2279 1936/240/2351 1937/242/2353
f 1899/167/2278 1964/243/2354 1900/175/2286
f 1874/176/2287 1937/242/2353 1938/244/2355
f 1900/175/2286 1965/245/2356 1901/182/2293
f 1875/183/2294 1938/244/2355 1939/246/2357
f 1901/182/2293 1966/247/2358 1902/189/2302
f 1876/191/2303 1939/305/2357 1940/249/2359
f 1902/189/2302 1967/250/2360 1903/197/2309
f 1877/198/2242 1940/249/2359 1941/251/2361
f 1903/197/2309 1968/252/2362 1904/146/2312
f 1878/127/2243 1941/251/2361 1942/253/2363
f 1904/146/2312 1969/254/2364 1905/147/2259
f 1879/148/2260 1942/253/2363 1943/255/2365
f 1905/147/2259 1970/256/2366 1906/154/2266
f 1880/155/2267 1943/255/2365 1944/257/2367
f 1906/154/2266 1971/258/2368 1907/162/2273
f 1881/163/2274 1944/257/2367 1945/259/2369
f 1907/169/2273 1972/261/2370 1908/170/2280
f 1882/171/2281 1945/259/2369 1946/262/2371
f 1908/170/2280 1973/263/2372 1909/177/2288
f 1883/178/2289 1946/262/2371 1947/264/2373
f 1909/177/2288 1974/265/2374 1910/184/2295
f 1884/185/2298 1947/264/2373 1948/266/2375
f 1857/134/2297 1922/232/2343 1921/267/2249
f 1910/184/2295 1975/205/2376 1911/192/2304
f 1885/193/2305 1948/266/2375 1949/207/2317
f 1992/268/2377 2057/269/2378 1993/270/2379
f 1978/212/2323 2043/272/2380 1979/214/2325
f 1953/215/2326 2016/273/2381 2017/274/2382
f 1927/216/2327 1990/203/2315 1991/275/2383
f 1979/214/2325 2044/276/2384 1980/217/2328
f 1954/218/2329 2017/274/2382 2018/277/2385
f 1928/219/2330 1991/275/2383 1992/268/2377
f 1980/217/2328 2045/278/2386 1981/220/2331
f 1955/221/2332 2018/277/2385 2019/279/2387
f 1929/222/2333 1992/268/2377 1993/270/2379
f 1981/220/2331 2046/280/2388 1982/223/2334
f 1955/221/2332 2020/281/2389 1956/224/2335
f 1930/225/2336 1993/270/2379 1994/282/2390
f 1982/223/2334 2047/283/2391 1983/226/2337
f 1956/224/2335 2021/284/2392 1957/227/2338
f 1931/228/2339 1994/282/2390 1995/285/2393
f 1983/226/2337 2048/286/2394 1984/229/2340
f 1957/227/2338 2022/287/2395 1958/230/2341
f 1932/231/2342 1995/285/2393 1996/288/2396
f 1984/229/2340 1986/289/2397 1922/232/2343
f 1958/230/2341 2023/290/2398 1959/233/2344
f 1933/234/2345 1996/288/2396 1997/291/2399
f 1959/233/2344 2024/292/2400 1960/235/2346
f 1934/236/2347 1997/291/2399 1998/293/2401
f 1960/235/2346 2025/294/2402 1961/237/2348
f 1935/238/2349 1998/293/2401 1999/295/2403
f 1961/237/2348 2026/296/2404 1962/239/2350
f 1936/240/2351 1999/295/2403 2000/297/2405
f 1962/239/2350 2027/298/2406 1963/241/2352
f 1937/242/2353 2000/297/2405 2001/299/2407
f 1963/241/2352 2028/300/2408 1964/243/2354
f 1938/244/2355 2001/299/2407 2002/301/2409
f 1964/243/2354 2029/302/2410 1965/245/2356
f 1939/246/2357 2002/301/2409 2003/303/2411
f 1965/245/2356 2030/304/2412 1966/247/2358
f 1940/249/2359 2003/361/2411 2004/306/2413
f 1966/247/2358 2031/307/2414 1967/250/2360
f 1941/251/2361 2004/306/2413 2005/308/2415
f 1967/250/2360 2032/309/2416 1968/252/2362
f 1942/253/2363 2005/308/2415 2006/310/2417
f 1968/252/2362 2033/311/2418 1969/254/2364
f 1943/255/2365 2006/310/2417 2007/312/2419
f 1969/254/2364 2034/313/2420 1970/256/2366
f 1944/257/2367 2007/312/2419 2008/314/2421
f 1970/256/2366 2035/315/2422 1971/258/2368
f 1945/259/2369 2008/314/2421 2009/316/2423
f 1971/260/2368 2036/318/2424 1972/261/2370
f 1946/262/2371 2009/316/2423 2010/319/2425
f 1972/261/2370 2037/320/2426 1973/263/2372
f 1947/264/2373 2010/319/2425 2011/321/2427
f 1973/263/2372 2038/322/2428 1974/265/2374
f 1948/266/2375 2011/321/2427 2012/323/2429
f 1922/232/2343 1985/324/2430 1921/267/2249
f 1974/265/2374 2039/325/2431 1975/205/2376
f 1949/207/2317 2012/323/2429 2013/326/2432
f 1921/267/2249 1987/327/2433 1923/135/2250
f 1975/205/2376 2040/328/2434 1976/206/2316
f 1950/208/2318 2013/326/2432 2014/329/2435
f 1924/209/2319 1987/327/2433 1988/330/2436
f 1976/206/2316 2041/331/2437 1977/210/2320
f 1951/211/2321 2014/329/2435 2015/332/2438
f 1925/202/2322 1988/330/2436 1989/333/2314
f 1977/210/2320 2042/271/2439 1978/212/2323
f 1952/213/2324 2015/332/2438 2016/273/2381
f 2059/334/2440 2124/335/2441 2060/336/2442
f 2045/278/2386 2110/337/2443 2046/280/2388
f 2020/281/2389 2083/338/2444 2084/339/2445
f 1993/270/2379 2058/340/2446 1994/282/2390
f 2046/280/2388 2111/341/2447 2047/283/2391
f 2021/284/2392 2084/339/2445 2085/342/2448
f 1994/282/2390 2059/334/2440 1995/285/2393
f 2047/283/2391 2112/343/2449 2048/286/2394
f 2022/287/2395 2085/342/2448 2086/344/2450
f 1995/285/2393 2060/336/2442 1996/288/2396
f 2048/286/2394 2050/345/2451 1986/289/2397
f 2023/290/2398 2086/344/2450 2087/346/2452
f 1996/288/2396 2061/347/2453 1997/291/2399
f 2024/292/2400 2087/346/2452 2088/348/2454
f 1998/293/2401 2061/347/2453 2062/349/2455
f 2025/294/2402 2088/348/2454 2089/350/2456
f 1999/295/2403 2062/349/2455 2063/351/2457
f 2026/296/2404 2089/350/2456 2090/352/2458
f 2000/297/2405 2063/351/2457 2064/353/2459
f 2027/298/2406 2090/352/2458 2091/354/2460
f 2001/299/2407 2064/353/2459 2065/355/2461
f 2028/300/2408 2091/354/2460 2092/356/2462
f 2002/301/2409 2065/355/2461 2066/357/2463
f 2029/302/2410 2092/356/2462 2093/358/2464
f 2003/303/2411 2066/357/2463 2067/359/2465
f 2029/302/2410 2094/360/2466 2030/304/2412
f 2004/306/2413 2067/418/2465 2068/362/2467
f 2030/304/2412 2095/363/2468 2031/307/2414
f 2005/308/2415 2068/362/2467 2069/364/2469
f 2031/307/2414 2096/365/2470 2032/309/2416
f 2006/310/2417 2069/364/2469 2070/366/2471
f 2032/309/2416 2097/367/2472 2033/311/2418
f 2007/312/2419 2070/366/2471 2071/368/2473
f 2033/311/2418 2098/369/2474 2034/313/2420
f 2008/314/2421 2071/368/2473 2072/370/2475
f 2034/313/2420 2099/371/2476 2035/315/2422
f 2009/316/2423 2072/370/2475 2073/372/2477
f 2035/317/2422 2100/374/2478 2036/318/2424
f 2010/319/2425 2073/372/2477 2074/375/2479
f 2036/318/2424 2101/376/2480 2037/320/2426
f 2011/321/2427 2074/375/2479 2075/377/2481
f 2037/320/2426 2102/378/2482 2038/322/2428
f 2012/323/2429 2075/377/2481 2076/379/2483
f 1986/289/2397 2049/380/2484 1985/324/2430
f 2038/322/2428 2103/381/2485 2039/325/2431
f 2013/326/2432 2076/379/2483 2077/382/2486
f 1985/324/2430 2051/383/2487 1987/327/2433
f 2039/325/2431 2104/384/2488 2040/328/2434
f 2014/329/2435 2077/382/2486 2078/385/2489
f 1987/327/2433 2052/386/2490 1988/330/2436
f 2040/328/2434 2105/387/2491 2041/331/2437
f 2015/332/2438 2078/385/2489 2079/388/2492
f 1988/330/2436 2053/389/2493 1989/333/2314
f 2041/331/2437 2106/390/2494 2042/271/2439
f 2016/273/2381 2079/388/2492 2080/391/2495
f 1989/333/2314 2054/392/2496 1990/203/2315
f 2042/271/2439 2107/393/2497 2043/272/2380
f 2017/274/2382 2080/391/2495 2081/394/2498
f 1990/203/2315 2055/395/2499 1991/275/2383
f 2043/272/2380 2108/396/2500 2044/276/2384
f 2018/277/2385 2081/394/2498 2082/397/2501
f 1991/275/2383 2056/398/2502 1992/268/2377
f 2044/276/2384 2109/399/2503 2045/278/2386
f 2019/279/2387 2082/397/2501 2083/338/2444
f 2127/400/2504 2190/401/2505 2191/402/2506
f 2112/343/2449 2114/403/2507 2050/345/2451
f 2087/346/2452 2150/466/2508 2151/404/2509
f 2060/336/2442 2125/405/2510 2061/347/2453
f 2088/348/2454 2151/404/2509 2152/406/2511
f 2061/347/2453 2126/407/2512 2062/349/2455
f 2089/350/2456 2152/406/2511 2153/408/2513
f 2062/349/2455 2127/400/2504 2063/351/2457
f 2090/352/2458 2153/408/2513 2154/409/2514
f 2063/351/2457 2128/410/2515 2064/353/2459
f 2091/354/2460 2154/409/2514 2155/411/2516
f 2065/355/2461 2128/410/2515 2129/412/2517
f 2092/356/2462 2155/411/2516 2156/413/2518
f 2066/357/2463 2129/412/2517 2130/414/2519
f 2093/358/2464 2156/413/2518 2157/415/2520
f 2067/359/2465 2130/414/2519 2131/416/2521
f 2094/360/2466 2157/415/2520 2158/417/2522
f 2068/362/2467 2131/2037/2521 2132/419/2523
f 2095/363/2468 2158/417/2522 2159/420/2524
f 2069/364/2469 2132/419/2523 2133/421/2525
f 2096/365/2470 2159/420/2524 2160/422/2526
f 2070/366/2471 2133/421/2525 2134/423/2527
f 2096/365/2470 2161/424/2528 2097/367/2472
f 2071/368/2473 2134/423/2527 2135/425/2529
f 2097/367/2472 2162/426/2530 2098/369/2474
f 2072/370/2475 2135/425/2529 2136/427/2531
f 2098/369/2474 2163/428/2532 2099/371/2476
f 2073/372/2477 2136/427/2531 2137/429/2533
f 2099/373/2476 2164/431/2534 2100/374/2478
f 2074/375/2479 2137/429/2533 2138/432/2535
f 2100/374/2478 2165/433/2536 2101/376/2480
f 2075/377/2481 2138/432/2535 2139/434/2537
f 2101/376/2480 2166/435/2538 2102/378/2482
f 2076/379/2483 2139/434/2537 2140/436/2539
f 2050/345/2451 2113/437/2540 2049/380/2484
f 2102/378/2482 2167/438/2541 2103/381/2485
f 2077/382/2486 2140/436/2539 2141/439/2542
f 2049/380/2484 2115/440/2543 2051/383/2487
f 2103/381/2485 2168/441/2544 2104/384/2488
f 2078/385/2489 2141/439/2542 2142/442/2545
f 2051/383/2487 2116/443/2546 2052/386/2490
f 2104/384/2488 2169/444/2547 2105/387/2491
f 2079/388/2492 2142/442/2545 2143/445/2548
f 2052/386/2490 2117/446/2549 2053/389/2493
f 2105/387/2491 2170/447/2550 2106/390/2494
f 2080/391/2495 2143/445/2548 2144/448/2551
f 2053/389/2493 2118/449/2552 2054/392/2496
f 2106/390/2494 2171/450/2553 2107/393/2497
f 2081/394/2498 2144/448/2551 2145/451/2554
f 2054/392/2496 2119/452/2555 2055/395/2499
f 2107/393/2497 2172/453/2556 2108/396/2500
f 2082/397/2501 2145/451/2554 2146/454/2557
f 2055/395/2499 2120/455/2558 2056/398/2502
f 2108/396/2500 2173/456/2559 2109/399/2503
f 2083/338/2444 2146/454/2557 2147/457/2560
f 2056/398/2502 2121/458/2561 2057/269/2378
f 2109/399/2503 2174/459/2562 2110/337/2443
f 2084/339/2445 2147/457/2560 2148/460/2563
f 2057/269/2378 2122/461/2564 2058/340/2446
f 2110/337/2443 2175/462/2565 2111/341/2447
f 2085/342/2448 2148/460/2563 2149/463/2566
f 2058/340/2446 2123/464/2567 2059/334/2440
f 2111/341/2447 2176/465/2568 2112/343/2449
f 2086/344/2450 2149/463/2566 2150/466/2508
f 3075/469/2569 2257/659/2570 2258/468/2571
f 2153/408/2513 2218/470/2572 2154/409/2514
f 2128/410/2515 2191/402/2506 2192/471/2573
f 2154/409/2514 2219/472/2574 2155/411/2516
f 2129/412/2517 2192/471/2573 2193/473/2575
f 2155/411/2516 2220/474/2576 2156/413/2518
f 2130/414/2519 2193/473/2575 2194/475/2577
f 2156/413/2518 2221/476/2578 2157/415/2520
f 2130/414/2519 2195/477/2579 2131/416/2521
f 2157/415/2520 2222/478/2580 2158/417/2522
f 2131/2037/2521 2196/480/2581 2132/419/2523
f 2158/417/2522 2223/481/2582 2159/420/2524
f 2132/419/2523 2197/482/2583 2133/421/2525
f 2159/420/2524 2224/483/2584 2160/422/2526
f 2133/421/2525 2198/484/2585 2134/423/2527
f 2160/422/2526 2225/485/2586 2161/424/2528
f 2134/423/2527 2199/486/2587 2135/425/2529
f 2161/424/2528 2226/487/2588 2162/426/2530
f 2135/425/2529 2200/488/2589 2136/427/2531
f 2163/428/2532 2226/487/2588 2227/489/2590
f 2136/427/2531 2201/490/2591 2137/429/2533
f 2164/431/2534 2227/1736/2590 2228/491/2592
f 2137/429/2533 2202/492/2593 2138/432/2535
f 2165/433/2536 2228/491/2592 2229/493/2594
f 2138/432/2535 2203/494/2595 2139/434/2537
f 2166/435/2538 2229/493/2594 2230/495/2596
f 2139/434/2537 2204/496/2597 2140/436/2539
f 2113/437/2540 2178/497/2598 2177/498/2599
f 2167/438/2541 2230/495/2596 2231/499/2600
f 2140/436/2539 2205/500/2601 2141/439/2542
f 2115/440/2543 2177/498/2599 2179/501/2602
f 2168/441/2544 2231/499/2600 2232/502/2603
f 2141/439/2542 2206/503/2604 2142/442/2545
f 2116/443/2546 2179/501/2602 2180/504/2605
f 2169/444/2547 2232/502/2603 2233/505/2606
f 2142/442/2545 2207/506/2607 2143/445/2548
f 2117/446/2549 2180/504/2605 2181/507/2608
f 2170/447/2550 2233/505/2606 2234/508/2609
f 2143/445/2548 2208/509/2610 2144/448/2551
f 2118/449/2552 2181/507/2608 2182/510/2611
f 2171/450/2553 2234/508/2609 2235/511/2612
f 2144/448/2551 2209/512/2613 2145/451/2554
f 2119/452/2555 2182/510/2611 2183/513/2614
f 2172/453/2556 2235/511/2612 2236/514/2615
f 2145/451/2554 2210/515/2616 2146/454/2557
f 2120/455/2558 2183/513/2614 2184/516/2617
f 2173/456/2559 2236/514/2615 2237/517/2618
f 2146/454/2557 2211/518/2619 2147/457/2560
f 2121/458/2561 2184/516/2617 2185/519/2620
f 2174/459/2562 2237/517/2618 2238/520/2621
f 2147/457/2560 2212/521/2622 2148/460/2563
f 2122/461/2564 2185/519/2620 2186/522/2623
f 2175/462/2565 2238/520/2621 2239/523/2624
f 2148/460/2563 2213/524/2625 2149/463/2566
f 2123/464/2567 2186/522/2623 2187/525/2626
f 2176/465/2568 2239/523/2624 2240/526/2627
f 2149/463/2566 2214/527/2628 2150/466/2508
f 2124/335/2441 2187/525/2626 2188/528/2629
f 2114/403/2507 2240/526/2627 2178/497/2598
f 2150/466/2508 2215/529/2630 2151/404/2509
f 2125/405/2510 2188/528/2629 2189/530/2631
f 2151/404/2509 2216/531/2632 2152/406/2511
f 2126/407/2512 2189/530/2631 2190/401/2505
f 2152/406/2511 2217/532/2633 2153/408/2513
f 2260/533/2634 2325/534/2635 2261/535/2636
f 3078/536/2637 2285/537/2638 3079/538/2639
f 3075/469/2569 2259/539/2640 3081/540/2641
f 3079/538/2639 2286/541/2642 3083/542/2643
f 3081/543/2641 2260/533/2634 3085/544/2644
f 3083/542/2643 2287/545/2645 3087/546/2646
f 3085/544/2644 2261/535/2636 3089/547/2647
f 3087/546/2646 2288/548/2648 3091/549/2649
f 3089/547/2647 2262/550/2650 3093/551/2651
f 3091/549/2649 2289/552/2652 3095/553/2653
f 3093/551/2651 2263/554/2654 3097/555/2655
f 3095/553/2653 2290/557/2656 3099/556/2657
f 3097/555/2655 2264/558/2658 3101/559/2659
f 3103/560/2660 2290/557/2656 2291/561/2661
f 3101/559/2659 2265/562/2662 3105/563/2663
f 3107/564/2664 2291/565/2661 2292/566/2665
f 3105/563/2663 2266/567/2666 3109/568/2667
f 3111/569/2668 2292/566/2665 2293/570/2669
f 3109/568/2667 2267/571/2670 3113/572/2671
f 3115/573/2672 2293/570/2669 2294/574/2673
f 3113/572/2671 2268/575/2674 3117/576/2675
f 3121/577/2676 2242/578/2677 2241/579/2678
f 3123/580/2679 2294/574/2673 2295/581/2680
f 3117/576/2675 2269/582/2681 3125/583/2682
f 3127/584/2683 2241/579/2678 2243/585/2684
f 3129/586/2685 2295/581/2680 2296/587/2686
f 3125/583/2682 2270/588/2687 3131/589/2688
f 3133/590/2689 2243/585/2684 2244/591/2690
f 3135/592/2691 2296/587/2686 2297/593/2692
f 3131/589/2688 2271/594/2693 3137/595/2694
f 3139/596/2695 2244/591/2690 2245/597/2696
f 3141/598/2697 2297/593/2692 2298/599/2698
f 3137/595/2694 2272/600/2699 3143/601/2700
f 3145/602/2701 2245/597/2696 2246/603/2702
f 3147/604/2703 2298/599/2698 2299/605/2704
f 3143/601/2700 2273/606/2705 3149/607/2706
f 3151/608/2707 2246/603/2702 2247/609/2708
f 3153/610/2709 2299/605/2704 2300/611/2710
f 3149/607/2706 2274/612/2711 3155/613/2712
f 3157/614/2713 2247/609/2708 2248/615/2714
f 3159/616/2715 2300/611/2710 2301/617/2716
f 3155/613/2712 2275/618/2717 3161/619/2718
f 3163/620/2719 2248/615/2714 2249/621/2720
f 3165/622/2721 2301/617/2716 2302/623/2722
f 3161/619/2718 2276/624/2723 3167/625/2724
f 3169/626/2725 2249/621/2720 2250/627/2726
f 3171/628/2727 2302/623/2722 2303/629/2728
f 3167/625/2724 2277/630/2729 3173/631/2730
f 3175/632/2731 2250/627/2726 2251/633/2732
f 3177/634/2733 2303/629/2728 2304/635/2734
f 3173/631/2730 2278/636/2735 3179/637/2736
f 3181/638/2737 2251/633/2732 2252/639/2738
f 3120/640/2739 2304/635/2734 2242/578/2677
f 3179/637/2736 2279/641/2740 3183/642/2741
f 3185/643/2742 2252/639/2738 2253/644/2743
f 3183/642/2741 2280/645/2744 3187/646/2745
f 3189/647/2746 2253/644/2743 2254/648/2747
f 3187/646/2745 2281/649/2748 3191/650/2749
f 3193/651/2750 2254/648/2747 2255/652/2751
f 3191/650/2749 2282/653/2752 3195/654/2753
f 3197/655/2754 2255/652/2751 2256/656/2755
f 3195/654/2753 2283/657/2756 3199/658/2757
f 3074/467/2758 2256/656/2755 2257/659/2570
f 3199/658/2757 2284/660/2759 3078/536/2637
f 2328/661/2760 2391/662/2761 2392/663/2762
f 2287/545/2645 2352/664/2763 2288/548/2648
f 2261/535/2636 2326/665/2764 2262/550/2650
f 2288/548/2648 2353/666/2765 2289/552/2652
f 2262/550/2650 2327/667/2766 2263/554/2654
f 2289/552/2652 2354/668/2767 2290/557/2656
f 2263/554/2654 2328/661/2760 2264/558/2658
f 2291/561/2661 2354/668/2767 2355/669/2768
f 2264/558/2658 2329/670/2769 2265/562/2662
f 2292/566/2665 2355/671/2768 2356/672/2770
f 2265/562/2662 2330/673/2771 2266/567/2666
f 2293/570/2669 2356/672/2770 2357/674/2772
f 2266/567/2666 2331/675/2773 2267/571/2670
f 2294/574/2673 2357/674/2772 2358/676/2774
f 2267/571/2670 2332/677/2775 2268/575/2674
f 2241/579/2678 2306/678/2776 2305/679/2777
f 2295/581/2680 2358/676/2774 2359/680/2778
f 2268/575/2674 2333/681/2779 2269/582/2681
f 2243/585/2684 2305/679/2777 2307/682/2780
f 2296/587/2686 2359/680/2778 2360/683/2781
f 2269/582/2681 2334/684/2782 2270/588/2687
f 2244/591/2690 2307/682/2780 2308/685/2783
f 2297/593/2692 2360/683/2781 2361/686/2784
f 2270/588/2687 2335/687/2785 2271/594/2693
f 2245/597/2696 2308/685/2783 2309/688/2786
f 2298/599/2698 2361/686/2784 2362/689/2787
f 2271/594/2693 2336/690/2788 2272/600/2699
f 2246/603/2702 2309/688/2786 2310/691/2789
f 2299/605/2704 2362/689/2787 2363/692/2790
f 2272/600/2699 2337/693/2791 2273/606/2705
f 2247/609/2708 2310/691/2789 2311/694/2792
f 2300/611/2710 2363/692/2790 2364/695/2793
f 2273/606/2705 2338/696/2794 2274/612/2711
f 2248/615/2714 2311/694/2792 2312/697/2795
f 2301/617/2716 2364/695/2793 2365/698/2796
f 2274/612/2711 2339/699/2797 2275/618/2717
f 2249/621/2720 2312/697/2795 2313/700/2798
f 2302/623/2722 2365/698/2796 2366/701/2799
f 2275/618/2717 2340/702/2800 2276/624/2723
f 2250/627/2726 2313/700/2798 2314/703/2801
f 2303/629/2728 2366/701/2799 2367/704/2802
f 2276/624/2723 2341/705/2803 2277/630/2729
f 2251/633/2732 2314/703/2801 2315/706/2804
f 2304/635/2734 2367/704/2802 2368/707/2805
f 2277/630/2729 2342/708/2806 2278/636/2735
f 2252/639/2738 2315/706/2804 2316/709/2807
f 2242/578/2677 2368/707/2805 2306/678/2776
f 2278/636/2735 2343/710/2808 2279/641/2740
f 2253/644/2743 2316/709/2807 2317/711/2809
f 2279/641/2740 2344/712/2810 2280/645/2744
f 2254/648/2747 2317/711/2809 2318/713/2811
f 2280/645/2744 2345/714/2812 2281/649/2748
f 2255/652/2751 2318/713/2811 2319/715/2813
f 2281/649/2748 2346/716/2814 2282/653/2752
f 2256/656/2755 2319/715/2813 2320/717/2815
f 2282/653/2752 2347/718/2816 2283/657/2756
f 2257/659/2570 2320/717/2815 2321/719/2817
f 2283/657/2756 2348/720/2818 2284/660/2759
f 2258/468/2571 2321/719/2817 2322/721/2819
f 2284/660/2759 2349/722/2820 2285/537/2638
f 2258/468/2571 2323/723/2821 2259/539/2640
f 2285/537/2638 2350/724/2822 2286/541/2642
f 2259/725/2640 2324/726/2823 2260/533/2634
f 2286/541/2642 2351/727/2824 2287/545/2645
f 2354/668/2767 2419/731/2828 2355/669/2768
f 2329/670/2769 2392/663/2762 2393/732/2829
f 2355/671/2768 2420/733/2830 2356/672/2770
f 2330/673/2771 2393/732/2829 2394/734/2831
f 2356/672/2770 2421/735/2832 2357/674/2772
f 2331/675/2773 2394/734/2831 2395/736/2833
f 2357/674/2772 2422/737/2834 2358/676/2774
f 2332/677/2775 2395/736/2833 2396/738/2835
f 2306/678/2776 2369/739/2836 2305/679/2777
f 2358/676/2774 2423/740/2837 2359/680/2778
f 2333/681/2779 2396/738/2835 2397/741/2838
f 2305/679/2777 2371/742/2839 2307/682/2780
f 2359/680/2778 2424/743/2840 2360/683/2781
f 2334/684/2782 2397/741/2838 2398/744/2841
f 2307/682/2780 2372/745/2842 2308/685/2783
f 2360/683/2781 2425/746/2843 2361/686/2784
f 2335/687/2785 2398/744/2841 2399/747/2844
f 2308/685/2783 2373/748/2845 2309/688/2786
f 2361/686/2784 2426/749/2846 2362/689/2787
f 2336/690/2788 2399/747/2844 2400/750/2847
f 2309/688/2786 2374/751/2848 2310/691/2789
f 2362/689/2787 2427/752/2849 2363/692/2790
f 2337/693/2791 2400/750/2847 2401/753/2850
f 2310/691/2789 2375/754/2851 2311/694/2792
f 2363/692/2790 2428/755/2852 2364/695/2793
f 2338/696/2794 2401/753/2850 2402/756/2853
f 2311/694/2792 2376/757/2854 2312/697/2795
f 2364/695/2793 2429/758/2855 2365/698/2796
f 2339/699/2797 2402/756/2853 2403/759/2856
f 2312/697/2795 2377/760/2857 2313/700/2798
f 2365/698/2796 2430/761/2858 2366/701/2799
f 2340/702/2800 2403/759/2856 2404/762/2859
f 2313/700/2798 2378/763/2860 2314/703/2801
f 2366/701/2799 2431/764/2861 2367/704/2802
f 2341/705/2803 2404/762/2859 2405/765/2862
f 2314/703/2801 2379/766/2863 2315/706/2804
f 2367/704/2802 2432/767/2864 2368/707/2805
f 2342/708/2806 2405/765/2862 2406/768/2865
f 2315/706/2804 2380/769/2866 2316/709/2807
f 2368/707/2805 2370/770/2867 2306/678/2776
f 2343/710/2808 2406/768/2865 2407/771/2868
f 2316/709/2807 2381/772/2869 2317/711/2809
f 2344/712/2810 2407/771/2868 2408/773/2870
f 2317/711/2809 2382/774/2871 2318/713/2811
f 2345/714/2812 2408/773/2870 2409/775/2872
f 2318/713/2811 2383/776/2873 2319/715/2813
f 2346/716/2814 2409/775/2872 2410/777/2874
f 2319/715/2813 2384/778/2875 2320/717/2815
f 2347/718/2816 2410/777/2874 2411/779/2876
f 2320/717/2815 2385/780/2877 2321/719/2817
f 2348/720/2818 2411/779/2876 2412/781/2878
f 2321/719/2817 2386/782/2879 2322/721/2819
f 2349/722/2820 2412/781/2878 2413/783/2880
f 2323/723/2821 2386/782/2879 2387/784/2881
f 2350/724/2822 2413/783/2880 2414/785/2882
f 2324/726/2823 2387/786/2881 2388/787/2883
f 2351/727/2824 2414/785/2882 2415/788/2884
f 2325/534/2635 2388/787/2883 2389/789/2885
f 2352/664/2763 2415/788/2884 2416/790/2886
f 2326/665/2764 2389/789/2885 2390/791/2887
f 2353/666/2765 2416/790/2886 2417/792/2888
f 2327/667/2766 2390/791/2887 2391/662/2761
f 2354/668/2767 2417/792/2888 2418/793/2889
f 2219/472/2574 3077/1578/3659 2220/474/2576
f 3141/1647/3660 3263/1581/3661 3135/1579/3662
f 2193/473/2575 3198/1590/3663 3073/1582/3664
f 3084/1903/3665 3216/1585/3666 3088/1583/3667
f 2218/470/2572 3200/1577/3668 2219/472/2574
f 3187/1589/3669 3319/1635/3670 3315/1588/3671
f 2192/471/2573 3194/1598/3672 3198/1590/3663
f 3142/1593/3673 3264/1836/3674 3270/1592/3675
f 2217/532/2633 3196/1586/3676 2218/470/2572
f 3085/1597/3677 3217/1642/3678 3213/1596/3679
f 2191/402/2506 3190/1606/3680 3194/1598/3672
f 3188/1899/3681 3320/1601/3682 3192/1599/3683
f 2216/531/2632 3192/1594/3684 2217/532/2633
f 3137/1605/3685 3271/1666/3686 3265/1604/3687
f 2190/401/2505 3186/1614/3688 3190/1606/3680
f 3086/1896/3689 3218/1609/3690 3090/1607/3691
f 2215/529/2630 3188/1602/3692 2216/531/2632
f 3189/1611/3693 3321/1612/3694 3317/1613/3695
f 2189/530/2631 3182/1626/3696 3186/1614/3688
f 3138/1901/3697 3272/1617/3698 3144/1615/3699
f 2214/527/2628 3184/1610/3700 2215/529/2630
f 3087/1621/3701 3219/1660/3702 3215/1620/3703
f 2178/497/2598 3178/1633/3704 3119/1622/3705
f 3194/1625/3706 3318/1858/3707 3322/1624/3708
f 2188/528/2629 3176/1636/3709 3182/1626/3696
f 3145/1683/3710 3267/1629/3711 3139/1627/3712
f 2213/524/2625 3180/1618/3713 2214/527/2628
f 3088/1583/3667 3220/1632/3714 3092/1631/3715
f 2240/526/2627 3172/1643/3716 3178/1633/3704
f 3191/1587/3717 3323/1672/3718 3319/1635/3670
f 2187/525/2626 3170/1646/3719 3176/1636/3709
f 3146/1639/3720 3268/1855/3721 3274/1638/3722
f 2212/521/2622 3174/1630/3723 2213/524/2625
f 3089/1595/3724 3221/1678/3725 3217/1642/3678
f 2239/523/2624 3166/1652/3726 3172/1643/3716
f 3192/1599/3683 3324/1645/3727 3196/1644/3728
f 2186/522/2623 3164/1655/3729 3170/1646/3719
f 3147/1701/3730 3269/1580/3731 3141/1647/3660
f 2211/518/2619 3168/1640/3732 2212/521/2622
f 3090/1607/3691 3222/1651/3733 3094/1650/3734
f 2238/520/2621 3160/1661/3735 3166/1652/3726
f 3193/1653/3736 3325/1654/3737 3321/1612/3694
f 2185/519/2620 3158/1664/3738 3164/1655/3729
f 3148/1657/3739 3270/1592/3675 3276/1656/3740
f 2210/515/2616 3162/1649/3741 2211/518/2619
f 3091/1619/3742 3223/1696/3743 3219/1660/3702
f 2237/517/2618 3154/1670/3744 3160/1661/3735
f 3194/1625/3706 3326/1662/3745 3198/1663/3746
f 2184/516/2617 3152/1673/3747 3158/1664/3738
f 3143/1603/3748 3277/1720/3749 3271/1666/3686
f 2209/512/2613 3156/1658/3750 2210/515/2616
f 3092/1631/3715 3224/1669/3751 3096/1668/3752
f 2236/514/2615 3148/1679/3753 3154/1670/3744
f 3195/1634/3754 3327/1708/3755 3323/1672/3718
f 2183/513/2614 3146/1682/3756 3152/1673/3747
f 3144/1615/3699 3278/1675/3757 3150/1674/3758
f 2208/509/2610 3150/1667/3759 2209/512/2613
f 3093/1641/3760 3225/1714/3761 3221/1678/3725
f 2235/511/2612 3142/1688/3762 3148/1679/3753
f 3196/1644/3728 3328/1681/3763 3200/1680/3764
f 2182/510/2611 3140/1691/3765 3146/1682/3756
f 3151/1731/3766 3273/1628/3767 3145/1683/3710
f 2207/506/2607 3144/1676/3768 2208/509/2610
f 3094/1650/3734 3226/1687/3769 3098/1686/3770
f 2234/508/2609 3136/1697/3771 3142/1688/3762
f 3197/1689/3772 3202/1690/3773 3325/1654/3737
f 2181/507/2608 3134/1700/3774 3140/1691/3765
f 3152/1693/3775 3274/1638/3722 3280/1692/3776
f 2206/503/2604 3138/1685/3777 2207/506/2607
f 3095/1659/3778 3227/1695/3779 3223/1696/3743
f 2233/505/2606 3130/1706/3780 3136/1697/3771
f 3198/1663/3746 3201/1698/3781 3073/1699/3782
f 2180/504/2605 3128/1709/3783 3134/1700/3774
f 3153/1744/3784 3275/1648/3785 3147/1701/3730
f 2205/500/2601 3132/1694/3786 2206/503/2604
f 3096/1668/3752 3228/1704/3787 3100/1705/3788
f 2232/502/2603 3124/1715/3789 3130/1706/3780
f 3199/1671/3790 3206/1804/3791 3327/1708/3755
f 2179/501/2602 3122/1718/3792 3128/1709/3783
f 3154/1711/3793 3276/1656/3740 3282/1710/3794
f 2204/496/2597 3126/1703/3795 2205/500/2601
f 3097/1677/3796 3229/1742/3797 3225/1714/3761
f 2231/499/2600 3116/1724/3798 3124/1715/3789
f 3200/1680/3764 3205/1717/3799 3077/1716/3800
f 2177/498/2599 3119/1622/3705 3122/1718/3792
f 3149/1665/3801 3283/1759/3802 3277/1720/3749
f 2203/494/2595 3118/1712/3803 2204/496/2597
f 3098/1686/3770 3230/1723/3804 3102/1722/3805
f 2230/495/2596 3112/1730/3806 3116/1724/3798
f 3150/1674/3758 3284/1726/3807 3156/1725/3808
f 2202/492/2593 3114/1721/3809 2203/494/2595
f 3099/1728/3810 3231/1729/3811 3227/1695/3779
f 2229/493/2594 3108/1737/3812 3112/1730/3806
f 3157/1771/3813 3279/1684/3814 3151/1731/3766
f 2201/490/2591 3110/1727/3815 2202/492/2593
f 3100/1705/3788 3232/1734/3816 3104/1735/3817
f 2228/491/2592 3104/2039/3818 3108/1737/3812
f 3158/1739/3819 3280/1692/3776 3286/1738/3820
f 2200/488/2589 3106/1733/3821 2201/490/2591
f 3101/1713/3822 3233/1769/3823 3229/1742/3797
f 2227/489/2590 3100/1749/3824 3104/1743/3818
f 3159/1783/3825 3281/1702/3826 3153/1744/3784
f 2199/486/2587 3102/1740/3827 2200/488/2589
f 3102/1722/3805 3234/1748/3828 3106/1747/3829
f 2225/485/2586 3100/1749/3824 2226/487/2588
f 3160/1751/3830 3282/1710/3794 3288/1750/3831
f 2198/484/2585 3098/1746/3832 2199/486/2587
f 3107/1781/3833 3231/1755/3811 3103/1753/3834
f 2224/483/2584 3096/1757/3835 2225/485/2586
f 3155/1719/3836 3289/1974/3837 3283/1759/3802
f 2197/482/2583 3094/1752/3838 2198/484/2585
f 3108/1763/3839 3232/2035/3816 3236/1762/3840
f 2223/481/2582 3092/1756/3841 2224/483/2584
f 3156/1725/3808 3290/1766/3842 3162/1765/3843
f 2196/480/2581 3090/1760/3844 2197/482/2583
f 3105/1741/3845 3237/1975/3846 3233/1769/3823
f 2222/478/2580 3088/1764/3847 2223/481/2582
f 3163/1970/3848 3285/1732/3849 3157/1771/3813
f 2195/479/2579 3086/1767/3850 2196/480/2581
f 3106/1747/3829 3238/1775/3851 3110/1774/3852
f 2221/476/2578 3084/1770/3853 2222/478/2580
f 3164/1778/3854 3286/1738/3820 3292/1777/3855
f 2194/475/2577 3082/1780/3856 2195/477/2579
f 3111/1971/3857 3235/1754/3858 3107/1781/3833
f 2220/474/2576 3080/1776/3859 2221/476/2578
f 3165/1965/3860 3287/1745/3861 3159/1783/3825
f 2194/475/2577 3073/1582/3664 3076/1779/3862
f 3112/1786/3863 3236/1762/3840 3240/1785/3864
f 3310/1789/3865 3432/1979/3866 3438/1788/3867
f 3253/1792/3868 3387/1841/3869 3381/1791/3870
f 3201/1698/3781 3332/1795/3871 3204/1793/3872
f 3248/1924/3873 3433/1798/3874 3305/1796/3875
f 3254/1922/3876 3388/1801/3877 3260/1799/3878
f 3206/1804/3879 3335/1838/3880 3334/1803/3881
f 3247/1807/3882 3434/1978/3883 3375/1806/3884
f 3261/1848/3885 3383/1810/3886 3255/1808/3887
f 3205/1717/3799 3336/1813/3888 3208/1811/3889
f 3307/1816/3890 3439/1843/3891 3435/1815/3892
f 3262/1819/3893 3384/2006/3894 3390/1818/3895
f 3203/1822/3896 3337/2034/3897 3331/1821/3898
f 3308/1912/3899 3440/1825/3900 3312/1823/3901
f 3263/1581/3902 3385/1828/3903 3257/1826/3904
f 3204/1793/3872 3338/1830/3905 3210/1829/3906
f 3313/1852/3907 3437/1833/3908 3309/1831/3909
f 3264/1836/3674 3386/2005/3910 3392/1835/3911
f 3207/1802/3912 3339/1856/3913 3335/1838/3880
f 3314/1840/3914 3438/1788/3867 3442/1839/3915
f 3259/1790/3916 3393/1865/3917 3387/1841/3869
f 3208/1811/3889 3340/1842/3918 3212/1584/3919
f 3311/1814/3920 3443/1861/3921 3439/1843/3891
f 3260/1799/3878 3394/1844/3922 3266/1616/3923
f 3209/1846/3924 3341/1863/3925 3337/1845/3897
f 3312/1823/3901 3444/1847/3926 3316/1600/3927
f 3267/1629/3928 3389/1809/3929 3261/1848/3885
f 3210/1897/3906 3342/1851/3930 3214/1608/3931
f 3317/1613/3932 3441/1832/3933 3313/1852/3907
f 3268/1855/3721 3390/1818/3895 3396/1854/3934
f 3211/1837/3935 3343/1869/3936 3339/1856/3913
f 3318/1858/3707 3442/1839/3915 3446/1857/3937
f 3269/1580/3938 3391/1827/3939 3263/1581/3902
f 3212/1584/3919 3344/1860/3940 3216/1585/3666
f 3315/1588/3941 3447/1873/3942 3443/1861/3921
f 3270/1592/3675 3392/1835/3911 3398/1862/3943
f 3213/1596/3944 3345/1875/3945 3341/1863/3925
f 3316/1600/3927 3448/1864/3946 3320/1601/3682
f 3265/1604/3947 3399/1883/3948 3393/1865/3917
f 3214/1608/3931 3346/1866/3949 3218/1609/3690
f 3317/1613/3932 3449/1867/3950 3445/1853/3951
f 3266/1616/3923 3400/1868/3952 3272/1617/3698
f 3215/1620/3953 3347/1881/3954 3343/1869/3936
f 3318/1858/3707 3450/1870/3955 3322/1624/3708
f 3273/1628/3956 3395/1849/3957 3267/1629/3928
f 3216/1585/3666 3348/1872/3958 3220/1632/3714
f 3319/1635/3959 3451/1885/3960 3447/1873/3942
f 3274/1638/3722 3396/1854/3934 3402/1874/3961
f 3217/1642/3962 3349/1887/3963 3345/1875/3945
f 3320/1601/3682 3452/1876/3964 3324/1645/3727
f 3275/1648/3965 3397/1859/3966 3269/1580/3938
f 3218/1609/3690 3350/1878/3967 3222/1651/3733
f 3321/1612/3968 3453/1879/3969 3449/1867/3950
f 3276/1656/3740 3398/1862/3943 3404/1880/3970
f 3219/1660/3971 3351/2033/3972 3347/1881/3954
f 3322/1624/3708 3454/1882/3973 3326/1662/3745
f 3271/1666/3974 3405/2003/3975 3399/1883/3948
f 3220/1632/3714 3352/1884/3976 3224/1669/3751
f 3323/1672/3977 3455/1977/3978 3451/1885/3960
f 3272/1617/3698 3406/1886/3979 3278/1675/3757
f 3221/1678/3980 3353/2031/3981 3349/1887/3963
f 3324/1645/3727 3456/1888/3982 3328/1681/3763
f 3279/1684/3983 3401/1871/3984 3273/1628/3956
f 3222/1651/3733 3354/1890/3985 3226/1687/3769
f 3325/1654/3986 3330/1891/3987 3453/1879/3969
f 3190/1623/3988 3314/1840/3914 3318/1858/3707
f 3083/1893/3989 3215/1620/3703 3211/1837/3990
f 3140/1637/3991 3262/1819/3893 3268/1855/3721
f 3189/1611/3693 3313/1852/3992 3185/1895/3993
f 3082/2040/3994 3214/1608/3931 3086/1896/3689
f 3139/1627/3712 3261/1848/3995 3133/1898/3996
f 3184/1911/3997 3316/1600/3927 3188/1899/3681
f 3081/1900/3998 3213/1596/3679 3209/1846/3999
f 3132/1921/4000 3266/1616/3923 3138/1901/3697
f 3183/1902/4001 3315/1588/3671 3311/1814/4002
f 3080/1917/4003 3212/1584/3919 3084/1903/3665
f 3131/1904/4004 3265/1604/3687 3259/1790/4005
f 3186/1892/4006 3310/1789/3865 3314/1840/3914
f 3079/1906/4007 3211/1837/3990 3207/1802/4008
f 3136/1591/4009 3258/1834/4010 3264/1836/3674
f 3185/1895/3993 3309/1831/4011 3181/1908/4012
f 3076/1925/4013 3210/1829/3906 3082/1909/3994
f 3135/1579/3662 3257/1826/4014 3129/1910/4015
f 3180/1934/4016 3312/1823/3901 3184/1911/3997
f 3075/1914/4017 3209/1820/3999 3203/1822/4018
f 3134/1894/4019 3256/1817/4020 3262/1819/3893
f 3179/1916/4021 3311/1814/4002 3307/1816/4022
f 3077/1716/3800 3208/1811/3889 3080/1917/4003
f 3133/1898/3996 3255/1808/4023 3127/1918/4024
f 3119/1920/4025 3306/1805/4026 3247/1807/3882
f 3078/1707/4027 3207/1802/4008 3206/1804/3791
f 3126/1942/4028 3260/1799/3878 3132/1921/4000
f 3120/1960/4029 3305/1796/4030 3177/1923/4031
f 3073/1699/3782 3204/1793/3872 3076/1925/4013
f 3125/1926/4032 3259/1790/4005 3253/1792/4033
f 3182/1905/4034 3304/1787/4035 3310/1789/3865
f 3074/1928/4036 3203/1822/4018 3202/1690/3773
f 3130/1907/4037 3252/1950/4038 3258/1834/4010
f 3181/1908/4012 3303/1931/4039 3175/1930/4040
f 3129/1910/4015 3251/1933/4041 3123/1932/4042
f 3174/1955/4043 3308/1912/3899 3180/1934/4016
f 3128/1915/4044 3250/1957/4045 3256/1817/4020
f 3173/1938/4046 3307/1816/4022 3301/1937/4047
f 3127/1918/4024 3249/1940/4048 3121/1939/4049
f 3178/1919/4050 3300/1962/4051 3306/1805/4026
f 3118/1963/4052 3254/1922/3876 3126/1942/4028
f 3177/1923/4031 3299/1945/4053 3171/1944/4054
f 3117/1947/4055 3253/1792/4033 3245/1946/4056
f 3176/1927/4057 3298/1968/4058 3304/1787/4035
f 3124/1929/4059 3244/1969/4060 3252/1950/4038
f 3175/1930/4040 3297/1952/4061 3169/1951/4062
f 3123/1932/4042 3243/1954/4063 3115/1953/4064
f 3168/1972/4065 3302/1935/4066 3174/1955/4043
f 3122/1936/4067 3247/1807/3882 3250/1957/4045
f 3167/1959/4068 3301/1937/4047 3295/1958/4069
f 3121/1939/4049 3248/1924/4070 3120/1960/4029
f 3172/1941/4071 3294/1976/4072 3300/1962/4051
f 3114/1973/4073 3246/1943/4074 3118/1963/4052
f 3171/1944/4054 3293/1784/4075 3165/1965/3860
f 3113/1967/4076 3245/1946/4056 3241/1966/4077
f 3170/1948/4078 3292/1777/3855 3298/1968/4058
f 3116/1949/4079 3240/1785/3864 3244/1969/4060
f 3169/1951/4062 3291/1772/4080 3163/1970/3848
f 3115/1953/4064 3239/1782/4081 3111/1971/3857
f 3162/1765/3843 3296/1956/4082 3168/1972/4065
f 3110/1774/3852 3242/1964/4083 3114/1973/4073
f 3161/1758/4084 3295/1958/4069 3289/1974/3837
f 3109/1768/4085 3241/1966/4077 3237/1975/3846
f 3166/1961/4086 3288/1750/3831 3294/1976/4072
f 3456/1888/4087 3334/1803/4088 3333/1812/4089
f 3454/1882/4090 3330/1891/4091 3329/1794/4092
f 3452/1876/4093 3455/1977/4094 3456/1888/4087
f 3450/1870/4095 3453/1879/4096 3454/1882/4090
f 3448/1864/4097 3451/1885/4098 3452/1876/4093
f 3446/1857/4099 3449/1867/4100 3450/1870/4095
f 3444/1847/4101 3447/1873/4102 3448/1864/4097
f 3446/1857/4099 3441/1832/4103 3445/1853/4099
f 3440/1825/4104 3443/1861/4105 3444/1847/4101
f 3442/1839/4106 3437/1833/4107 3441/1832/4103
f 3436/1824/4108 3439/1843/4109 3440/1825/4104
f 3375/1806/4110 3433/1798/4111 3376/1797/4112
f 3438/1788/4113 3431/1983/4114 3437/1833/4107
f 3430/1984/4115 3435/1815/4116 3436/1824/4108
f 3434/1978/4117 3427/1987/4118 3433/1798/4111
f 3432/1979/4119 3425/1989/4120 3431/1983/4114
f 3424/1990/4121 3429/1980/4122 3430/1984/4115
f 3428/1981/4123 3421/1993/4124 3427/1987/4118
f 3426/1982/4125 3419/1995/4126 3425/1989/4120
f 3418/1996/4127 3423/1985/4128 3424/1990/4121
f 3422/1986/4129 3415/1999/4130 3421/1993/4124
f 3420/1988/4131 3413/2001/4132 3419/1995/4126
f 3412/2002/4133 3417/1991/4134 3418/1996/4127
f 3416/1992/4135 3409/2004/4136 3415/1999/4130
f 3414/1994/4137 3407/1889/4138 3413/2001/4132
f 3406/1886/4139 3411/1997/4140 3412/2002/4133
f 3410/1998/4141 3403/1877/4142 3409/2004/4136
f 3408/2000/4143 3401/1871/4144 3407/1889/4138
f 3400/1868/4145 3405/2003/4146 3406/1886/4139
f 3404/1880/4147 3397/1859/4148 3403/1877/4142
f 3402/1874/4149 3395/1849/4150 3401/1871/4144
f 3394/1844/4151 3399/1883/4152 3400/1868/4145
f 3398/1862/4153 3391/1827/4154 3397/1859/4148
f 3396/1854/4155 3389/1809/4156 3395/1849/4150
f 3388/1801/4157 3393/1865/4158 3394/1844/4151
f 3392/1835/4159 3385/1828/4160 3391/1827/4154
f 3390/1818/4161 3383/1810/4162 3389/1809/4156
f 3382/1800/4163 3387/1841/4164 3388/1801/4157
f 3386/2005/4165 3379/2011/4166 3385/1828/4160
f 3384/2006/4167 3377/2012/4168 3383/1810/4162
f 3374/2013/4169 3381/1791/4170 3382/1800/4163
f 3380/2007/4171 3371/2016/4172 3379/2011/4166
f 3378/2008/4173 3376/1797/4112 3377/2012/4168
f 3370/2017/4174 3373/2009/4175 3374/2013/4169
f 3372/2010/4176 3367/2020/4177 3371/2016/4172
f 3366/2021/4178 3369/2014/4179 3370/2017/4174
f 3368/2015/4180 3363/2024/4181 3367/2020/4177
f 3362/2025/4182 3365/2018/4183 3366/2021/4178
f 3360/2023/4184 3363/2024/4181 3364/2019/4185
f 3358/2030/4186 3361/2022/4187 3362/2025/4182
f 3356/2027/4188 3359/2028/4189 3360/2029/4184
f 3354/1890/4190 3357/2026/4191 3358/2030/4186
f 3352/1884/4192 3355/2032/4193 3356/2027/4188
f 3350/1878/4194 3353/2031/4195 3354/1890/4190
f 3348/1872/4196 3351/2033/4197 3352/1884/4192
f 3346/1866/4198 3349/1887/4199 3350/1878/4194
f 3344/1860/4200 3347/1881/4201 3348/1872/4196
f 3342/1851/4202 3345/1875/4203 3346/1866/4198
f 3340/1842/4204 3343/1869/4205 3344/1860/4200
f 3338/1850/4206 3341/1863/4207 3342/1851/4202
f 3336/1813/4208 3339/1856/4209 3340/1842/4204
f 3332/1795/4210 3337/2034/4211 3338/1830/4206
f 3333/1812/4089 3335/1838/4212 3336/1813/4208
f 3329/1794/4092 3331/1821/4213 3332/1795/4210
f 3202/1690/4214 3331/1821/3898 3330/1891/3987
f 3258/1834/4010 3380/2007/4215 3386/2005/3910
f 3309/1831/3909 3431/1983/4216 3303/1931/4217
f 3257/1826/3904 3379/2011/4218 3251/1933/4219
f 3302/1935/4066 3436/1824/4220 3308/1912/3899
f 3256/1817/4020 3378/2008/4221 3384/2006/3894
f 3301/1937/4222 3435/1815/3892 3429/1980/4223
f 3255/1808/3887 3377/2012/4224 3249/1940/4225
f 3306/1805/4026 3428/1981/4226 3434/1978/3883
f 3246/1943/4074 3382/1800/4227 3254/1922/3876
f 3305/1796/3875 3427/1987/4228 3299/1945/4229
f 3245/1946/4230 3381/1791/3870 3373/2009/4231
f 3304/1787/4035 3426/1982/4232 3432/1979/3866
f 3252/1950/4038 3372/2010/4233 3380/2007/4215
f 3303/1931/4217 3425/1989/4234 3297/1952/4235
f 3251/1933/4219 3371/2016/4236 3243/1954/4237
f 3296/1956/4082 3430/1984/4238 3302/1935/4066
f 3250/1957/4045 3375/1806/3884 3378/2008/4221
f 3295/1958/4239 3429/1980/4223 3423/1985/4240
f 3249/1940/4225 3376/1797/4241 3248/1924/3873
f 3300/1962/4051 3422/1986/4242 3428/1981/4226
f 3242/1964/4083 3374/2013/4243 3246/1943/4074
f 3299/1945/4229 3421/1993/4244 3293/1784/4245
f 3241/1966/4246 3373/2009/4231 3369/2014/4247
f 3298/1968/4058 3420/1988/4248 3426/1982/4232
f 3244/1969/4060 3368/2015/4249 3372/2010/4233
f 3297/1952/4235 3419/1995/4250 3291/1772/4251
f 3243/1954/4237 3367/2020/4252 3239/1782/4253
f 3290/1766/3842 3424/1990/4254 3296/1956/4082
f 3238/1775/3851 3370/2017/4255 3242/1964/4083
f 3289/1974/4256 3423/1985/4240 3417/1991/4257
f 3237/1975/4258 3369/2014/4247 3365/2018/4259
f 3294/1976/4072 3416/1992/4260 3422/1986/4242
f 3240/1785/3864 3364/2019/4261 3368/2015/4249
f 3293/1784/4245 3415/1999/4262 3287/1745/4263
f 3239/1782/4253 3363/2024/4264 3235/1754/4264
f 3292/1777/3855 3414/1994/4265 3420/1988/4248
f 3234/1748/3828 3366/2021/4266 3238/1775/3851
f 3291/1772/4251 3413/2001/4267 3285/1732/4268
f 3233/1769/4269 3365/2018/4259 3361/2022/4270
f 3284/1726/3807 3418/1996/4271 3290/1766/3842
f 3232/2035/3816 3364/2019/4261 3236/1762/3840
f 3283/1759/4272 3417/1991/4257 3411/1997/4273
f 3231/1755/4274 3363/2024/4264 3359/2036/4275
f 3288/1750/3831 3410/1998/4276 3416/1992/4260
f 3230/1723/3804 3362/2025/4277 3234/1748/3828
f 3287/1745/4263 3409/2004/4278 3281/1702/4279
f 3229/1742/4280 3361/2022/4270 3357/2026/4281
f 3286/1738/3820 3408/2000/4282 3414/1994/4265
f 3228/1704/3787 3360/2029/4283 3232/1734/3816
f 3285/1732/4268 3407/1889/4284 3279/1684/3983
f 3227/1695/4285 3359/2028/4275 3355/2032/4286
f 3278/1675/3757 3412/2002/4287 3284/1726/3807
f 3226/1687/3769 3358/2030/4288 3230/1723/3804
f 3277/1720/4289 3411/1997/4273 3405/2003/3975
f 3328/1681/3763 3333/1812/4290 3205/1717/3799
f 3225/1714/4291 3357/2026/4281 3353/2031/3981
f 3282/1710/3794 3404/1880/3970 3410/1998/4276
f 3327/1708/4292 3334/1803/3881 3455/1977/3978
f 3224/1669/3751 3356/2027/4293 3228/1704/3787
f 3281/1702/4279 3403/1877/4294 3275/1648/3965
f 3326/1662/3745 3329/1794/4295 3201/1698/3781
f 3223/1696/4296 3355/2032/4286 3351/2033/3972
f 3280/1692/3776 3402/1874/3961 3408/2000/4282
f 3458/1/4297 3459/2/4298 3457/3/4299
f 3460/4/4300 3461/5/4301 3459/2/4298
f 3462/6/4302 3463/7/4303 3461/5/4301
f 3464/141/4304 3465/9/4305 3463/7/4303
f 3466/8/4306 3467/11/4307 3465/9/4305
f 3468/10/4308 3469/13/4309 3467/11/4307
f 3470/12/4310 3471/15/4311 3469/13/4309
f 3472/14/4312 3473/17/4313 3471/15/4311
f 3474/16/4314 3475/19/4315 3473/17/4313
f 3476/18/4316 3477/21/4317 3475/19/4315
f 3478/20/4318 3479/23/4319 3477/21/4317
f 3480/22/4320 3481/25/4321 3479/23/4319
f 3482/24/4322 3483/27/4323 3481/25/4321
f 3484/26/4324 3485/29/4325 3483/27/4323
f 3486/28/4326 3487/31/4327 3485/29/4325
f 3488/30/4328 3489/33/4329 3487/31/4327
f 3490/32/4330 3491/35/4331 3489/33/4329
f 3492/34/4332 3493/37/4333 3491/35/4331
f 3494/190/4334 3495/40/4335 3493/38/4333
f 3495/40/4335 3498/41/4336 3497/42/4337
f 3497/42/4337 3500/43/4338 3499/44/4339
f 3499/44/4339 3502/45/4340 3501/46/4341
f 3501/46/4341 3504/47/4342 3503/48/4343
f 3503/48/4343 3506/49/4344 3505/50/4345
f 3505/50/4345 3508/51/4346 3507/52/4347
f 3507/52/4347 3510/53/4348 3509/54/4349
f 3509/54/4349 3512/55/4350 3511/56/4351
f 3511/56/4351 3514/57/4352 3513/58/4353
f 3513/58/4353 3516/59/4354 3515/60/4355
f 3515/60/4355 3518/61/4356 3517/62/4357
f 3517/62/4357 3520/63/4358 3519/64/4359
f 3519/64/4359 3522/65/4360 3521/66/4361
f 3521/66/4361 3524/67/4362 3523/68/4363
f 3523/68/4363 3526/69/4364 3525/70/4365
f 3525/70/4365 3528/71/4366 3527/72/4367
f 3527/72/4367 3530/74/4368 3529/73/4369
f 3529/73/4369 3532/76/4370 3531/75/4371
f 3531/75/4371 3534/78/4372 3533/77/4373
f 3533/77/4373 3536/80/4374 3535/79/4375
f 3535/79/4375 3538/82/4376 3537/81/4377
f 3537/81/4377 3540/84/4378 3539/83/4379
f 3539/83/4379 3542/86/4380 3541/85/4381
f 3541/85/4381 3544/88/4382 3543/87/4383
f 3543/87/4383 3546/90/4384 3545/89/4385
f 3545/89/4385 3548/92/4386 3547/91/4387
f 3547/91/4387 3550/94/4388 3549/93/4389
f 3549/93/4389 3552/96/4390 3551/95/4391
f 3551/95/4391 3554/98/4392 3553/97/4393
f 3553/97/4393 3556/100/4394 3555/99/4395
f 3555/99/4395 3558/161/4396 3557/101/4397
f 3557/104/4397 3560/105/4398 3559/103/4399
f 3560/105/4398 3561/106/4400 3559/103/4399
f 3562/107/4401 3563/108/4402 3561/106/4400
f 3564/109/4403 3565/110/4404 3563/108/4402
f 3566/111/4405 3567/112/4406 3565/110/4404
f 3568/113/4407 3569/114/4408 3567/112/4406
f 3570/115/4409 3571/116/4410 3569/114/4408
f 3572/117/4411 3573/118/4412 3571/116/4410
f 3574/119/4413 3575/120/4414 3573/118/4412
f 3576/121/4415 3577/122/4416 3575/120/4414
f 3578/123/4417 3579/124/4418 3577/122/4416
f 3580/125/4419 3581/126/4420 3579/124/4418
f 3498/41/4336 3606/127/4421 3500/43/4338
f 3582/128/4422 3583/129/4423 3581/126/4420
f 3584/130/4424 3457/3/4299 3583/129/4423
f 3587/136/4426 3649/267/4427 3651/135/4428
f 3570/115/4409 3640/137/4429 3641/138/4430
f 3516/59/4354 3615/140/4431 3518/61/4356
f 3466/8/4306 3588/200/4432 3589/142/4433
f 3534/78/4372 3624/144/4434 3536/80/4374
f 3484/26/4324 3597/201/4435 3598/145/4436
f 3552/96/4390 3633/147/4437 3554/98/4392
f 3500/43/4338 3607/148/4438 3502/45/4340
f 3572/117/4411 3641/138/4430 3642/149/4439
f 3518/61/4356 3616/150/4440 3520/63/4358
f 3468/10/4308 3589/142/4433 3590/151/4441
f 3536/80/4374 3625/152/4442 3538/82/4376
f 3486/28/4326 3598/145/4436 3599/153/4443
f 3554/98/4392 3634/154/4444 3556/100/4394
f 3502/45/4340 3608/155/4445 3504/47/4342
f 3574/119/4413 3642/149/4439 3643/156/4446
f 3520/63/4358 3617/157/4447 3522/65/4360
f 3470/12/4310 3590/151/4441 3591/158/4448
f 3538/82/4376 3626/159/4449 3540/84/4378
f 3488/30/4328 3599/153/4443 3600/160/4450
f 3556/100/4394 3635/162/4451 3558/161/4396
f 3504/47/4342 3609/163/4452 3506/49/4344
f 3576/121/4415 3643/156/4446 3644/164/4453
f 3522/65/4360 3618/165/4454 3524/67/4362
f 3472/14/4312 3591/158/4448 3592/166/4455
f 3540/84/4378 3627/167/4456 3542/86/4380
f 3490/32/4330 3600/160/4450 3601/168/4457
f 3558/102/4396 3636/170/4458 3560/105/4398
f 3506/49/4344 3610/171/4459 3508/51/4346
f 3578/123/4417 3644/164/4453 3645/172/4460
f 3524/67/4362 3619/173/4461 3526/69/4364
f 3474/16/4314 3592/166/4455 3593/174/4462
f 3542/86/4380 3628/175/4463 3544/88/4382
f 3492/34/4332 3601/168/4457 3602/176/4464
f 3562/107/4401 3636/170/4458 3637/177/4465
f 3508/51/4346 3611/178/4466 3510/53/4348
f 3580/125/4419 3645/172/4460 3646/179/4467
f 3526/69/4364 3620/180/4468 3528/71/4366
f 3476/18/4316 3593/174/4462 3594/181/4469
f 3544/88/4382 3629/182/4470 3546/90/4384
f 3494/36/4334 3602/176/4464 3603/183/4471
f 3564/109/4403 3637/177/4465 3638/184/4472
f 3460/4/4300 3586/199/4473 3585/134/4474
f 3510/53/4348 3612/185/4475 3512/55/4350
f 3582/128/4422 3646/179/4467 3647/186/4476
f 3528/71/4366 3621/187/4477 3530/74/4368
f 3478/20/4318 3594/181/4469 3595/188/4478
f 3546/90/4384 3630/189/4479 3548/92/4386
f 3496/39/4480 3603/248/4471 3604/191/4481
f 3566/111/4405 3638/184/4472 3639/192/4482
f 3512/55/4350 3613/193/4483 3514/57/4352
f 3584/130/4424 3647/186/4476 3648/194/4484
f 3462/6/4302 3585/134/4474 3587/136/4426
f 3530/74/4368 3622/195/4485 3532/76/4370
f 3480/22/4320 3595/188/4478 3596/196/4486
f 3548/92/4386 3631/197/4487 3550/94/4388
f 3496/39/4480 3605/198/4488 3498/41/4336
f 3568/113/4407 3639/192/4482 3640/137/4429
f 3514/57/4352 3614/139/4489 3516/59/4354
f 3458/1/4297 3648/194/4484 3586/199/4473
f 3464/141/4304 3587/136/4426 3588/200/4432
f 3532/76/4370 3623/143/4490 3534/78/4372
f 3482/24/4322 3596/196/4486 3597/201/4435
f 3550/94/4388 3632/146/4491 3552/96/4390
f 3654/204/4492 3717/333/4493 3718/203/4494
f 3640/137/4429 3703/205/4495 3704/206/4496
f 3613/193/4483 3678/208/4497 3614/139/4489
f 3588/200/4432 3651/135/4428 3652/209/4498
f 3641/138/4430 3704/206/4496 3705/210/4499
f 3614/139/4489 3679/211/4500 3615/140/4431
f 3589/142/4433 3652/209/4498 3653/202/4501
f 3642/149/4439 3705/210/4499 3706/212/4502
f 3615/140/4431 3680/213/4503 3616/150/4440
f 3590/151/4441 3653/202/4501 3654/204/4492
f 3643/156/4446 3706/212/4502 3707/214/4504
f 3616/150/4440 3681/215/4505 3617/157/4447
f 3591/158/4448 3654/204/4492 3655/216/4506
f 3644/164/4453 3707/214/4504 3708/217/4507
f 3617/157/4447 3682/218/4508 3618/165/4454
f 3592/166/4455 3655/216/4506 3656/219/4509
f 3645/172/4460 3708/217/4507 3709/220/4510
f 3618/165/4454 3683/221/4511 3619/173/4461
f 3593/174/4462 3656/219/4509 3657/222/4512
f 3646/179/4467 3709/220/4510 3710/223/4513
f 3619/173/4461 3684/224/4514 3620/180/4468
f 3594/181/4469 3657/222/4512 3658/225/4515
f 3647/186/4476 3710/223/4513 3711/226/4516
f 3620/180/4468 3685/227/4517 3621/187/4477
f 3595/188/4478 3658/225/4515 3659/228/4518
f 3648/194/4484 3711/226/4516 3712/229/4519
f 3621/187/4477 3686/230/4520 3622/195/4485
f 3596/196/4486 3659/228/4518 3660/231/4521
f 3586/199/4473 3712/229/4519 3650/232/4522
f 3622/195/4485 3687/233/4523 3623/143/4490
f 3597/201/4435 3660/231/4521 3661/234/4524
f 3623/143/4490 3688/235/4525 3624/144/4434
f 3598/145/4436 3661/234/4524 3662/236/4526
f 3624/144/4434 3689/237/4527 3625/152/4442
f 3599/153/4443 3662/236/4526 3663/238/4528
f 3625/152/4442 3690/239/4529 3626/159/4449
f 3600/160/4450 3663/238/4528 3664/240/4530
f 3626/159/4449 3691/241/4531 3627/167/4456
f 3601/168/4457 3664/240/4530 3665/242/4532
f 3627/167/4456 3692/243/4533 3628/175/4463
f 3602/176/4464 3665/242/4532 3666/244/4534
f 3628/175/4463 3693/245/4535 3629/182/4470
f 3603/183/4471 3666/244/4534 3667/246/4536
f 3629/182/4470 3694/247/4537 3630/189/4479
f 3604/191/4481 3667/305/4536 3668/249/4538
f 3630/189/4479 3695/250/4539 3631/197/4487
f 3604/191/4481 3669/251/4540 3605/198/4488
f 3631/197/4487 3696/252/4541 3632/146/4491
f 3605/198/4488 3670/253/4542 3606/127/4421
f 3632/146/4491 3697/254/4543 3633/147/4437
f 3606/127/4421 3671/255/4544 3607/148/4438
f 3633/147/4437 3698/256/4545 3634/154/4444
f 3607/148/4438 3672/257/4546 3608/155/4445
f 3634/154/4444 3699/258/4547 3635/162/4451
f 3608/155/4445 3673/259/4548 3609/163/4452
f 3635/169/4451 3700/261/4549 3636/170/4458
f 3609/163/4452 3674/262/4550 3610/171/4459
f 3637/177/4465 3700/261/4549 3701/263/4551
f 3610/171/4459 3675/264/4552 3611/178/4466
f 3638/184/4472 3701/263/4551 3702/265/4553
f 3611/178/4466 3676/266/4554 3612/185/4475
f 3585/134/4474 3650/232/4522 3649/267/4427
f 3639/192/4482 3702/265/4553 3703/205/4495
f 3612/185/4475 3677/207/4555 3613/193/4483
f 3721/270/4556 3784/398/4557 3785/269/4558
f 3707/214/4504 3770/271/4559 3771/272/4560
f 3680/213/4503 3745/274/4561 3681/215/4505
f 3655/216/4506 3718/203/4494 3719/275/4562
f 3708/217/4507 3771/272/4560 3772/276/4563
f 3681/215/4505 3746/277/4564 3682/218/4508
f 3656/219/4509 3719/275/4562 3720/268/4565
f 3709/220/4510 3772/276/4563 3773/278/4566
f 3682/218/4508 3747/279/4567 3683/221/4511
f 3657/222/4512 3720/268/4565 3721/270/4556
f 3710/223/4513 3773/278/4566 3774/280/4568
f 3683/221/4511 3748/281/4569 3684/224/4514
f 3658/225/4515 3721/270/4556 3722/282/4570
f 3711/226/4516 3774/280/4568 3775/283/4571
f 3684/224/4514 3749/284/4572 3685/227/4517
f 3659/228/4518 3722/282/4570 3723/285/4573
f 3712/229/4519 3775/283/4571 3776/286/4574
f 3685/227/4517 3750/287/4575 3686/230/4520
f 3660/231/4521 3723/285/4573 3724/288/4576
f 3650/232/4522 3776/286/4574 3714/289/4577
f 3686/230/4520 3751/290/4578 3687/233/4523
f 3661/234/4524 3724/288/4576 3725/291/4579
f 3687/233/4523 3752/292/4580 3688/235/4525
f 3662/236/4526 3725/291/4579 3726/293/4581
f 3688/235/4525 3753/294/4582 3689/237/4527
f 3663/238/4528 3726/293/4581 3727/295/4583
f 3689/237/4527 3754/296/4584 3690/239/4529
f 3664/240/4530 3727/295/4583 3728/297/4585
f 3690/239/4529 3755/298/4586 3691/241/4531
f 3665/242/4532 3728/297/4585 3729/299/4587
f 3691/241/4531 3756/300/4588 3692/243/4533
f 3666/244/4534 3729/299/4587 3730/301/4589
f 3692/243/4533 3757/302/4590 3693/245/4535
f 3667/246/4536 3730/301/4589 3731/303/4591
f 3693/245/4535 3758/304/4592 3694/247/4537
f 3667/305/4536 3732/306/4593 3668/249/4538
f 3694/247/4537 3759/307/4594 3695/250/4539
f 3668/249/4538 3733/308/4595 3669/251/4540
f 3695/250/4539 3760/309/4596 3696/252/4541
f 3669/251/4540 3734/310/4597 3670/253/4542
f 3696/252/4541 3761/311/4598 3697/254/4543
f 3670/253/4542 3735/312/4599 3671/255/4544
f 3697/254/4543 3762/313/4600 3698/256/4545
f 3671/255/4544 3736/314/4601 3672/257/4546
f 3698/256/4545 3763/315/4602 3699/258/4547
f 3672/257/4546 3737/316/4603 3673/259/4548
f 3700/261/4549 3763/317/4602 3764/318/4604
f 3673/259/4548 3738/319/4605 3674/262/4550
f 3701/263/4551 3764/318/4604 3765/320/4606
f 3674/262/4550 3739/321/4607 3675/264/4552
f 3702/265/4553 3765/320/4606 3766/322/4608
f 3675/264/4552 3740/323/4609 3676/266/4554
f 3649/267/4427 3714/289/4577 3713/324/4610
f 3703/205/4495 3766/322/4608 3767/325/4611
f 3676/266/4554 3741/326/4612 3677/207/4555
f 3651/135/4428 3713/324/4610 3715/327/4613
f 3704/206/4496 3767/325/4611 3768/328/4614
f 3677/207/4555 3742/329/4615 3678/208/4497
f 3652/209/4498 3715/327/4613 3716/330/4616
f 3705/210/4499 3768/328/4614 3769/331/4617
f 3678/208/4497 3743/332/4618 3679/211/4500
f 3653/202/4501 3716/330/4616 3717/333/4493
f 3706/212/4502 3769/331/4617 3770/271/4559
f 3679/211/4500 3744/273/4619 3680/213/4503
f 3788/336/4620 3851/464/4621 3852/335/4622
f 3774/280/4568 3837/399/4623 3838/337/4624
f 3747/279/4567 3812/339/4625 3748/281/4569
f 3722/282/4570 3785/269/4558 3786/340/4626
f 3775/283/4571 3838/337/4624 3839/341/4627
f 3748/281/4569 3813/342/4628 3749/284/4572
f 3723/285/4573 3786/340/4626 3787/334/4629
f 3776/286/4574 3839/341/4627 3840/343/4630
f 3749/284/4572 3814/344/4631 3750/287/4575
f 3724/288/4576 3787/334/4629 3788/336/4620
f 3714/289/4577 3840/343/4630 3778/345/4632
f 3750/287/4575 3815/346/4633 3751/290/4578
f 3725/291/4579 3788/336/4620 3789/347/4634
f 3751/290/4578 3816/348/4635 3752/292/4580
f 3726/293/4581 3789/347/4634 3790/349/4636
f 3752/292/4580 3817/350/4637 3753/294/4582
f 3727/295/4583 3790/349/4636 3791/351/4638
f 3753/294/4582 3818/352/4639 3754/296/4584
f 3728/297/4585 3791/351/4638 3792/353/4640
f 3754/296/4584 3819/354/4641 3755/298/4586
f 3729/299/4587 3792/353/4640 3793/355/4642
f 3755/298/4586 3820/356/4643 3756/300/4588
f 3730/301/4589 3793/355/4642 3794/357/4644
f 3756/300/4588 3821/358/4645 3757/302/4590
f 3731/303/4591 3794/357/4644 3795/359/4646
f 3757/302/4590 3822/360/4647 3758/304/4592
f 3731/361/4591 3796/362/4648 3732/306/4593
f 3758/304/4592 3823/363/4649 3759/307/4594
f 3732/306/4593 3797/364/4650 3733/308/4595
f 3759/307/4594 3824/365/4651 3760/309/4596
f 3733/308/4595 3798/366/4652 3734/310/4597
f 3760/309/4596 3825/367/4653 3761/311/4598
f 3734/310/4597 3799/368/4654 3735/312/4599
f 3761/311/4598 3826/369/4655 3762/313/4600
f 3735/312/4599 3800/370/4656 3736/314/4601
f 3762/313/4600 3827/371/4657 3763/315/4602
f 3736/314/4601 3801/372/4658 3737/316/4603
f 3764/318/4604 3827/373/4657 3828/374/4659
f 3737/316/4603 3802/375/4660 3738/319/4605
f 3765/320/4606 3828/374/4659 3829/376/4661
f 3738/319/4605 3803/377/4662 3739/321/4607
f 3766/322/4608 3829/376/4661 3830/378/4663
f 3739/321/4607 3804/379/4664 3740/323/4609
f 3713/324/4610 3778/345/4632 3777/380/4665
f 3767/325/4611 3830/378/4663 3831/381/4666
f 3740/323/4609 3805/382/4667 3741/326/4612
f 3715/327/4613 3777/380/4665 3779/383/4668
f 3768/328/4614 3831/381/4666 3832/384/4669
f 3741/326/4612 3806/385/4670 3742/329/4615
f 3716/330/4616 3779/383/4668 3780/386/4671
f 3769/331/4617 3832/384/4669 3833/387/4672
f 3742/329/4615 3807/388/4673 3743/332/4618
f 3717/333/4493 3780/386/4671 3781/389/4674
f 3770/271/4559 3833/387/4672 3834/390/4675
f 3743/332/4618 3808/391/4676 3744/273/4619
f 3718/203/4494 3781/389/4674 3782/392/4677
f 3771/272/4560 3834/390/4675 3835/393/4678
f 3744/273/4619 3809/394/4679 3745/274/4561
f 3719/275/4562 3782/392/4677 3783/395/4680
f 3772/276/4563 3835/393/4678 3836/396/4681
f 3745/274/4561 3810/397/4682 3746/277/4564
f 3720/268/4565 3783/395/4680 3784/398/4557
f 3773/278/4566 3836/396/4681 3837/399/4623
f 3746/277/4564 3811/338/4683 3747/279/4567
f 3855/400/4684 3918/401/4685 3919/402/4686
f 3778/345/4632 3904/465/4687 3842/403/4688
f 3814/344/4631 3879/404/4689 3815/346/4633
f 3789/347/4634 3852/335/4622 3853/405/4690
f 3815/346/4633 3880/406/4691 3816/348/4635
f 3790/349/4636 3853/405/4690 3854/407/4692
f 3816/348/4635 3881/408/4693 3817/350/4637
f 3791/351/4638 3854/407/4692 3855/400/4684
f 3817/350/4637 3882/409/4694 3818/352/4639
f 3792/353/4640 3855/400/4684 3856/410/4695
f 3818/352/4639 3883/411/4696 3819/354/4641
f 3793/355/4642 3856/410/4695 3857/412/4697
f 3819/354/4641 3884/413/4698 3820/356/4643
f 3794/357/4644 3857/412/4697 3858/414/4699
f 3820/356/4643 3885/415/4700 3821/358/4645
f 3795/359/4646 3858/414/4699 3859/416/4701
f 3821/358/4645 3886/417/4702 3822/360/4647
f 3796/362/4648 3859/2037/4701 3860/419/4703
f 3822/360/4647 3887/420/4704 3823/363/4649
f 3796/362/4648 3861/421/4705 3797/364/4650
f 3823/363/4649 3888/422/4706 3824/365/4651
f 3797/364/4650 3862/423/4707 3798/366/4652
f 3824/365/4651 3889/424/4708 3825/367/4653
f 3798/366/4652 3863/425/4709 3799/368/4654
f 3825/367/4653 3890/426/4710 3826/369/4655
f 3799/368/4654 3864/427/4711 3800/370/4656
f 3826/369/4655 3891/428/4712 3827/371/4657
f 3800/370/4656 3865/429/4713 3801/372/4658
f 3827/373/4657 3892/431/4714 3828/374/4659
f 3801/372/4658 3866/432/4715 3802/375/4660
f 3829/376/4661 3892/431/4714 3893/433/4716
f 3802/375/4660 3867/434/4717 3803/377/4662
f 3830/378/4663 3893/433/4716 3894/435/4718
f 3803/377/4662 3868/436/4719 3804/379/4664
f 3777/380/4665 3842/403/4688 3841/437/4720
f 3831/381/4666 3894/435/4718 3895/438/4721
f 3804/379/4664 3869/439/4722 3805/382/4667
f 3779/383/4668 3841/437/4720 3843/440/4723
f 3832/384/4669 3895/438/4721 3896/441/4724
f 3805/382/4667 3870/442/4725 3806/385/4670
f 3780/386/4671 3843/440/4723 3844/443/4726
f 3833/387/4672 3896/441/4724 3897/444/4727
f 3806/385/4670 3871/445/4728 3807/388/4673
f 3781/389/4674 3844/443/4726 3845/446/4729
f 3834/390/4675 3897/444/4727 3898/447/4730
f 3807/388/4673 3872/448/4731 3808/391/4676
f 3782/392/4677 3845/446/4729 3846/449/4732
f 3835/393/4678 3898/447/4730 3899/450/4733
f 3808/391/4676 3873/451/4734 3809/394/4679
f 3783/395/4680 3846/449/4732 3847/452/4735
f 3836/396/4681 3899/450/4733 3900/453/4736
f 3809/394/4679 3874/454/4737 3810/397/4682
f 3784/398/4557 3847/452/4735 3848/455/4738
f 3837/399/4623 3900/453/4736 3901/456/4739
f 3810/397/4682 3875/457/4740 3811/338/4683
f 3785/269/4558 3848/455/4738 3849/458/4741
f 3838/337/4624 3901/456/4739 3902/459/4742
f 3811/338/4683 3876/460/4743 3812/339/4625
f 3786/340/4626 3849/458/4741 3850/461/4744
f 3839/341/4627 3902/459/4742 3903/462/4745
f 3812/339/4625 3877/463/4746 3813/342/4628
f 3787/334/4629 3850/461/4744 3851/464/4621
f 3840/343/4630 3903/462/4745 3904/465/4687
f 3813/342/4628 3878/466/4747 3814/344/4631
f 4803/469/4748 3985/659/4749 3986/468/4750
f 3881/408/4693 3946/470/4751 3882/409/4694
f 3856/410/4695 3919/402/4686 3920/471/4752
f 3882/409/4694 3947/472/4753 3883/411/4696
f 3857/412/4697 3920/471/4752 3921/473/4754
f 3883/411/4696 3948/474/4755 3884/413/4698
f 3858/414/4699 3921/473/4754 3922/475/4756
f 3884/413/4698 3949/476/4757 3885/415/4700
f 3858/414/4699 3923/477/4758 3859/416/4701
f 3885/415/4700 3950/478/4759 3886/417/4702
f 3859/2037/4701 3924/480/4760 3860/419/4703
f 3886/417/4702 3951/481/4761 3887/420/4704
f 3860/419/4703 3925/482/4762 3861/421/4705
f 3887/420/4704 3952/483/4763 3888/422/4706
f 3861/421/4705 3926/484/4764 3862/423/4707
f 3888/422/4706 3953/485/4765 3889/424/4708
f 3862/423/4707 3927/486/4766 3863/425/4709
f 3889/424/4708 3954/487/4767 3890/426/4710
f 3863/425/4709 3928/488/4768 3864/427/4711
f 3891/428/4712 3954/487/4767 3955/489/4769
f 3864/427/4711 3929/490/4770 3865/429/4713
f 3892/431/4714 3955/1736/4769 3956/491/4771
f 3865/429/4713 3930/492/4772 3866/432/4715
f 3893/433/4716 3956/491/4771 3957/493/4773
f 3866/432/4715 3931/494/4774 3867/434/4717
f 3894/435/4718 3957/493/4773 3958/495/4775
f 3867/434/4717 3932/496/4776 3868/436/4719
f 3841/437/4720 3906/497/4777 3905/498/4778
f 3895/438/4721 3958/495/4775 3959/499/4779
f 3868/436/4719 3933/500/4780 3869/439/4722
f 3843/440/4723 3905/498/4778 3907/501/4781
f 3896/441/4724 3959/499/4779 3960/502/4782
f 3869/439/4722 3934/503/4783 3870/442/4725
f 3844/443/4726 3907/501/4781 3908/504/4784
f 3897/444/4727 3960/502/4782 3961/505/4785
f 3870/442/4725 3935/506/4786 3871/445/4728
f 3845/446/4729 3908/504/4784 3909/507/4787
f 3898/447/4730 3961/505/4785 3962/508/4788
f 3871/445/4728 3936/509/4789 3872/448/4731
f 3846/449/4732 3909/507/4787 3910/510/4790
f 3899/450/4733 3962/508/4788 3963/511/4791
f 3872/448/4731 3937/512/4792 3873/451/4734
f 3847/452/4735 3910/510/4790 3911/513/4793
f 3900/453/4736 3963/511/4791 3964/514/4794
f 3873/451/4734 3938/515/4795 3874/454/4737
f 3848/455/4738 3911/513/4793 3912/516/4796
f 3901/456/4739 3964/514/4794 3965/517/4797
f 3874/454/4737 3939/518/4798 3875/457/4740
f 3849/458/4741 3912/516/4796 3913/519/4799
f 3902/459/4742 3965/517/4797 3966/520/4800
f 3875/457/4740 3940/521/4801 3876/460/4743
f 3850/461/4744 3913/519/4799 3914/522/4802
f 3903/462/4745 3966/520/4800 3967/523/4803
f 3876/460/4743 3941/524/4804 3877/463/4746
f 3851/464/4621 3914/522/4802 3915/525/4805
f 3904/465/4687 3967/523/4803 3968/526/4806
f 3877/463/4746 3942/527/4807 3878/466/4747
f 3852/335/4622 3915/525/4805 3916/528/4808
f 3842/403/4688 3968/526/4806 3906/497/4777
f 3878/466/4747 3943/529/4809 3879/404/4689
f 3853/405/4690 3916/528/4808 3917/530/4810
f 3879/404/4689 3944/531/4811 3880/406/4691
f 3854/407/4692 3917/530/4810 3918/401/4685
f 3880/406/4691 3945/532/4812 3881/408/4693
f 3989/535/4813 4052/726/4814 4053/534/4815
f 4806/536/4816 4013/537/4817 4807/538/4818
f 4809/540/4819 3986/468/4750 3987/539/4820
f 4807/538/4818 4014/541/4821 4811/542/4822
f 4813/544/4823 3987/725/4820 3988/533/4824
f 4815/546/4825 4014/541/4821 4015/545/4826
f 4817/547/4827 3988/533/4824 3989/535/4813
f 4819/549/4828 4015/545/4826 4016/548/4829
f 4821/551/4830 3989/535/4813 3990/550/4831
f 4823/553/4832 4016/548/4829 4017/552/4833
f 4825/555/4834 3990/550/4831 3991/554/4835
f 4827/556/4836 4017/552/4833 4018/557/4837
f 4829/559/4838 3991/554/4835 3992/558/4839
f 4831/560/4840 4018/557/4837 4019/561/4841
f 4833/563/4842 3992/558/4839 3993/562/4843
f 4835/564/4844 4019/565/4841 4020/566/4845
f 4837/568/4846 3993/562/4843 3994/567/4847
f 4839/569/4848 4020/566/4845 4021/570/4849
f 4841/572/4850 3994/567/4847 3995/571/4851
f 4843/573/4852 4021/570/4849 4022/574/4853
f 4845/576/4854 3995/571/4851 3996/575/4855
f 4849/577/4856 3970/578/4857 3969/579/4858
f 4851/580/4859 4022/574/4853 4023/581/4860
f 4853/583/4861 3996/575/4855 3997/582/4862
f 4849/577/4856 3971/585/4863 4855/584/4864
f 4857/586/4865 4023/581/4860 4024/587/4866
f 4859/589/4867 3997/582/4862 3998/588/4868
f 4861/590/4869 3971/585/4863 3972/591/4870
f 4863/592/4871 4024/587/4866 4025/593/4872
f 4859/589/4867 3999/594/4873 4865/595/4874
f 4867/596/4875 3972/591/4870 3973/597/4876
f 4869/598/4877 4025/593/4872 4026/599/4878
f 4871/601/4879 3999/594/4873 4000/600/4880
f 4873/602/4881 3973/597/4876 3974/603/4882
f 4875/604/4883 4026/599/4878 4027/605/4884
f 4877/607/4885 4000/600/4880 4001/606/4886
f 4879/608/4887 3974/603/4882 3975/609/4888
f 4881/610/4889 4027/605/4884 4028/611/4890
f 4877/607/4885 4002/612/4891 4883/613/4892
f 4885/614/4893 3975/609/4888 3976/615/4894
f 4887/616/4895 4028/611/4890 4029/617/4896
f 4883/613/4892 4003/618/4897 4889/619/4898
f 4891/620/4899 3976/615/4894 3977/621/4900
f 4893/622/4901 4029/617/4896 4030/623/4902
f 4889/619/4898 4004/624/4903 4895/625/4904
f 4897/626/4905 3977/621/4900 3978/627/4906
f 4899/628/4907 4030/623/4902 4031/629/4908
f 4895/625/4904 4005/630/4909 4901/631/4910
f 4903/632/4911 3978/627/4906 3979/633/4912
f 4905/634/4913 4031/629/4908 4032/635/4914
f 4907/637/4915 4005/630/4909 4006/636/4916
f 4909/638/4917 3979/633/4912 3980/639/4918
f 4848/640/4919 4032/635/4914 3970/578/4857
f 4911/642/4920 4006/636/4916 4007/641/4921
f 4913/643/4922 3980/639/4918 3981/644/4923
f 4911/642/4920 4008/645/4924 4915/646/4925
f 4917/647/4926 3981/644/4923 3982/648/4927
f 4915/646/4925 4009/649/4928 4919/650/4929
f 4921/651/4930 3982/648/4927 3983/652/4931
f 4919/650/4929 4010/653/4932 4923/654/4933
f 4925/655/4934 3983/652/4931 3984/656/4935
f 4923/654/4933 4011/657/4936 4927/658/4937
f 4802/467/4938 3984/656/4935 3985/659/4749
f 4927/658/4937 4012/660/4939 4806/536/4816
f 4055/667/4940 4120/663/4941 4056/661/4942
f 4016/548/4829 4079/727/4943 4080/664/4944
f 3990/550/4831 4053/534/4815 4054/665/4945
f 4017/552/4833 4080/664/4944 4081/666/4946
f 3991/554/4835 4054/665/4945 4055/667/4940
f 4018/557/4837 4081/666/4946 4082/668/4947
f 3992/558/4839 4055/667/4940 4056/661/4942
f 4019/561/4841 4082/668/4947 4083/669/4948
f 3993/562/4843 4056/661/4942 4057/670/4949
f 4020/566/4845 4083/671/4948 4084/672/4950
f 3994/567/4847 4057/670/4949 4058/673/4951
f 4020/566/4845 4085/674/4952 4021/570/4849
f 3995/571/4851 4058/673/4951 4059/675/4953
f 4021/570/4849 4086/676/4954 4022/574/4853
f 3996/575/4855 4059/675/4953 4060/677/4955
f 3970/578/4857 4033/679/4956 3969/579/4858
f 4022/574/4853 4087/680/4957 4023/581/4860
f 3997/582/4862 4060/677/4955 4061/681/4958
f 3969/579/4858 4035/682/4959 3971/585/4863
f 4023/581/4860 4088/683/4960 4024/587/4866
f 3998/588/4868 4061/681/4958 4062/684/4961
f 3971/585/4863 4036/685/4962 3972/591/4870
f 4024/587/4866 4089/686/4963 4025/593/4872
f 3999/594/4873 4062/684/4961 4063/687/4964
f 3972/591/4870 4037/688/4965 3973/597/4876
f 4025/593/4872 4090/689/4966 4026/599/4878
f 4000/600/4880 4063/687/4964 4064/690/4967
f 3973/597/4876 4038/691/4968 3974/603/4882
f 4026/599/4878 4091/692/4969 4027/605/4884
f 4001/606/4886 4064/690/4967 4065/693/4970
f 3974/603/4882 4039/694/4971 3975/609/4888
f 4027/605/4884 4092/695/4972 4028/611/4890
f 4002/612/4891 4065/693/4970 4066/696/4973
f 3975/609/4888 4040/697/4974 3976/615/4894
f 4028/611/4890 4093/698/4975 4029/617/4896
f 4003/618/4897 4066/696/4973 4067/699/4976
f 3976/615/4894 4041/700/4977 3977/621/4900
f 4029/617/4896 4094/701/4978 4030/623/4902
f 4004/624/4903 4067/699/4976 4068/702/4979
f 3977/621/4900 4042/703/4980 3978/627/4906
f 4030/623/4902 4095/704/4981 4031/629/4908
f 4005/630/4909 4068/702/4979 4069/705/4982
f 3978/627/4906 4043/706/4983 3979/633/4912
f 4031/629/4908 4096/707/4984 4032/635/4914
f 4006/636/4916 4069/705/4982 4070/708/4985
f 3979/633/4912 4044/709/4986 3980/639/4918
f 4032/635/4914 4034/678/4987 3970/578/4857
f 4007/641/4921 4070/708/4985 4071/710/4988
f 3980/639/4918 4045/711/4989 3981/644/4923
f 4008/645/4924 4071/710/4988 4072/712/4990
f 3981/644/4923 4046/713/4991 3982/648/4927
f 4009/649/4928 4072/712/4990 4073/714/4992
f 3982/648/4927 4047/715/4993 3983/652/4931
f 4010/653/4932 4073/714/4992 4074/716/4994
f 3983/652/4931 4048/717/4995 3984/656/4935
f 4011/657/4936 4074/716/4994 4075/718/4996
f 3984/656/4935 4049/719/4997 3985/659/4749
f 4012/660/4939 4075/718/4996 4076/720/4998
f 3985/659/4749 4050/721/4999 3986/468/4750
f 4013/537/4817 4076/720/4998 4077/722/5000
f 3986/468/4750 4051/723/5001 3987/539/4820
f 4014/541/4821 4077/722/5000 4078/724/5002
f 3988/533/4824 4051/2041/5001 4052/726/4814
f 4015/545/4826 4078/724/5002 4079/727/4943
f 4674/728/5003 4223/729/5004 4675/730/5005
f 4083/669/4948 4146/793/5006 4147/731/5007
f 4056/661/4942 4121/732/5008 4057/670/4949
f 4084/672/4950 4147/2042/5007 4148/733/5009
f 4057/670/4949 4122/734/5010 4058/673/4951
f 4085/674/4952 4148/733/5009 4149/735/5011
f 4058/673/4951 4123/736/5012 4059/675/4953
f 4086/676/4954 4149/735/5011 4150/737/5013
f 4059/675/4953 4124/738/5014 4060/677/4955
f 4033/679/4956 4098/770/5015 4097/739/5016
f 4087/680/4957 4150/737/5013 4151/740/5017
f 4060/677/4955 4125/741/5018 4061/681/4958
f 4035/682/4959 4097/739/5016 4099/742/5019
f 4088/683/4960 4151/740/5017 4152/743/5020
f 4061/681/4958 4126/744/5021 4062/684/4961
f 4036/685/4962 4099/742/5019 4100/745/5022
f 4089/686/4963 4152/743/5020 4153/746/5023
f 4062/684/4961 4127/747/5024 4063/687/4964
f 4037/688/4965 4100/745/5022 4101/748/5025
f 4090/689/4966 4153/746/5023 4154/749/5026
f 4063/687/4964 4128/750/5027 4064/690/4967
f 4038/691/4968 4101/748/5025 4102/751/5028
f 4091/692/4969 4154/749/5026 4155/752/5029
f 4064/690/4967 4129/753/5030 4065/693/4970
f 4039/694/4971 4102/751/5028 4103/754/5031
f 4092/695/4972 4155/752/5029 4156/755/5032
f 4065/693/4970 4130/756/5033 4066/696/4973
f 4040/697/4974 4103/754/5031 4104/757/5034
f 4093/698/4975 4156/755/5032 4157/758/5035
f 4066/696/4973 4131/759/5036 4067/699/4976
f 4041/700/4977 4104/757/5034 4105/760/5037
f 4094/701/4978 4157/758/5035 4158/761/5038
f 4067/699/4976 4132/762/5039 4068/702/4979
f 4042/703/4980 4105/760/5037 4106/763/5040
f 4095/704/4981 4158/761/5038 4159/764/5041
f 4068/702/4979 4133/765/5042 4069/705/4982
f 4043/706/4983 4106/763/5040 4107/766/5043
f 4096/707/4984 4159/764/5041 4160/767/5044
f 4069/705/4982 4134/768/5045 4070/708/4985
f 4044/709/4986 4107/766/5043 4108/769/5046
f 4034/678/4987 4160/767/5044 4098/770/5015
f 4070/708/4985 4135/771/5047 4071/710/4988
f 4045/711/4989 4108/769/5046 4109/772/5048
f 4071/710/4988 4136/773/5049 4072/712/4990
f 4046/713/4991 4109/772/5048 4110/774/5050
f 4072/712/4990 4137/775/5051 4073/714/4992
f 4047/715/4993 4110/774/5050 4111/776/5052
f 4073/714/4992 4138/777/5053 4074/716/4994
f 4048/717/4995 4111/776/5052 4112/778/5054
f 4074/716/4994 4139/779/5055 4075/718/4996
f 4049/719/4997 4112/778/5054 4113/780/5056
f 4075/718/4996 4140/781/5057 4076/720/4998
f 4049/719/4997 4114/782/5058 4050/721/4999
f 4076/720/4998 4141/783/5059 4077/722/5000
f 4050/721/4999 4115/784/5060 4051/723/5001
f 4077/722/5000 4142/785/5061 4078/724/5002
f 4051/2041/5001 4116/787/5062 4052/726/4814
f 4078/724/5002 4143/788/5063 4079/727/4943
f 4052/726/4814 4117/789/5064 4053/534/4815
f 4079/727/4943 4144/790/5065 4080/664/4944
f 4053/534/4815 4118/791/5066 4054/665/4945
f 4080/664/4944 4145/792/5067 4081/666/4946
f 4054/665/4945 4119/662/5068 4055/667/4940
f 4082/668/4947 4145/792/5067 4146/793/5006
f 4483/794/5069 4264/795/5070 4484/796/5071
f 4678/922/5072 4197/799/5073 4679/797/5074
f 4682/800/5075 4171/801/5076 4683/802/5077
f 4685/804/5078 4223/729/5004 4224/803/5079
f 4679/797/5074 4198/806/5080 4687/805/5081
f 4683/802/5077 4172/807/5082 4689/808/5083
f 4685/804/5078 4162/809/5084 4691/810/5085
f 4693/811/5086 4198/806/5080 4199/812/5087
f 4689/808/5083 4173/813/5088 4695/814/5089
f 4697/815/5090 4199/812/5087 4200/816/5091
f 4699/818/5092 4173/813/5088 4174/817/5093
f 4701/819/5094 4200/816/5091 4201/820/5095
f 4699/818/5092 4175/821/5096 4703/822/5097
f 4705/823/5098 4201/820/5095 4202/824/5099
f 4703/822/5097 4176/825/5100 4707/826/5101
f 4709/827/5102 4202/824/5099 4203/828/5103
f 4711/830/5104 4176/825/5100 4177/829/5105
f 4713/831/5106 4203/828/5103 4204/832/5107
f 4711/830/5104 4178/834/5108 4715/833/5109
f 4717/835/5110 4204/832/5107 4205/836/5111
f 4719/837/5112 4178/834/5108 4179/838/5113
f 4717/835/5110 4206/840/5114 4721/839/5115
f 4719/1535/5112 4180/843/5116 4723/841/5117
f 4721/839/5115 4207/845/5118 4725/844/5119
f 4723/841/5117 4181/847/5120 4727/846/5121
f 4729/848/5122 4207/845/5118 4208/849/5123
f 4727/846/5121 4182/851/5124 4731/850/5125
f 4729/848/5122 4209/853/5126 4733/852/5127
f 4735/854/5128 4182/851/5124 4183/855/5129
f 4737/857/5130 4209/853/5126 4210/856/5131
f 4739/858/5132 4183/855/5129 4184/859/5133
f 4741/861/5134 4210/856/5131 4211/860/5135
f 4739/858/5132 4185/863/5136 4743/862/5137
f 4745/866/5138 4211/2038/5135 4212/865/5139
f 4747/867/5140 4185/863/5136 4186/868/5141
f 4749/870/5142 4212/865/5139 4213/869/5143
f 4747/867/5140 4187/872/5144 4751/871/5145
f 4749/870/5142 4214/873/5146 4753/874/5147
f 4755/875/5148 4187/872/5144 4188/876/5149
f 4691/810/5085 4161/877/5150 4757/878/5151
f 4753/874/5147 4215/879/5152 4759/880/5153
f 4761/881/5154 4188/876/5149 4189/882/5155
f 4757/878/5151 4163/883/5156 4763/884/5157
f 4759/880/5153 4216/885/5158 4765/886/5159
f 4767/887/5160 4189/882/5155 4190/888/5161
f 4769/890/5162 4163/883/5156 4164/889/5163
f 4765/886/5159 4217/891/5164 4771/892/5165
f 4773/893/5166 4190/888/5161 4191/894/5167
f 4769/890/5162 4165/895/5168 4775/896/5169
f 4771/892/5165 4218/897/5170 4777/898/5171
f 4773/893/5166 4192/900/5172 4779/899/5173
f 4775/896/5169 4166/901/5174 4781/902/5175
f 4783/904/5176 4218/897/5170 4219/903/5177
f 4785/905/5178 4192/900/5172 4193/906/5179
f 4781/902/5175 4167/907/5180 4787/908/5181
f 4789/910/5182 4219/903/5177 4220/909/5183
f 4785/905/5178 4194/912/5184 4791/911/5185
f 4793/914/5186 4167/907/5180 4168/913/5187
f 4789/910/5182 4221/915/5188 4795/916/5189
f 4791/911/5185 4195/918/5190 4797/917/5191
f 4799/920/5192 4168/913/5187 4169/919/5193
f 4674/728/5003 4221/915/5188 4222/921/5194
f 4797/917/5191 4196/798/5195 4678/922/5072
f 4799/920/5192 4170/923/5196 4682/800/5075
f 4490/927/5200 4237/928/5201 4238/929/5202
f 4493/931/5203 4264/795/5070 4265/930/5204
f 4490/927/5200 4239/933/5205 4496/932/5206
f 4499/935/5207 4265/930/5204 4266/934/5208
f 4502/936/5209 4239/933/5205 4240/937/5210
f 4499/935/5207 4267/938/5211 4505/939/5212
f 4508/940/5213 4240/937/5210 4241/941/5214
f 4511/943/5215 4267/938/5211 4268/942/5216
f 4508/940/5213 4242/944/5217 4514/945/5218
f 4511/943/5215 4269/946/5219 4517/947/5220
f 4514/945/5218 4243/948/5221 4520/949/5222
f 4517/947/5220 4270/950/5223 4523/951/5224
f 4526/954/5225 4243/2043/5221 4244/953/5226
f 4523/951/5224 4271/955/5227 4529/956/5228
f 4526/954/5225 4245/957/5229 4532/958/5230
f 4529/956/5228 4272/959/5231 4535/960/5232
f 4538/962/5233 4245/957/5229 4246/961/5234
f 4535/960/5232 4273/963/5235 4541/964/5236
f 4544/966/5237 4246/961/5234 4247/965/5238
f 4541/964/5236 4274/968/5239 4547/967/5240
f 4550/970/5241 4247/965/5238 4248/969/5242
f 4547/967/5240 4275/972/5243 4553/971/5244
f 4556/974/5245 4248/969/5242 4249/973/5246
f 4559/975/5247 4275/976/5243 4276/977/5248
f 4556/974/5245 4250/978/5249 4562/979/5250
f 4559/975/5247 4277/981/5251 4565/980/5252
f 4568/983/5253 4250/978/5249 4251/982/5254
f 4571/984/5255 4277/981/5251 4278/985/5256
f 4568/983/5253 4252/986/5257 4574/987/5258
f 4579/1051/5259 4225/990/5260 4580/988/5261
f 4583/991/5262 4278/985/5256 4279/992/5263
f 4574/987/5258 4253/993/5264 4586/994/5265
f 4580/988/5261 4227/996/5266 4589/995/5267
f 4583/991/5262 4280/998/5268 4592/997/5269
f 4595/1000/5270 4253/993/5264 4254/999/5271
f 4589/995/5267 4228/1002/5272 4598/1001/5273
f 4601/1003/5274 4280/998/5268 4281/1004/5275
f 4595/1000/5270 4255/1005/5276 4604/1006/5277
f 4598/1001/5273 4229/1008/5278 4607/1007/5279
f 4601/1003/5274 4282/1010/5280 4610/1009/5281
f 4604/1006/5277 4256/1011/5282 4613/1012/5283
f 4607/1007/5279 4230/1014/5284 4616/1013/5285
f 4610/1009/5281 4283/1016/5286 4619/1015/5287
f 4622/1018/5288 4256/1011/5282 4257/1017/5289
f 4625/1019/5290 4230/1014/5284 4231/1020/5291
f 4619/1015/5287 4284/1022/5292 4628/1021/5293
f 4622/1018/5288 4258/1023/5294 4631/1024/5295
f 4625/1019/5290 4232/1026/5296 4634/1025/5297
f 4637/1027/5298 4284/1022/5292 4285/1028/5299
f 4631/1024/5295 4259/1029/5300 4640/1030/5301
f 4643/1031/5302 4232/1026/5296 4233/1032/5303
f 4646/1033/5304 4285/1028/5299 4286/1034/5305
f 4649/1036/5306 4259/1029/5300 4260/1035/5307
f 4643/1031/5302 4234/1038/5308 4652/1037/5309
f 4646/1033/5304 4287/1040/5310 4655/1039/5311
f 4649/1036/5306 4261/1041/5312 4658/1042/5313
f 4652/1037/5309 4235/1044/5314 4661/1043/5315
f 4655/1039/5311 4288/1046/5316 4664/1045/5317
f 4667/1048/5318 4261/1041/5312 4262/1047/5319
f 4661/1043/5315 4236/1050/5320 4670/1049/5321
f 4579/1051/5259 4288/1046/5316 4226/989/5322
f 4483/794/5069 4262/1047/5319 4263/1052/5323
f 4670/1049/5321 4237/928/5201 4489/1053/5324
f 4173/813/5088 4672/1312/5583 4487/1313/5584
f 4487/1313/5584 4671/1314/5585 4488/1315/5586
f 4671/1314/5585 4489/1053/5324 4488/1315/5586
f 4198/806/5080 4481/1316/5587 4199/812/5087
f 4669/1317/5588 4482/1318/5589 4481/1316/5587
f 4668/1319/5590 4483/794/5069 4482/1318/5589
f 4224/803/5079 4577/1321/5591 4162/809/5084
f 4577/1321/5591 4665/1322/5592 4578/1323/5593
f 4578/1323/5593 4664/1045/5317 4579/1051/5259
f 4172/807/5082 4663/1324/5594 4672/1312/5583
f 4672/1312/5583 4662/1325/5595 4671/1314/5585
f 4671/1314/5585 4661/1043/5315 4670/1049/5321
f 4198/806/5080 4660/1326/5596 4669/1317/5588
f 4669/1317/5588 4659/1327/5597 4668/1319/5590
f 4659/1327/5597 4667/1048/5318 4668/1319/5590
f 4223/729/5004 4666/1320/5598 4224/803/5079
f 4657/1328/5599 4665/1322/5592 4666/1320/5598
f 4665/1322/5592 4655/1039/5311 4664/1045/5317
f 4170/923/5196 4663/1324/5594 4171/801/5076
f 4654/1330/5600 4662/1325/5595 4663/1324/5594
f 4653/1331/5601 4661/1043/5315 4662/1325/5595
f 4196/798/5195 4660/1326/5596 4197/799/5073
f 4651/1332/5602 4659/1327/5597 4660/1326/5596
f 4650/1333/5603 4658/1042/5313 4659/1327/5597
f 4222/921/5194 4657/1328/5599 4223/729/5004
f 4657/1328/5599 4647/1335/5604 4656/1329/5605
f 4647/1335/5604 4655/1039/5311 4656/1329/5605
f 4169/919/5193 4654/1330/5600 4170/923/5196
f 4654/1330/5600 4644/1337/5606 4653/1331/5601
f 4644/1337/5606 4652/1037/5309 4653/1331/5601
f 4196/798/5195 4642/1338/5607 4651/1332/5602
f 4651/1332/5602 4641/1339/5608 4650/1333/5603
f 4650/1333/5603 4640/1030/5301 4649/1036/5306
f 4222/921/5194 4639/1340/5609 4648/1334/5610
f 4648/1334/5610 4638/1341/5611 4647/1335/5604
f 4638/1341/5611 4646/1033/5304 4647/1335/5604
f 4168/913/5187 4645/1336/5612 4169/919/5193
f 4645/1336/5612 4635/1343/5613 4644/1337/5606
f 4644/1337/5606 4634/1025/5297 4643/1031/5302
f 4195/918/5190 4633/1344/5614 4642/1338/5607
f 4642/1338/5607 4632/1345/5615 4641/1339/5608
f 4641/1339/5608 4631/1024/5295 4640/1030/5301
f 4220/909/5183 4639/1340/5609 4221/915/5188
f 4630/1346/5616 4638/1341/5611 4639/1340/5609
f 4629/1347/5617 4637/1027/5298 4638/1341/5611
f 4168/913/5187 4627/1348/5618 4636/1342/5619
f 4627/1348/5618 4635/1343/5613 4636/1342/5619
f 4635/1343/5613 4625/1019/5290 4634/1025/5297
f 4193/906/5179 4633/1344/5614 4194/912/5184
f 4624/1350/5620 4632/1345/5615 4633/1344/5614
f 4623/1351/5621 4631/1024/5295 4632/1345/5615
f 4220/909/5183 4621/1352/5622 4630/1346/5616
f 4630/1346/5616 4620/1353/5623 4629/1347/5617
f 4620/1353/5623 4628/1021/5293 4629/1347/5617
f 4166/901/5174 4627/1348/5618 4167/907/5180
f 4627/1348/5618 4617/1355/5624 4626/1349/5625
f 4617/1355/5624 4625/1019/5290 4626/1349/5625
f 4193/906/5179 4615/1356/5626 4624/1350/5620
f 4624/1350/5620 4614/1357/5627 4623/1351/5621
f 4623/1351/5621 4613/1012/5283 4622/1018/5288
f 4218/897/5170 4621/1352/5622 4219/903/5177
f 4621/1352/5622 4611/1359/5628 4620/1353/5623
f 4611/1359/5628 4619/1015/5287 4620/1353/5623
f 4166/901/5174 4609/1360/5629 4618/1354/5630
f 4618/1354/5630 4608/1361/5631 4617/1355/5624
f 4617/1355/5624 4607/1007/5279 4616/1013/5285
f 4192/900/5172 4606/1362/5632 4615/1356/5626
f 4606/1362/5632 4614/1357/5627 4615/1356/5626
f 4605/1363/5633 4613/1012/5283 4614/1357/5627
f 4218/897/5170 4603/1364/5634 4612/1358/5635
f 4612/1358/5635 4602/1365/5636 4611/1359/5628
f 4602/1365/5636 4610/1009/5281 4611/1359/5628
f 4164/889/5163 4609/1360/5629 4165/895/5168
f 4600/1366/5637 4608/1361/5631 4609/1360/5629
f 4599/1367/5638 4607/1007/5279 4608/1361/5631
f 4190/888/5161 4606/1362/5632 4191/894/5167
f 4597/1368/5639 4605/1363/5633 4606/1362/5632
f 4596/1369/5640 4604/1006/5277 4605/1363/5633
f 4216/885/5158 4603/1364/5634 4217/891/5164
f 4594/1370/5641 4602/1365/5636 4603/1364/5634
f 4602/1365/5636 4592/997/5269 4601/1003/5274
f 4163/883/5156 4600/1366/5637 4164/889/5163
f 4591/1372/5642 4599/1367/5638 4600/1366/5637
f 4590/1373/5643 4598/1001/5273 4599/1367/5638
f 4190/888/5161 4588/1374/5644 4597/1368/5639
f 4597/1368/5639 4587/1375/5645 4596/1369/5640
f 4596/1369/5640 4586/994/5265 4595/1000/5270
f 4216/885/5158 4585/1376/5646 4594/1370/5641
f 4585/1376/5646 4593/1371/5647 4594/1370/5641
f 4584/1377/5648 4592/997/5269 4593/1371/5647
f 4163/883/5156 4582/1378/5649 4591/1372/5642
f 4591/1372/5642 4581/1379/5650 4590/1373/5643
f 4590/1373/5643 4580/988/5261 4589/995/5267
f 4188/876/5149 4588/1374/5644 4189/882/5155
f 4576/1380/5651 4587/1375/5645 4588/1374/5644
f 4575/1381/5652 4586/994/5265 4587/1375/5645
f 4215/879/5152 4573/1382/5653 4585/1376/5646
f 4573/1382/5653 4584/1377/5648 4585/1376/5646
f 4572/1383/5654 4583/991/5262 4584/1377/5648
f 4162/809/5084 4582/1378/5649 4161/877/5150
f 4577/1321/5591 4581/1379/5650 4582/1378/5649
f 4578/1323/5593 4580/988/5261 4581/1379/5650
f 4187/872/5144 4576/1380/5651 4188/876/5149
f 4576/1380/5651 4569/1385/5655 4575/1381/5652
f 4575/1381/5652 4568/983/5253 4574/987/5258
f 4213/869/5143 4573/1382/5653 4214/873/5146
f 4567/1386/5656 4572/1383/5654 4573/1382/5653
f 4566/1387/5657 4571/984/5255 4572/1383/5654
f 4186/868/5141 4570/1384/5658 4187/872/5144
f 4564/1388/5659 4569/1385/5655 4570/1384/5658
f 4569/1385/5655 4562/979/5250 4568/983/5253
f 4213/869/5143 4561/1390/5660 4567/1386/5656
f 4567/1386/5656 4560/1391/5661 4566/1387/5657
f 4560/1391/5661 4565/980/5252 4566/1387/5657
f 4186/868/5141 4558/1392/5662 4564/1388/5659
f 4558/1392/5662 4563/1389/5663 4564/1388/5659
f 4557/1393/5664 4562/979/5250 4563/1389/5663
f 4211/2038/5135 4561/1390/5660 4212/865/5139
f 4555/1394/5665 4560/1391/5661 4561/1390/5660
f 4554/1395/5666 4559/975/5247 4560/1391/5661
f 4184/859/5133 4558/1392/5662 4185/863/5136
f 4552/1397/5667 4557/1393/5664 4558/1392/5662
f 4557/1393/5664 4550/970/5241 4556/974/5245
f 4210/856/5131 4555/1400/5665 4211/860/5135
f 4555/1400/5665 4548/1401/5668 4554/1402/5666
f 4548/1401/5668 4553/971/5244 4554/1402/5666
f 4184/859/5133 4546/1403/5669 4552/1397/5667
f 4552/1397/5667 4545/1404/5670 4551/1398/5671
f 4545/1404/5670 4550/970/5241 4551/1398/5671
f 4210/856/5131 4543/1405/5672 4549/1399/5673
f 4549/1399/5673 4542/1406/5674 4548/1401/5668
f 4548/1401/5668 4541/964/5236 4547/967/5240
f 4182/851/5124 4546/1403/5669 4183/855/5129
f 4540/1407/5675 4545/1404/5670 4546/1403/5669
f 4539/1408/5676 4544/966/5237 4545/1404/5670
f 4208/849/5123 4543/1405/5672 4209/853/5126
f 4537/1409/5677 4542/1406/5674 4543/1405/5672
f 4542/1406/5674 4535/960/5232 4541/964/5236
f 4181/847/5120 4540/1407/5675 4182/851/5124
f 4540/1407/5675 4533/1412/5678 4539/1408/5676
f 4533/1412/5678 4538/962/5233 4539/1408/5676
f 4207/845/5118 4537/1409/5677 4208/849/5123
f 4537/1409/5677 4530/1414/5679 4536/1410/5680
f 4530/1414/5679 4535/960/5232 4536/1410/5680
f 4180/843/5116 4534/1411/5681 4181/847/5120
f 4528/1415/5682 4533/1412/5678 4534/1411/5681
f 4533/1412/5678 4526/954/5225 4532/958/5230
f 4206/840/5114 4531/1413/5683 4207/845/5118
f 4525/1417/5684 4530/1414/5679 4531/1413/5683
f 4524/1418/5685 4529/956/5228 4530/1414/5679
f 4180/843/5116 4522/1419/5686 4528/1415/5682
f 4528/1415/5682 4521/1420/5687 4527/1416/5688
f 4527/1416/5688 4520/952/5222 4526/954/5225
f 4206/840/5114 4519/1421/5689 4525/1417/5684
f 4519/1421/5689 4524/1418/5685 4525/1417/5684
f 4518/1422/5690 4523/951/5224 4524/1418/5685
f 4178/834/5108 4522/1423/5686 4179/838/5113
f 4522/1423/5686 4515/1426/5691 4521/1425/5687
f 4521/1425/5687 4514/945/5218 4520/949/5222
f 4205/836/5111 4513/1427/5692 4519/1421/5689
f 4519/1421/5689 4512/1428/5693 4518/1422/5690
f 4512/1428/5693 4517/947/5220 4518/1422/5690
f 4178/834/5108 4510/1429/5694 4516/1424/5695
f 4510/1429/5694 4515/1426/5691 4516/1424/5695
f 4509/1430/5696 4514/945/5218 4515/1426/5691
f 4203/828/5103 4513/1427/5692 4204/832/5107
f 4507/1431/5697 4512/1428/5693 4513/1427/5692
f 4506/1432/5698 4511/943/5215 4512/1428/5693
f 4177/829/5105 4504/1433/5699 4510/1429/5694
f 4510/1429/5694 4503/1434/5700 4509/1430/5696
f 4509/1430/5696 4502/936/5209 4508/940/5213
f 4202/824/5099 4507/1431/5697 4203/828/5103
f 4507/1431/5697 4500/1436/5701 4506/1432/5698
f 4506/1432/5698 4499/935/5207 4505/939/5212
f 4176/825/5100 4498/1437/5702 4504/1433/5699
f 4498/1437/5702 4503/1434/5700 4504/1433/5699
f 4497/1438/5703 4502/936/5209 4503/1434/5700
f 4201/820/5095 4501/1435/5704 4202/824/5099
f 4501/1435/5704 4494/1440/5705 4500/1436/5701
f 4500/1436/5701 4493/931/5203 4499/935/5207
f 4175/821/5096 4492/1441/5706 4498/1437/5702
f 4492/1441/5706 4497/1438/5703 4498/1437/5702
f 4491/1442/5707 4496/932/5206 4497/1438/5703
f 4200/816/5091 4495/1439/5708 4201/820/5095
f 4486/1443/5709 4494/1440/5705 4495/1439/5708
f 4494/1440/5705 4484/796/5071 4493/931/5203
f 4174/817/5093 4487/1313/5584 4492/1441/5706
f 4492/1441/5706 4488/1315/5586 4491/1442/5707
f 4491/1442/5707 4489/1053/5324 4490/927/5200
f 4199/812/5087 4486/1443/5709 4200/816/5091
f 4481/1316/5587 4485/1444/5710 4486/1443/5709
f 4482/1318/5589 4484/796/5071 4485/1444/5710
f 4105/1445/5711 4681/1446/5712 4106/1447/5713
f 4800/1448/5714 4682/800/5075 4681/1446/5712
f 4132/1449/5715 4798/1450/5716 4677/1451/5717
f 4677/1451/5717 4797/917/5191 4678/922/5072
f 4157/1452/5718 4673/1453/5719 4158/1454/5720
f 4673/1453/5719 4795/916/5189 4674/728/5003
f 4105/1445/5711 4794/1457/5721 4800/1448/5714
f 4800/1448/5714 4793/914/5186 4799/920/5192
f 4130/1464/5722 4798/1450/5716 4131/1458/5723
f 4798/1450/5716 4791/911/5185 4797/917/5191
f 4157/1452/5718 4790/1461/5724 4796/1455/5725
f 4796/1455/5725 4789/910/5182 4795/916/5189
f 4103/1462/5726 4794/1457/5721 4104/1456/5727
f 4788/1463/5728 4793/914/5186 4794/1457/5721
f 4129/1470/5729 4792/1459/5730 4130/1464/5722
f 4786/1465/5731 4791/911/5185 4792/1459/5730
f 4155/1466/5732 4790/1461/5724 4156/1460/5733
f 4790/1461/5724 4783/904/5176 4789/910/5182
f 4103/1462/5726 4782/1469/5734 4788/1463/5728
f 4788/1463/5728 4781/902/5175 4787/908/5181
f 4129/1470/5729 4780/1471/5735 4786/1465/5731
f 4786/1465/5731 4779/899/5173 4785/905/5178
f 4154/1472/5736 4784/1467/5737 4155/1466/5732
f 4778/1473/5738 4783/904/5176 4784/1467/5737
f 4101/1474/5739 4782/1469/5734 4102/1468/5740
f 4776/1475/5741 4781/902/5175 4782/1469/5734
f 4127/1482/5742 4780/1471/5735 4128/1476/5743
f 4780/1471/5735 4773/893/5166 4779/899/5173
f 4154/1472/5736 4772/1479/5744 4778/1473/5738
f 4772/1479/5744 4777/898/5171 4778/1473/5738
f 4100/1480/5745 4776/1475/5741 4101/1474/5739
f 4776/1475/5741 4769/890/5162 4775/896/5169
f 4127/1482/5742 4768/1483/5746 4774/1477/5747
f 4768/1483/5746 4773/893/5166 4774/1477/5747
f 4153/1478/5748 4766/1485/5749 4772/1479/5744
f 4766/1485/5749 4771/892/5165 4772/1479/5744
f 4099/1486/5750 4770/1481/5751 4100/1480/5745
f 4764/1487/5752 4769/890/5162 4770/1481/5751
f 4126/1488/5753 4762/1489/5754 4768/1483/5746
f 4762/1489/5754 4767/887/5160 4768/1483/5746
f 4152/1484/5755 4760/1491/5756 4766/1485/5749
f 4766/1485/5749 4759/880/5153 4765/886/5159
f 4099/1486/5750 4758/1493/5757 4764/1487/5752
f 4758/1493/5757 4763/884/5157 4764/1487/5752
f 4125/1494/5758 4756/1495/5759 4762/1489/5754
f 4762/1489/5754 4755/875/5148 4761/881/5154
f 4150/1496/5760 4760/1491/5756 4151/1490/5761
f 4760/1491/5756 4753/874/5147 4759/880/5153
f 4098/1498/5762 4758/1493/5757 4097/1492/5763
f 4692/1499/5764 4757/878/5151 4758/1493/5757
f 4124/1500/5765 4752/1501/5766 4756/1495/5759
f 4756/1495/5759 4751/871/5145 4755/875/5148
f 4149/1502/5767 4754/1497/5768 4150/1496/5760
f 4754/1497/5768 4749/870/5142 4753/874/5147
f 4123/1504/5769 4748/1505/5770 4752/1501/5766
f 4748/1505/5770 4751/871/5145 4752/1501/5766
f 4148/1506/5771 4750/1503/5772 4149/1502/5767
f 4750/1503/5772 4745/866/5138 4749/870/5142
f 4121/1512/5773 4748/1505/5770 4122/1508/5774
f 4744/1509/5775 4747/867/5140 4748/1505/5770
f 4148/1506/5771 4742/1511/5776 4746/1507/5777
f 4746/1507/5777 4741/864/5134 4745/866/5138
f 4120/1518/5778 4744/1509/5775 4121/1512/5773
f 4744/1509/5775 4739/858/5132 4743/862/5137
f 4147/1516/5779 4738/1517/5780 4742/1515/5776
f 4738/1517/5780 4741/861/5134 4742/1515/5776
f 4120/1518/5778 4736/1519/5781 4740/1513/5782
f 4740/1513/5782 4735/854/5128 4739/858/5132
f 4145/1520/5783 4738/1517/5780 4146/1514/5784
f 4738/1517/5780 4733/852/5127 4737/857/5130
f 4119/1522/5785 4732/1523/5786 4736/1519/5781
f 4736/1519/5781 4731/850/5125 4735/854/5128
f 4144/1527/5787 4734/1521/5788 4145/1520/5783
f 4734/1521/5788 4729/848/5122 4733/852/5127
f 4117/1529/5789 4732/1523/5786 4118/1525/5790
f 4732/1523/5786 4727/846/5121 4731/850/5125
f 4144/1527/5787 4726/1528/5791 4730/1524/5792
f 4730/1524/5792 4725/844/5119 4729/848/5122
f 4117/1529/5789 4724/1530/5793 4728/1526/5794
f 4728/1526/5794 4723/841/5117 4727/846/5121
f 4142/1536/5795 4726/1528/5791 4143/1531/5796
f 4722/1532/5797 4725/844/5119 4726/1528/5791
f 4116/1533/5798 4720/1534/5799 4724/1530/5793
f 4720/1534/5799 4723/841/5117 4724/1530/5793
f 4142/1536/5795 4718/1537/5800 4722/1532/5797
f 4718/1537/5800 4721/839/5115 4722/1532/5797
f 4115/1538/5801 4716/1539/5802 4720/1540/5799
f 4720/1540/5799 4715/833/5109 4719/837/5112
f 4141/1541/5803 4714/1542/5804 4718/1537/5800
f 4714/1542/5804 4717/835/5110 4718/1537/5800
f 4114/1543/5805 4712/1544/5806 4716/1539/5802
f 4712/1544/5806 4715/833/5109 4716/1539/5802
f 4140/1545/5807 4710/1546/5808 4714/1542/5804
f 4710/1546/5808 4713/831/5106 4714/1542/5804
f 4112/1547/5809 4712/1544/5806 4113/1548/5810
f 4712/1544/5806 4707/826/5101 4711/830/5104
f 4138/1554/5811 4710/1546/5808 4139/1550/5812
f 4710/1546/5808 4705/823/5098 4709/827/5102
f 4112/1547/5809 4704/1553/5813 4708/1549/5814
f 4704/1553/5813 4707/826/5101 4708/1549/5814
f 4137/1558/5815 4706/1551/5816 4138/1554/5811
f 4706/1551/5816 4701/819/5094 4705/823/5098
f 4111/1552/5817 4700/1557/5818 4704/1553/5813
f 4704/1553/5813 4699/818/5092 4703/822/5097
f 4136/1562/5819 4702/1555/5820 4137/1558/5815
f 4698/1559/5821 4701/819/5094 4702/1555/5820
f 4109/1560/5822 4700/1557/5818 4110/1556/5823
f 4696/1561/5824 4699/818/5092 4700/1557/5818
f 4135/1566/5825 4698/1559/5821 4136/1562/5819
f 4698/1559/5821 4693/811/5086 4697/815/5090
f 4109/1560/5822 4690/1565/5826 4696/1561/5824
f 4690/1565/5826 4695/814/5089 4696/1561/5824
f 4134/1572/5827 4694/1563/5828 4135/1566/5825
f 4688/1567/5829 4693/811/5086 4694/1563/5828
f 4098/1498/5762 4686/1569/5830 4692/1499/5764
f 4692/1499/5764 4685/804/5078 4691/810/5085
f 4107/1570/5831 4690/1565/5826 4108/1564/5832
f 4684/1571/5833 4689/808/5083 4690/1565/5826
f 4133/1576/5834 4688/1567/5829 4134/1572/5827
f 4680/1573/5835 4687/805/5081 4688/1567/5829
f 4160/1568/5836 4676/1575/5837 4686/1569/5830
f 4676/1575/5837 4685/804/5078 4686/1569/5830
f 4107/1570/5831 4681/1446/5712 4684/1571/5833
f 4684/1571/5833 4682/800/5075 4683/802/5077
f 4133/1576/5834 4677/1451/5717 4680/1573/5835
f 4677/1451/5717 4679/797/5074 4680/1573/5835
f 4158/1454/5720 4676/1575/5837 4159/1574/5838
f 4673/1453/5719 4675/730/5005 4676/1575/5837
f 3947/472/4753 4805/1578/5839 3948/474/4755
f 4863/1579/5840 4997/1580/5841 4991/1581/5842
f 3921/473/4754 4926/1590/5843 4801/1582/5844
f 4816/1583/5845 4940/1584/5846 4944/1585/5847
f 3946/470/4751 4928/1577/5848 3947/472/4753
f 4919/1587/5849 5043/1588/5850 4915/1589/5851
f 3920/471/4752 4922/1598/5852 4926/1590/5843
f 4864/1591/5853 4998/1592/5854 4870/1593/5855
f 3945/532/4812 4924/1586/5856 3946/470/4751
f 4817/1595/4827 4941/1596/5857 4813/1597/4823
f 3919/402/4686 4918/1606/5858 4922/1598/5852
f 4920/1599/5859 5044/1600/5860 5048/1601/5861
f 3944/531/4811 4920/1594/5862 3945/532/4812
f 4871/1603/5863 4993/1604/5864 4865/1605/5865
f 3918/401/4685 4914/1614/5866 4918/1606/5858
f 4818/1607/5867 4942/1608/5868 4946/1609/5869
f 3943/529/4809 4916/1602/5870 3944/531/4811
f 4917/1611/4926 5049/1612/5871 5045/1613/5872
f 3917/530/4810 4910/1626/5873 4914/1614/5866
f 4872/1615/5874 4994/1616/5875 5000/1617/5876
f 3942/527/4807 4912/1610/5877 3943/529/4809
f 4819/1619/5878 4943/1620/5879 4815/1621/5880
f 3906/497/4777 4906/1633/5881 4847/1622/5882
f 4918/1623/5883 5050/1624/5884 4922/1625/5885
f 3916/528/4808 4904/1636/5886 4910/1626/5873
f 4867/1627/5887 5001/1628/5888 4995/1629/5889
f 3941/524/4804 4908/1618/5890 3942/527/4807
f 4820/1631/5891 4944/1585/5847 4948/1632/5892
f 3968/526/4806 4900/1643/5893 4906/1633/5881
f 4923/1634/5894 5047/1635/5895 4919/1587/5849
f 3915/525/4805 4898/1646/5896 4904/1636/5886
f 4868/1637/5897 5002/1638/5898 4874/1639/5899
f 3940/521/4801 4902/1630/5900 3941/524/4804
f 4821/1641/4830 4945/1642/5901 4817/1595/4827
f 3967/523/4803 4894/1652/5902 4900/1643/5893
f 4924/1644/5903 5048/1601/5861 5052/1645/5904
f 3914/522/4802 4892/1655/5905 4898/1646/5896
f 4869/1647/5906 5003/1648/5907 4997/1580/5841
f 3939/518/4798 4896/1640/5908 3940/521/4801
f 4822/1650/5909 4946/1609/5869 4950/1651/5910
f 3966/520/4800 4888/1661/5911 4894/1652/5902
f 4921/1653/4930 5053/1654/5912 5049/1612/5871
f 3913/519/4799 4886/1664/5913 4892/1655/5905
f 4870/1593/5855 5004/1656/5914 4876/1657/5915
f 3938/515/4795 4890/1649/5916 3939/518/4798
f 4823/1659/5917 4947/1660/5918 4819/1619/5878
f 3965/517/4797 4882/1670/5919 4888/1661/5911
f 4922/1625/5885 5054/1662/5920 4926/1663/5921
f 3912/516/4796 4880/1673/5922 4886/1664/5913
f 4877/1665/5923 4999/1666/5924 4871/1603/5863
f 3937/512/4792 4884/1658/5925 3938/515/4795
f 4824/1668/5926 4948/1632/5892 4952/1669/5927
f 3964/514/4794 4876/1679/5928 4882/1670/5919
f 4927/1671/5929 5051/1672/5930 4923/1634/5894
f 3911/513/4793 4874/1682/5931 4880/1673/5922
f 4878/1674/5932 5000/1617/5876 5006/1675/5933
f 3936/509/4789 4878/1667/5934 3937/512/4792
f 4825/1677/4834 4949/1678/5935 4821/1641/4830
f 3963/511/4791 4870/1688/5936 4876/1679/5928
f 4928/1680/5937 5052/1645/5904 5056/1681/5938
f 3910/510/4790 4868/1691/5939 4874/1682/5931
f 4873/1683/5940 5007/1684/5941 5001/1628/5888
f 3935/506/4786 4872/1676/5942 3936/509/4789
f 4826/1686/5943 4950/1651/5910 4954/1687/5944
f 3962/508/4788 4864/1697/5945 4870/1688/5936
f 4925/1689/4934 4930/1690/5946 5053/1654/5912
f 3909/507/4787 4862/1700/5947 4868/1691/5939
f 4874/1639/5899 5008/1692/5948 4880/1693/5949
f 3934/503/4783 4866/1685/5950 3935/506/4786
f 4827/1728/5951 4951/1696/5952 4823/1659/5917
f 3961/505/4785 4858/1706/5953 4864/1697/5945
f 4926/1663/5921 4929/1698/5954 4801/1699/5955
f 3908/504/4784 4856/1709/5956 4862/1700/5947
f 4875/1701/5957 5009/1702/5958 5003/1648/5907
f 3933/500/4780 4860/1694/5959 3934/503/4783
f 4824/1668/5926 4956/1704/5960 4828/1705/5961
f 3960/502/4782 4852/1715/5962 4858/1706/5953
f 4806/1707/5963 5055/1708/5964 4927/1671/5929
f 3907/501/4781 4850/1718/5965 4856/1709/5956
f 4876/1657/5915 5010/1710/5966 4882/1711/5967
f 3932/496/4776 4854/1703/5968 3933/500/4780
f 4829/1713/4838 4953/1714/5969 4825/1677/4834
f 3959/499/4779 4844/1724/5970 4852/1715/5962
f 4805/1716/5971 5056/1681/5938 4933/1717/5972
f 3905/498/4778 4847/1622/5882 4850/1718/5965
f 4883/1719/5973 5005/1720/5974 4877/1665/5923
f 3931/494/4774 4846/1712/5975 3932/496/4776
f 4830/1722/5976 4954/1687/5944 4958/1723/5977
f 3958/495/4775 4840/1730/5978 4844/1724/5970
f 4884/1725/5979 5006/1675/5933 5012/1726/5980
f 3930/492/4772 4842/1721/5981 3931/494/4774
f 4831/2045/5982 4955/1695/5983 4827/1728/5951
f 3957/493/4773 4836/1737/5984 4840/1730/5978
f 4879/1731/5985 5013/1732/5986 5007/1684/5941
f 3929/490/4770 4838/1727/5987 3930/492/4772
f 4828/1705/5961 4960/1734/5988 4832/1735/5989
f 3956/491/4771 4832/2039/5990 4836/1737/5984
f 4880/1693/5949 5014/1738/5991 4886/1739/5992
f 3928/488/4768 4834/1733/5993 3929/490/4770
f 4833/1741/4842 4957/1742/5994 4829/1713/4838
f 3955/489/4769 4828/1749/5995 4832/1743/5990
f 4881/1744/5996 5015/1745/5997 5009/1702/5958
f 3927/486/4766 4830/1740/5998 3928/488/4768
f 4834/1747/5999 4958/1723/5977 4962/1748/6000
f 3954/487/4767 4824/1757/6001 4828/1749/5995
f 4882/1711/5967 5016/1750/6002 4888/1751/6003
f 3926/484/4764 4826/1746/6004 3927/486/4766
f 4831/1753/5982 4963/1754/6005 4959/1755/6006
f 3952/483/4763 4824/1757/6001 3953/485/4765
f 4889/1758/6007 5011/1759/6008 4883/1719/5973
f 3925/482/4762 4822/1752/6009 3926/484/4764
f 4832/1761/5989 4964/1762/6010 4836/1763/6011
f 3951/481/4761 4820/1756/6012 3952/483/4763
f 4890/1765/6013 5012/1726/5980 5018/1766/6014
f 3924/480/4760 4818/1760/6015 3925/482/4762
f 4837/1768/6016 4961/1769/6017 4833/1741/4842
f 3950/478/4759 4816/1764/6018 3951/481/4761
f 4885/1771/6019 5019/1772/6020 5013/1732/5986
f 3923/479/4758 4814/1767/6021 3924/480/4760
f 4838/1774/6022 4962/1748/6000 4966/1775/6023
f 3949/476/4757 4812/1770/6024 3950/478/4759
f 4886/1739/5992 5020/1777/6025 4892/1778/6026
f 3922/475/4756 4810/1780/6027 3923/477/4758
f 4835/1781/6028 4967/1782/6029 4963/1754/6005
f 3948/474/4755 4808/1776/6030 3949/476/4757
f 4887/1783/6031 5021/1784/6032 5015/1745/5997
f 3921/473/4754 4804/1779/6033 3922/475/4756
f 4836/1763/6011 4968/1785/6034 4840/1786/6035
f 5032/1787/6036 5166/1788/6037 5038/1789/6038
f 4987/1790/6039 5109/1791/6040 4981/1792/6041
f 4929/1698/5954 5060/1795/6042 4932/1793/6043
f 5033/1796/6044 5104/1797/6045 5161/1798/6046
f 4988/1799/6047 5110/1800/6048 5116/1801/6049
f 4934/1804/6050 5063/1838/6051 5062/1803/6052
f 4975/1807/6053 5162/1978/6054 5103/1806/6055
f 4983/1808/6056 5117/1809/6057 5111/1810/6058
f 4933/1717/6059 5064/1813/6060 4936/1811/6061
f 5039/1814/6062 5163/1815/6063 5035/1816/6064
f 4990/1819/6065 5112/2006/6066 5118/1818/6067
f 4931/1822/6068 5065/2034/6069 5059/1821/6070
f 5036/1912/6071 5168/1825/6072 5040/1823/6073
f 4985/1826/6074 5119/1827/6075 5113/1828/6076
f 4932/1793/6043 5066/1830/6077 4938/1829/6078
f 5037/1831/6079 5169/1832/6080 5165/1833/6081
f 4992/1836/6082 5114/2005/6083 5120/1835/6084
f 4935/1802/6085 5067/1856/6086 5063/1838/6051
f 5038/1789/6038 5170/1839/6087 5042/1840/6088
f 4993/1604/5864 5115/1841/6089 4987/1790/6039
f 4936/1811/6061 5068/1842/6090 4940/1584/5846
f 5043/1588/5850 5167/1843/6091 5039/1814/6062
f 4994/1616/5875 5116/1801/6049 5122/1844/6092
f 4937/1846/6093 5069/1863/6094 5065/1845/6069
f 5040/1823/6073 5172/1847/6095 5044/1600/6096
f 4989/1848/6097 5123/1849/6098 5117/1809/6057
f 4942/1608/5868 5066/1850/6077 5070/1851/6099
f 5041/1852/6100 5173/1853/6101 5169/1832/6080
f 4996/1855/6102 5118/1818/6067 5124/1854/6103
f 4939/1837/6104 5071/1869/6105 5067/1856/6086
f 5042/1840/6088 5174/1857/6106 5046/1858/6107
f 4991/1581/5842 5125/1859/6108 5119/1827/6075
f 4940/1584/5846 5072/1860/6109 4944/1585/5847
f 5047/1635/5895 5171/1861/6110 5043/1588/5850
f 4998/1592/5854 5120/1835/6084 5126/1862/6111
f 4941/1596/5857 5073/1875/6112 5069/1863/6094
f 5044/1600/6096 5176/1864/6113 5048/1601/6114
f 4999/1666/5924 5121/1865/6115 4993/1604/5864
f 4946/1609/5869 5070/1851/6099 5074/1866/6116
f 5045/1613/5872 5177/1867/6117 5173/1853/6101
f 5000/1617/5876 5122/1844/6092 5128/1868/6118
f 4943/1620/5879 5075/1881/6119 5071/1869/6105
f 5046/1858/6107 5178/1870/6120 5050/1624/5884
f 4995/1629/5889 5129/1871/6121 5123/1849/6098
f 4944/1585/5847 5076/1872/6122 4948/1632/5892
f 5051/1672/5930 5175/1873/6123 5047/1635/5895
f 5002/1638/5898 5124/1854/6103 5130/1874/6124
f 4949/1678/5935 5073/1875/6112 4945/1642/5901
f 5048/1601/6114 5180/1876/6125 5052/1645/6126
f 4997/1580/5841 5131/1877/6127 5125/1859/6108
f 4950/1651/6128 5074/1866/6116 5078/1878/6129
f 5049/1612/5871 5181/1879/6130 5177/1867/6117
f 5004/1656/5914 5126/1862/6111 5132/1880/6131
f 4947/1660/5918 5079/2033/6132 5075/1881/6119
f 5050/1624/5884 5182/1882/6133 5054/1662/5920
f 5005/1720/5974 5127/1883/6134 4999/1666/5924
f 4948/1632/5892 5080/1884/6135 4952/1669/5927
f 5055/1708/5964 5179/1885/6136 5051/1672/5930
f 5006/1675/5933 5128/1868/6118 5134/1886/6137
f 4953/1714/5969 5077/1887/6138 4949/1678/5935
f 5052/1645/6126 5184/1888/6139 5056/1681/6140
f 5001/1628/5888 5135/1889/6141 5129/1871/6121
f 4954/1687/6142 5078/1878/6129 5082/1890/6143
f 5053/1654/5912 5058/1891/6144 5181/1879/6130
f 4914/1892/6145 5046/1858/6107 4918/1623/5883
f 4815/1621/5880 4939/1837/6104 4811/1893/6146
f 4862/1894/6147 4996/1855/6102 4868/1637/5897
f 4913/1895/6148 5045/1613/5872 5041/1852/6100
f 4814/1896/6149 4938/1897/6078 4942/1608/5868
f 4861/1898/6150 4995/1629/5889 4989/1848/6097
f 4916/1899/6151 5040/1823/6152 5044/1600/5860
f 4813/1597/4823 4937/1846/6093 4809/1900/4819
f 4866/1901/6153 4988/1799/6047 4994/1616/5875
f 4915/1589/5851 5039/1814/6062 4911/1902/6154
f 4812/1903/6155 4936/1811/6061 4940/1584/5846
f 4865/1605/5865 4987/1790/6039 4859/1904/6156
f 4910/1905/6157 5042/1840/6088 4914/1892/6145
f 4811/1893/6146 4935/1802/6085 4807/1906/6158
f 4858/1907/6159 4992/1836/6082 4864/1591/5853
f 4909/1908/6160 5041/1852/6100 5037/1831/6079
f 4810/1909/6161 4932/1793/6043 4938/1829/6078
f 4857/1910/6162 4991/1581/5842 4985/1826/6074
f 4912/1911/6163 5036/1912/6164 5040/1823/6152
f 4803/1914/4748 4937/1820/6093 4931/1822/6068
f 4856/1915/6165 4990/1819/6065 4862/1894/6147
f 4911/1902/6154 5035/1816/6064 4907/1916/6166
f 4808/1917/6167 4933/1717/5972 4936/1811/6061
f 4855/1918/6168 4989/1848/6097 4983/1808/6056
f 4906/1919/6169 4975/1807/6053 4847/1920/6170
f 4807/1906/6158 4934/1804/6050 4806/1707/5963
f 4860/1921/6171 4982/1922/6172 4988/1799/6047
f 4905/1923/6173 4976/1924/6174 5033/1796/6044
f 4801/1699/5955 4932/1793/6043 4804/1925/6175
f 4859/1904/6156 4981/1792/6041 4853/1926/6176
f 4904/1927/6177 5038/1789/6038 4910/1905/6157
f 4802/1928/4938 4931/1822/6068 4930/1690/5946
f 4852/1929/6178 4986/1834/6179 4858/1907/6159
f 4903/1930/6180 5037/1831/6079 5031/1931/6181
f 4851/1932/6182 4985/1826/6074 4979/1933/6183
f 4908/1934/6184 5030/1935/6185 5036/1912/6164
f 4850/1936/6186 4984/1817/6187 4856/1915/6165
f 4907/1916/6166 5029/1937/6188 4901/1938/6189
f 4849/1939/6190 4983/1808/6056 4977/1940/6191
f 4900/1941/6192 5034/1805/6193 4906/1919/6169
f 4854/1942/6194 4974/1943/6195 4982/1922/6172
f 4899/1944/6196 5033/1796/6044 5027/1945/6197
f 4853/1926/6176 4973/1946/6198 4845/1947/6199
f 4898/1948/6200 5032/1787/6036 4904/1927/6177
f 4844/1949/6201 4980/1950/6202 4852/1929/6178
f 4897/1951/6203 5031/1931/6181 5025/1952/6204
f 4843/1953/6205 4979/1933/6183 4971/1954/6206
f 4902/1955/6207 5024/1956/6208 5030/1935/6185
f 4847/1920/6170 4978/1957/6209 4850/1936/6186
f 4901/1938/6189 5023/1958/6210 4895/1959/6211
f 4848/1960/6212 4977/1940/6191 4976/1924/6174
f 4894/1961/6213 5028/1962/6214 4900/1941/6192
f 4846/1963/6215 4970/1964/6216 4974/1943/6195
f 4893/1965/6217 5027/1945/6197 5021/1784/6032
f 4845/1947/6199 4969/1966/6218 4841/1967/6219
f 4892/1778/6026 5026/1968/6220 4898/1948/6200
f 4840/1786/6035 4972/1969/6221 4844/1949/6201
f 4891/1970/6222 5025/1952/6204 5019/1772/6020
f 4839/1971/6223 4971/1954/6206 4967/1782/6029
f 4896/1972/6224 5018/1766/6014 5024/1956/6208
f 4842/1973/6225 4966/1775/6023 4970/1964/6216
f 4895/1959/6211 5017/1974/6226 4889/1758/6007
f 4841/1967/6219 4965/1975/6227 4837/1768/6016
f 4888/1751/6003 5022/1976/6228 4894/1961/6213
f 5184/1888/6229 5062/1803/6230 5061/1812/6231
f 5057/1794/6232 5181/1879/6130 5058/1891/6144
f 5180/1876/6233 5183/1977/6234 5184/1888/6229
f 5182/1882/6235 5177/1867/6117 5181/1879/6130
f 5176/1864/6236 5179/1885/6237 5180/1876/6233
f 5178/1870/6238 5173/1853/6101 5177/1867/6117
f 5172/1847/6239 5175/1873/6240 5176/1864/6236
f 5174/1857/6241 5169/1832/6242 5173/1853/6101
f 5168/1825/6243 5171/1861/6244 5172/1847/6239
f 5170/1839/6245 5165/1833/6246 5169/1832/6242
f 5164/1824/6247 5167/1843/6248 5168/1825/6243
f 5103/1806/6249 5161/1798/6250 5104/1797/6251
f 5166/1788/6252 5159/1983/6253 5165/1833/6246
f 5158/1984/6254 5163/1815/6255 5164/1824/6247
f 5162/1978/6256 5155/1987/6257 5161/1798/6250
f 5160/1979/6258 5153/1989/6259 5159/1983/6253
f 5152/1990/6260 5157/1980/6261 5158/1984/6254
f 5156/1981/6262 5149/1993/6263 5155/1987/6257
f 5154/1982/6264 5147/1995/6265 5153/1989/6259
f 5146/1996/6266 5151/1985/6267 5152/1990/6260
f 5150/1986/6268 5143/1999/6269 5149/1993/6263
f 5148/1988/6270 5141/2001/6271 5147/1995/6265
f 5140/2002/6272 5145/1991/6273 5146/1996/6266
f 5144/1992/6274 5137/2004/6275 5143/1999/6269
f 5142/1994/6276 5135/1889/6277 5141/2001/6271
f 5134/1886/6278 5139/1997/6279 5140/2002/6272
f 5138/1998/6280 5131/1877/6281 5137/2004/6275
f 5136/2000/6282 5129/1871/6283 5135/1889/6277
f 5128/1868/6284 5133/2003/6285 5134/1886/6278
f 5132/1880/6286 5125/1859/6287 5131/1877/6281
f 5130/1874/6288 5123/1849/6289 5129/1871/6283
f 5122/1844/6290 5127/1883/6291 5128/1868/6284
f 5126/1862/6292 5119/1827/6293 5125/1859/6287
f 5124/1854/6294 5117/1809/6295 5123/1849/6289
f 5116/1801/6296 5121/1865/6297 5122/1844/6290
f 5120/1835/6298 5113/1828/6299 5119/1827/6293
f 5118/1818/6300 5111/1810/6301 5117/1809/6295
f 5110/1800/6302 5115/1841/6303 5116/1801/6296
f 5114/2005/6304 5107/2011/6305 5113/1828/6299
f 5112/2006/6306 5105/2012/6307 5111/1810/6301
f 5102/2013/6308 5109/1791/6309 5110/1800/6302
f 5108/2007/6310 5099/2016/6311 5107/2011/6305
f 5106/2008/6312 5104/1797/6251 5105/2012/6307
f 5098/2017/6313 5101/2009/6314 5102/2013/6308
f 5100/2010/6315 5095/2020/6316 5099/2016/6311
f 5094/2021/6317 5097/2014/6318 5098/2017/6313
f 5096/2015/6319 5091/2024/6320 5095/2020/6316
f 5090/2025/6321 5093/2018/6322 5094/2021/6317
f 5088/2023/6323 5091/2024/6320 5092/2019/6324
f 5086/2030/6325 5089/2022/6326 5090/2025/6321
f 5084/2027/6327 5087/2028/6328 5088/2029/6323
f 5082/1890/6329 5085/2026/6330 5086/2030/6325
f 5080/1884/6331 5083/2032/6332 5084/2027/6327
f 5082/1890/6329 5077/1887/6138 5081/2031/6333
f 5076/1872/6334 5079/2033/6335 5080/1884/6331
f 5078/1878/6336 5073/1875/6112 5077/1887/6138
f 5072/1860/6337 5075/1881/6338 5076/1872/6334
f 5074/1866/6339 5069/1863/6094 5073/1875/6112
f 5068/1842/6340 5071/1869/6341 5072/1860/6337
f 5070/1851/6342 5065/1845/6069 5069/1863/6094
f 5064/1813/6343 5067/1856/6344 5068/1842/6340
f 5066/1830/6345 5059/1821/6070 5065/2034/6069
f 5061/1812/6231 5063/1838/6346 5064/1813/6343
f 5060/1795/6347 5058/1891/6144 5059/1821/6070
f 4930/1690/5946 5059/1821/6070 5058/1891/6144
f 4986/1834/6179 5108/2007/6348 5114/2005/6083
f 5031/1931/6181 5165/1833/6081 5159/1983/6349
f 4979/1933/6183 5113/1828/6076 5107/2011/6350
f 5030/1935/6351 5164/1824/6352 5036/1912/6071
f 4984/1817/6187 5106/2008/6353 5112/2006/6066
f 5035/1816/6064 5157/1980/6354 5029/1937/6188
f 4977/1940/6191 5111/1810/6058 5105/2012/6355
f 5034/1805/6193 5156/1981/6356 5162/1978/6054
f 4982/1922/6172 5102/2013/6357 5110/1800/6048
f 5027/1945/6197 5161/1798/6046 5155/1987/6358
f 4981/1792/6041 5101/2009/6359 4973/1946/6198
f 5026/1968/6220 5160/1979/6360 5032/1787/6036
f 4980/1950/6202 5100/2010/6361 5108/2007/6348
f 5025/1952/6204 5159/1983/6349 5153/1989/6362
f 4971/1954/6206 5107/2011/6350 5099/2016/6363
f 5024/1956/6364 5158/1984/6365 5030/1935/6351
f 4978/1957/6209 5103/1806/6055 5106/2008/6353
f 5029/1937/6188 5151/1985/6366 5023/1958/6210
f 4976/1924/6174 5105/2012/6355 5104/1797/6045
f 5028/1962/6214 5150/1986/6367 5156/1981/6356
f 4974/1943/6195 5098/2017/6368 5102/2013/6357
f 5021/1784/6032 5155/1987/6358 5149/1993/6369
f 4973/1946/6198 5097/2014/6370 4969/1966/6218
f 5020/1777/6025 5154/1982/6371 5026/1968/6220
f 4972/1969/6221 5096/2015/6372 5100/2010/6361
f 5019/1772/6020 5153/1989/6362 5147/1995/6373
f 4967/1782/6029 5099/2016/6363 5095/2020/6374
f 5018/1766/6375 5152/1990/6376 5024/1956/6364
f 4970/1964/6216 5094/2021/6377 5098/2017/6368
f 5023/1958/6210 5145/1991/6378 5017/1974/6226
f 4969/1966/6218 5093/2018/6322 4965/1975/6227
f 5022/1976/6228 5144/1992/6379 5150/1986/6367
f 4968/1785/6034 5092/2019/6380 5096/2015/6372
f 5015/1745/5997 5149/1993/6369 5143/1999/6381
f 4963/1754/6005 5095/2020/6374 5091/2024/6382
f 5014/1738/5991 5148/1988/6383 5020/1777/6025
f 4966/1775/6023 5090/2025/6384 5094/2021/6377
f 5013/1732/5986 5147/1995/6373 5141/2001/6385
f 4965/1975/6227 5089/2022/6326 4961/1769/6017
f 5012/1726/6386 5146/1996/6387 5018/1766/6375
f 4960/2035/5988 5092/2019/6380 4964/1762/6010
f 5017/1974/6226 5139/1997/6388 5011/1759/6008
f 4959/1755/6006 5091/2024/6382 5087/2036/6389
f 5016/1750/6002 5138/1998/6390 5144/1992/6379
f 4962/1748/6000 5086/2030/6391 5090/2025/6384
f 5009/1702/5958 5143/1999/6381 5137/2004/6392
f 4961/1769/6017 5085/2026/6330 4957/1742/5994
f 5008/1692/5948 5142/1994/6393 5014/1738/5991
f 4956/1704/5960 5088/2029/6394 4960/1734/5988
f 5007/1684/5941 5141/2001/6385 5135/1889/6141
f 4955/1695/5983 5087/2028/6389 5083/2032/6395
f 5012/1726/6386 5134/1886/6137 5140/2002/6396
f 4958/1723/6397 5082/1890/6143 5086/2030/6391
f 5011/1759/6008 5133/2003/6398 5005/1720/5974
f 5056/1681/6140 5061/1812/6399 4933/1717/6059
f 4957/1742/5994 5081/2031/6333 4953/1714/5969
f 5010/1710/5966 5132/1880/6131 5138/1998/6390
f 4934/1804/6050 5183/1977/6400 5055/1708/5964
f 4952/1669/5927 5084/2027/6401 4956/1704/5960
f 5009/1702/5958 5131/1877/6127 5003/1648/5907
f 5054/1662/5920 5057/1794/6402 4929/1698/5954
f 4951/1696/5952 5083/2032/6395 5079/2033/6132
f 5002/1638/5898 5136/2000/6403 5008/1692/5948
f 2/1/1 4/4/4 3/2/2
f 4/4/4 6/6/6 5/5/5
f 6/6/6 8/141/137 7/7/7
f 7/7/7 8/141/137 10/8/8
f 9/9/9 10/8/8 12/10/10
f 11/11/11 12/10/10 14/12/12
f 13/13/13 14/12/12 16/14/14
f 15/15/15 16/14/14 18/16/16
f 17/17/17 18/16/16 20/18/18
f 19/19/19 20/18/18 22/20/20
f 21/21/21 22/20/20 24/22/22
f 23/23/23 24/22/22 26/24/24
f 25/25/25 26/24/24 28/26/26
f 27/27/27 28/26/26 30/28/28
f 29/29/29 30/28/28 32/30/30
f 31/31/31 32/30/30 34/32/32
f 33/33/33 34/32/32 36/34/34
f 35/35/35 36/34/34 38/36/36
f 37/38/37 38/190/36 40/39/38
f 39/40/39 40/39/38 42/41/40
f 41/42/41 42/41/40 44/43/42
f 43/44/43 44/43/42 46/45/44
f 45/46/45 46/45/44 48/47/46
f 47/48/47 48/47/46 50/49/48
f 49/50/49 50/49/48 52/51/50
f 51/52/51 52/51/50 54/53/52
f 53/54/53 54/53/52 56/55/54
f 55/56/55 56/55/54 58/57/56
f 57/58/57 58/57/56 60/59/58
f 59/60/59 60/59/58 62/61/60
f 61/62/61 62/61/60 64/63/62
f 63/64/63 64/63/62 66/65/64
f 65/66/65 66/65/64 68/67/66
f 67/68/67 68/67/66 70/69/68
f 69/70/69 70/69/68 72/71/70
f 72/71/70 74/74/73 73/73/72
f 74/74/73 76/76/75 75/75/74
f 76/76/75 78/78/77 77/77/76
f 78/78/77 80/80/79 79/79/78
f 80/80/79 82/82/81 81/81/80
f 82/82/81 84/84/83 83/83/82
f 84/84/83 86/86/85 85/85/84
f 86/86/85 88/88/87 87/87/86
f 88/88/87 90/90/89 89/89/88
f 90/90/89 92/92/91 91/91/90
f 92/92/91 94/94/93 93/93/92
f 94/94/93 96/96/95 95/95/94
f 96/96/95 98/98/97 97/97/96
f 98/98/97 100/100/99 99/99/98
f 100/100/99 102/161/101 101/101/100
f 102/102/101 104/105/103 103/103/102
f 104/105/103 106/107/105 105/106/104
f 106/107/105 108/109/107 107/108/106
f 108/109/107 110/111/109 109/110/108
f 110/111/109 112/113/111 111/112/110
f 112/113/111 114/115/113 113/114/112
f 114/115/113 116/117/115 115/116/114
f 116/117/115 118/119/117 117/118/116
f 118/119/117 120/121/119 119/120/118
f 120/121/119 122/123/121 121/122/120
f 122/123/121 124/125/123 123/124/122
f 124/125/123 126/128/126 125/126/124
f 42/41/40 149/198/191 150/127/125
f 126/128/126 128/130/128 127/129/127
f 128/130/128 2/1/1 1/3/3
f 127/133/129 1/2046/129 3/2047/129
f 3/2047/129 5/2048/129 7/2049/129
f 7/2049/129 9/2050/6404 11/2051/129
f 11/2051/129 13/2052/129 15/2053/129
f 15/2053/129 17/2054/6405 19/2055/129
f 19/2055/129 21/2056/6404 23/2057/129
f 23/2057/129 25/2058/129 27/2059/129
f 27/2059/129 29/2060/6404 31/2061/129
f 31/2061/129 33/2062/6404 35/2063/129
f 35/2063/129 37/2064/6404 39/2065/129
f 39/2065/129 41/2066/6404 43/2067/129
f 43/2067/129 45/2068/6404 47/2069/129
f 47/2069/129 49/2070/129 51/2071/129
f 51/2071/129 53/2072/6406 55/2073/129
f 55/2073/129 57/2074/129 59/2075/129
f 59/2075/129 61/2076/6406 63/131/129
f 63/131/129 65/2077/129 67/2078/129
f 67/2078/129 69/2079/6404 71/2080/129
f 71/2080/129 73/2081/129 75/2082/129
f 75/2082/129 77/2083/129 79/2084/129
f 79/2084/129 81/2085/129 83/2086/129
f 83/2086/129 85/2087/6404 87/2088/129
f 87/2088/129 89/2089/129 91/2090/6404
f 91/2090/6404 93/2091/129 95/132/129
f 95/132/129 97/2092/129 99/2093/129
f 99/2093/129 101/2094/6404 103/2095/129
f 103/2095/129 105/2096/129 107/2097/129
f 107/2097/129 109/2098/129 111/2099/129
f 111/2099/129 113/2100/129 115/2101/129
f 115/2101/129 117/2102/6404 119/2103/129
f 119/2103/129 121/2104/129 123/2105/129
f 123/2105/129 125/2106/129 127/133/129
f 127/133/129 3/2047/129 7/2049/129
f 7/2049/129 11/2051/129 15/2053/129
f 15/2053/129 19/2055/129 23/2057/129
f 23/2057/129 27/2059/129 31/2061/129
f 31/2061/129 35/2063/129 39/2065/129
f 39/2065/129 43/2067/129 47/2069/129
f 47/2069/129 51/2071/129 55/2073/129
f 55/2073/129 59/2075/129 63/131/129
f 63/131/129 67/2078/129 71/2080/129
f 71/2080/129 75/2082/129 79/2084/129
f 79/2084/129 83/2086/129 87/2088/129
f 87/2088/129 91/2090/6404 95/132/129
f 95/132/129 99/2093/129 103/2095/129
f 103/2095/129 107/2097/129 111/2099/129
f 111/2099/129 115/2101/129 119/2103/129
f 119/2103/129 123/2105/129 127/133/129
f 127/133/129 7/2049/129 15/2053/129
f 15/2053/129 23/2057/129 31/2061/129
f 31/2061/129 39/2065/129 47/2069/129
f 47/2069/129 55/2073/129 63/131/129
f 63/131/129 71/2080/129 79/2084/129
f 79/2084/129 87/2088/129 95/132/129
f 95/132/129 103/2095/129 111/2099/129
f 111/2099/129 119/2103/129 127/133/129
f 127/133/129 15/2053/129 31/2061/129
f 31/2061/129 47/2069/129 63/131/129
f 63/131/129 79/2084/129 95/132/129
f 95/132/129 111/2099/129 127/133/129
f 127/133/129 31/2061/129 63/131/129
f 129/134/130 193/267/258 195/135/131
f 114/115/113 112/113/111 184/137/133
f 62/61/60 60/59/58 158/139/135
f 8/141/137 132/200/193 133/142/138
f 80/80/79 78/78/77 167/143/139
f 26/24/24 141/201/194 142/145/141
f 98/98/97 96/96/95 176/146/142
f 44/43/42 150/127/125 151/148/144
f 116/117/115 114/115/113 185/138/134
f 64/63/62 62/61/60 159/140/136
f 10/8/8 133/142/138 134/151/147
f 82/82/81 80/80/79 168/144/140
f 28/26/26 142/145/141 143/153/149
f 100/100/99 98/98/97 177/147/143
f 46/45/44 151/148/144 152/155/151
f 118/119/117 116/117/115 186/149/145
f 66/65/64 64/63/62 160/150/146
f 12/10/10 134/151/147 135/158/154
f 84/84/83 82/82/81 169/152/148
f 30/28/28 143/153/149 144/160/156
f 102/161/101 100/100/99 178/154/150
f 48/47/46 152/155/151 153/163/158
f 120/121/119 118/119/117 187/156/152
f 68/67/66 66/65/64 161/157/153
f 14/12/12 135/158/154 136/166/161
f 86/86/85 84/84/83 170/159/155
f 32/30/30 144/160/156 145/168/163
f 104/105/103 102/102/101 179/169/157
f 50/49/48 153/163/158 154/171/165
f 122/123/121 120/121/119 188/164/159
f 70/69/68 68/67/66 162/165/160
f 16/14/14 136/166/161 137/174/168
f 88/88/87 86/86/85 171/167/162
f 34/32/32 145/168/163 146/176/170
f 106/107/105 104/105/103 180/170/164
f 52/51/50 154/171/165 155/178/172
f 122/123/121 189/172/166 190/179/173
f 72/71/70 70/69/68 163/173/167
f 18/16/16 137/174/168 138/181/175
f 90/90/89 88/88/87 172/175/169
f 36/34/34 146/176/170 147/183/177
f 108/109/107 106/107/105 181/177/171
f 2/1/1 130/199/192 129/134/130
f 54/53/52 155/178/172 156/185/179
f 124/125/123 190/179/173 191/186/180
f 74/74/73 72/71/70 164/180/174
f 20/18/18 138/181/175 139/188/182
f 92/92/91 90/90/89 173/182/176
f 38/190/36 147/248/177 148/191/184
f 110/111/109 108/109/107 182/184/178
f 58/57/56 56/55/54 156/185/179
f 126/128/126 191/186/180 192/194/187
f 4/4/4 129/134/130 131/136/132
f 76/76/75 74/74/73 165/187/181
f 22/20/20 139/188/182 140/196/189
f 94/94/93 92/92/91 174/189/183
f 40/39/38 148/191/184 149/198/191
f 112/113/111 110/111/109 183/192/185
f 60/59/58 58/57/56 157/193/186
f 128/130/128 192/194/187 130/199/192
f 6/6/6 131/136/132 132/200/193
f 78/78/77 76/76/75 166/195/188
f 24/22/22 140/196/189 141/201/194
f 96/96/95 94/94/93 175/197/190
f 197/202/195 261/333/322 262/203/196
f 184/137/133 183/192/185 247/205/198
f 158/139/135 157/193/186 221/207/200
f 131/136/132 195/135/131 196/209/202
f 185/138/134 184/137/133 248/206/199
f 159/140/136 158/139/135 222/208/201
f 132/200/193 196/209/202 197/202/195
f 186/149/145 185/138/134 249/210/203
f 160/150/146 159/140/136 223/211/204
f 133/142/138 197/202/195 198/204/197
f 187/156/152 186/149/145 250/212/205
f 161/157/153 160/150/146 224/213/206
f 134/151/147 198/204/197 199/216/209
f 187/156/152 251/214/207 252/217/210
f 162/165/160 161/157/153 225/215/208
f 135/158/154 199/216/209 200/219/212
f 188/164/159 252/217/210 253/220/213
f 163/173/167 162/165/160 226/218/211
f 136/166/161 200/219/212 201/222/215
f 189/172/166 253/220/213 254/223/216
f 164/180/174 163/173/167 227/221/214
f 137/174/168 201/222/215 202/225/218
f 190/179/173 254/223/216 255/226/219
f 165/187/181 164/180/174 228/224/217
f 138/181/175 202/225/218 203/228/221
f 191/186/180 255/226/219 256/229/222
f 166/195/188 165/187/181 229/227/220
f 139/188/182 203/228/221 204/231/224
f 192/194/187 256/229/222 194/232/225
f 167/143/139 166/195/188 230/230/223
f 140/196/189 204/231/224 205/234/227
f 168/144/140 167/143/139 231/233/226
f 141/201/194 205/234/227 206/236/229
f 169/152/148 168/144/140 232/235/228
f 142/145/141 206/236/229 207/238/231
f 170/159/155 169/152/148 233/237/230
f 143/153/149 207/238/231 208/240/233
f 171/167/162 170/159/155 234/239/232
f 144/160/156 208/240/233 209/242/235
f 172/175/169 171/167/162 235/241/234
f 145/168/163 209/242/235 210/244/237
f 173/182/176 172/175/169 236/243/236
f 146/176/170 210/244/237 211/246/239
f 174/189/183 173/182/176 237/245/238
f 147/248/177 211/305/239 212/249/241
f 175/197/190 174/189/183 238/247/240
f 148/191/184 212/249/241 213/251/243
f 176/146/142 175/197/190 239/250/242
f 149/198/191 213/251/243 214/253/245
f 177/147/143 176/146/142 240/252/244
f 150/127/125 214/253/245 215/255/247
f 178/154/150 177/147/143 241/254/246
f 151/148/144 215/255/247 216/257/249
f 179/162/157 178/154/150 242/256/248
f 152/155/151 216/257/249 217/259/251
f 180/170/164 179/169/157 243/260/250
f 153/163/158 217/259/251 218/262/253
f 181/177/171 180/170/164 244/261/252
f 154/171/165 218/262/253 219/264/255
f 182/184/178 181/177/171 245/263/254
f 156/185/179 155/178/172 219/264/255
f 130/199/192 194/232/225 193/267/258
f 183/192/185 182/184/178 246/265/256
f 157/193/186 156/185/179 220/266/257
f 264/268/259 328/398/385 329/269/260
f 251/214/207 250/212/205 314/271/262
f 225/215/208 224/213/206 288/273/264
f 198/204/197 262/203/196 263/275/266
f 252/217/210 251/214/207 315/272/263
f 226/218/211 225/215/208 289/274/265
f 199/216/209 263/275/266 264/268/259
f 252/217/210 316/276/267 317/278/269
f 227/221/214 226/218/211 290/277/268
f 200/219/212 264/268/259 265/270/261
f 253/220/213 317/278/269 318/280/271
f 228/224/217 227/221/214 291/279/270
f 201/222/215 265/270/261 266/282/273
f 254/223/216 318/280/271 319/283/274
f 229/227/220 228/224/217 292/281/272
f 202/225/218 266/282/273 267/285/276
f 255/226/219 319/283/274 320/286/277
f 230/230/223 229/227/220 293/284/275
f 203/228/221 267/285/276 268/288/279
f 256/229/222 320/286/277 258/289/280
f 231/233/226 230/230/223 294/287/278
f 204/231/224 268/288/279 269/291/282
f 232/235/228 231/233/226 295/290/281
f 205/234/227 269/291/282 270/293/284
f 233/237/230 232/235/228 296/292/283
f 206/236/229 270/293/284 271/295/286
f 234/239/232 233/237/230 297/294/285
f 207/238/231 271/295/286 272/297/288
f 235/241/234 234/239/232 298/296/287
f 208/240/233 272/297/288 273/299/290
f 236/243/236 235/241/234 299/298/289
f 209/242/235 273/299/290 274/301/292
f 237/245/238 236/243/236 300/300/291
f 210/244/237 274/301/292 275/303/294
f 238/247/240 237/245/238 301/302/293
f 211/305/239 275/361/294 276/306/296
f 239/250/242 238/247/240 302/304/295
f 212/249/241 276/306/296 277/308/298
f 240/252/244 239/250/242 303/307/297
f 213/251/243 277/308/298 278/310/300
f 241/254/246 240/252/244 304/309/299
f 214/253/245 278/310/300 279/312/302
f 242/256/248 241/254/246 305/311/301
f 215/255/247 279/312/302 280/314/304
f 243/258/250 242/256/248 306/313/303
f 216/257/249 280/314/304 281/316/306
f 244/261/252 243/260/250 307/317/305
f 217/259/251 281/316/306 282/319/308
f 245/263/254 244/261/252 308/318/307
f 218/262/253 282/319/308 283/321/310
f 246/265/256 245/263/254 309/320/309
f 219/264/255 283/321/310 284/323/312
f 194/232/225 258/289/280 257/324/313
f 247/205/198 246/265/256 310/322/311
f 221/207/200 220/266/257 284/323/312
f 193/267/258 257/324/313 259/327/316
f 248/206/199 247/205/198 311/325/314
f 222/208/201 221/207/200 285/326/315
f 195/135/131 259/327/316 260/330/319
f 249/210/203 248/206/199 312/328/317
f 223/211/204 222/208/201 286/329/318
f 196/209/202 260/330/319 261/333/322
f 250/212/205 249/210/203 313/331/320
f 224/213/206 223/211/204 287/332/321
f 331/334/323 395/464/449 396/335/324
f 317/278/269 381/399/386 382/337/326
f 292/281/272 291/279/270 355/338/327
f 265/270/261 329/269/260 330/340/329
f 318/280/271 382/337/326 383/341/330
f 293/284/275 292/281/272 356/339/328
f 266/282/273 330/340/329 331/334/323
f 319/283/274 383/341/330 384/343/332
f 294/287/278 293/284/275 357/342/331
f 267/285/276 331/334/323 332/336/325
f 320/286/277 384/343/332 322/345/334
f 295/290/281 294/287/278 358/344/333
f 268/288/279 332/336/325 333/347/336
f 296/292/283 295/290/281 359/346/335
f 269/291/282 333/347/336 334/349/338
f 297/294/285 296/292/283 360/348/337
f 270/293/284 334/349/338 335/351/340
f 298/296/287 297/294/285 361/350/339
f 271/295/286 335/351/340 336/353/342
f 299/298/289 298/296/287 362/352/341
f 272/297/288 336/353/342 337/355/344
f 300/300/291 299/298/289 363/354/343
f 273/299/290 337/355/344 338/357/346
f 301/302/293 300/300/291 364/356/345
f 274/301/292 338/357/346 339/359/348
f 302/304/295 301/302/293 365/358/347
f 275/361/294 339/418/348 340/362/350
f 303/307/297 302/304/295 366/360/349
f 276/306/296 340/362/350 341/364/352
f 304/309/299 303/307/297 367/363/351
f 277/308/298 341/364/352 342/366/354
f 305/311/301 304/309/299 368/365/353
f 278/310/300 342/366/354 343/368/356
f 306/313/303 305/311/301 369/367/355
f 279/312/302 343/368/356 344/370/358
f 307/315/305 306/313/303 370/369/357
f 281/316/306 280/314/304 344/370/358
f 308/318/307 307/317/305 371/373/359
f 282/319/308 281/316/306 345/372/360
f 309/320/309 308/318/307 372/374/361
f 283/321/310 282/319/308 346/375/362
f 310/322/311 309/320/309 373/376/363
f 284/323/312 283/321/310 347/377/364
f 258/289/280 322/345/334 321/380/367
f 311/325/314 310/322/311 374/378/365
f 285/326/315 284/323/312 348/379/366
f 257/324/313 321/380/367 323/383/370
f 312/328/317 311/325/314 375/381/368
f 286/329/318 285/326/315 349/382/369
f 259/327/316 323/383/370 324/386/373
f 313/331/320 312/328/317 376/384/371
f 287/332/321 286/329/318 350/385/372
f 260/330/319 324/386/373 325/389/376
f 313/331/320 377/387/374 378/390/377
f 288/273/264 287/332/321 351/388/375
f 261/333/322 325/389/376 326/392/379
f 314/271/262 378/390/377 379/393/380
f 289/274/265 288/273/264 352/391/378
f 262/203/196 326/392/379 327/395/382
f 315/272/263 379/393/380 380/396/383
f 290/277/268 289/274/265 353/394/381
f 263/275/266 327/395/382 328/398/385
f 316/276/267 380/396/383 381/399/386
f 291/279/270 290/277/268 354/397/384
f 399/400/387 398/407/394 462/401/388
f 384/343/332 448/465/450 386/403/390
f 358/344/333 422/466/451 423/404/391
f 332/336/325 396/335/324 397/405/392
f 359/346/335 423/404/391 424/406/393
f 333/347/336 397/405/392 398/407/394
f 360/348/337 424/406/393 425/408/395
f 334/349/338 398/407/394 399/400/387
f 361/350/339 425/408/395 426/409/396
f 335/351/340 399/400/387 400/410/397
f 363/354/343 362/352/341 426/409/396
f 336/353/342 400/410/397 401/412/399
f 364/356/345 363/354/343 427/411/398
f 337/355/344 401/412/399 402/414/401
f 365/358/347 364/356/345 428/413/400
f 338/357/346 402/414/401 403/416/403
f 366/360/349 365/358/347 429/415/402
f 339/418/348 403/2037/403 404/419/405
f 367/363/351 366/360/349 430/417/404
f 340/362/350 404/419/405 405/421/407
f 368/365/353 367/363/351 431/420/406
f 341/364/352 405/421/407 406/423/409
f 369/367/355 368/365/353 432/422/408
f 342/366/354 406/423/409 407/425/411
f 370/369/357 369/367/355 433/424/410
f 343/368/356 407/425/411 408/427/413
f 371/371/359 370/369/357 434/426/412
f 344/370/358 408/427/413 409/429/415
f 372/374/361 371/373/359 435/430/414
f 345/372/360 409/429/415 410/432/417
f 373/376/363 372/374/361 436/431/416
f 346/375/362 410/432/417 411/434/419
f 374/378/365 373/376/363 437/433/418
f 347/377/364 411/434/419 412/436/421
f 322/345/334 386/403/390 385/437/422
f 375/381/368 374/378/365 438/435/420
f 348/379/366 412/436/421 413/439/424
f 321/380/367 385/437/422 387/440/425
f 376/384/371 375/381/368 439/438/423
f 349/382/369 413/439/424 414/442/427
f 323/383/370 387/440/425 388/443/428
f 377/387/374 376/384/371 440/441/426
f 350/385/372 414/442/427 415/445/430
f 324/386/373 388/443/428 389/446/431
f 378/390/377 377/387/374 441/444/429
f 351/388/375 415/445/430 416/448/433
f 325/389/376 389/446/431 390/449/434
f 379/393/380 378/390/377 442/447/432
f 352/391/378 416/448/433 417/451/436
f 326/392/379 390/449/434 391/452/437
f 380/396/383 379/393/380 443/450/435
f 353/394/381 417/451/436 418/454/439
f 327/395/382 391/452/437 392/455/440
f 381/399/386 380/396/383 444/453/438
f 354/397/384 418/454/439 419/457/442
f 328/398/385 392/455/440 393/458/443
f 381/399/386 445/456/441 446/459/444
f 355/338/327 419/457/442 420/460/445
f 329/269/260 393/458/443 394/461/446
f 382/337/326 446/459/444 447/462/447
f 356/339/328 420/460/445 421/463/448
f 330/340/329 394/461/446 395/464/449
f 383/341/330 447/462/447 448/465/450
f 357/342/331 421/463/448 422/466/451
f 1346/467/452 529/659/641 530/468/453
f 425/408/395 489/532/516 490/470/455
f 400/410/397 399/400/387 463/402/389
f 426/409/396 490/470/455 491/472/457
f 401/412/399 400/410/397 464/471/456
f 427/411/398 491/472/457 492/474/459
f 402/414/401 401/412/399 465/473/458
f 428/413/400 492/474/459 493/476/461
f 403/416/403 402/414/401 466/475/460
f 429/415/402 493/476/461 494/478/463
f 404/419/405 403/2037/403 467/479/462
f 430/417/404 494/478/463 495/481/465
f 405/421/407 404/419/405 468/480/464
f 431/420/406 495/481/465 496/483/467
f 406/423/409 405/421/407 469/482/466
f 432/422/408 496/483/467 497/485/469
f 407/425/411 406/423/409 470/484/468
f 433/424/410 497/485/469 498/487/471
f 408/427/413 407/425/411 471/486/470
f 434/426/412 498/487/471 499/489/473
f 409/429/415 408/427/413 472/488/472
f 435/430/414 499/1736/473 500/491/475
f 410/432/417 409/429/415 473/490/474
f 436/431/416 500/491/475 501/493/477
f 411/434/419 410/432/417 474/492/476
f 437/433/418 501/493/477 502/495/479
f 412/436/421 411/434/419 475/494/478
f 385/437/422 386/403/390 450/497/481
f 438/435/420 502/495/479 503/499/483
f 413/439/424 412/436/421 476/496/480
f 387/440/425 385/437/422 449/498/482
f 439/438/423 503/499/483 504/502/486
f 414/442/427 413/439/424 477/500/484
f 388/443/428 387/440/425 451/501/485
f 440/441/426 504/502/486 505/505/489
f 415/445/430 414/442/427 478/503/487
f 389/446/431 388/443/428 452/504/488
f 441/444/429 505/505/489 506/508/492
f 416/448/433 415/445/430 479/506/490
f 390/449/434 389/446/431 453/507/491
f 442/447/432 506/508/492 507/511/495
f 417/451/436 416/448/433 480/509/493
f 391/452/437 390/449/434 454/510/494
f 443/450/435 507/511/495 508/514/498
f 418/454/439 417/451/436 481/512/496
f 392/455/440 391/452/437 455/513/497
f 444/453/438 508/514/498 509/517/501
f 419/457/442 418/454/439 482/515/499
f 393/458/443 392/455/440 456/516/500
f 445/456/441 509/517/501 510/520/504
f 420/460/445 419/457/442 483/518/502
f 394/461/446 393/458/443 457/519/503
f 447/462/447 446/459/444 510/520/504
f 420/460/445 484/521/505 485/524/508
f 395/464/449 394/461/446 458/522/506
f 448/465/450 447/462/447 511/523/507
f 421/463/448 485/524/508 486/527/511
f 396/335/324 395/464/449 459/525/509
f 386/403/390 448/465/450 512/526/510
f 422/466/451 486/527/511 487/529/513
f 397/405/392 396/335/324 460/528/512
f 423/404/391 487/529/513 488/531/515
f 398/407/394 397/405/392 461/530/514
f 424/406/393 488/531/515 489/532/516
f 532/533/517 596/726/706 597/534/518
f 1350/536/520 556/660/642 557/537/521
f 1347/469/454 530/468/453 531/539/523
f 1351/538/522 557/537/521 558/541/525
f 1353/543/524 531/725/523 532/533/517
f 1355/542/526 558/541/525 559/545/528
f 1357/544/527 532/533/517 533/535/519
f 1359/546/529 559/545/528 560/548/531
f 1361/547/530 533/535/519 534/550/533
f 1363/549/532 560/548/531 561/552/535
f 1365/551/534 534/550/533 535/554/537
f 1371/556/539 1367/553/536 561/552/535
f 1369/555/538 535/554/537 536/558/541
f 1375/560/543 1371/556/539 562/557/540
f 1373/559/542 536/558/541 537/562/545
f 1379/564/547 1375/2107/543 563/565/544
f 1377/563/546 537/562/545 538/567/549
f 1383/569/551 1379/564/547 564/566/548
f 1381/568/550 538/567/549 539/571/553
f 1387/573/555 1383/569/551 565/570/552
f 1385/572/554 539/571/553 540/575/557
f 1393/577/559 1392/640/622 514/578/560
f 1395/580/562 1387/573/555 566/574/556
f 1389/576/558 540/575/557 541/582/564
f 1399/584/566 1393/577/559 513/579/561
f 1401/586/568 1395/580/562 567/581/563
f 1397/583/565 541/582/564 542/588/570
f 1405/590/572 1399/584/566 515/585/567
f 1407/592/574 1401/586/568 568/587/569
f 1403/589/571 542/588/570 543/594/576
f 1411/596/578 1405/590/572 516/591/573
f 1413/598/580 1407/592/574 569/593/575
f 1409/595/577 543/594/576 544/600/582
f 1417/602/584 1411/596/578 517/597/579
f 1419/604/586 1413/598/580 570/599/581
f 1415/601/583 544/600/582 545/606/588
f 1423/608/590 1417/602/584 518/603/585
f 1425/610/592 1419/604/586 571/605/587
f 1421/607/589 545/606/588 546/612/594
f 1429/614/596 1423/608/590 519/609/591
f 1431/616/598 1425/610/592 572/611/593
f 1427/613/595 546/612/594 547/618/600
f 1435/620/602 1429/614/596 520/615/597
f 1437/622/604 1431/616/598 573/617/599
f 1433/619/601 547/618/600 548/624/606
f 1441/626/608 1435/620/602 521/621/603
f 1443/628/610 1437/622/604 574/623/605
f 1439/625/607 548/624/606 549/630/612
f 1447/632/614 1441/626/608 522/627/609
f 1449/634/616 1443/628/610 575/629/611
f 1445/631/613 549/630/612 550/636/618
f 1453/638/620 1447/632/614 523/633/615
f 1392/640/622 1449/634/616 576/635/617
f 1451/637/619 550/636/618 551/641/623
f 1457/643/625 1453/638/620 524/639/621
f 1455/642/624 551/641/623 552/645/627
f 1461/647/629 1457/643/625 525/644/626
f 1459/646/628 552/645/627 553/649/631
f 1465/651/633 1461/647/629 526/648/630
f 1463/650/632 553/649/631 554/653/635
f 1469/655/637 1465/651/633 527/652/634
f 1467/654/636 554/653/635 555/657/639
f 1346/467/452 1469/655/637 528/656/638
f 1471/658/640 555/657/639 556/660/642
f 600/661/643 599/667/649 663/662/644
f 559/545/528 623/727/707 624/664/646
f 533/535/519 597/534/518 598/665/647
f 560/548/531 624/664/646 625/666/648
f 534/550/533 598/665/647 599/667/649
f 562/557/540 561/552/535 625/666/648
f 535/554/537 599/667/649 600/661/643
f 563/561/544 562/557/540 626/668/650
f 536/558/541 600/661/643 601/670/652
f 564/566/548 563/565/544 627/671/651
f 537/562/545 601/670/652 602/673/654
f 565/570/552 564/566/548 628/672/653
f 538/567/549 602/673/654 603/675/656
f 566/574/556 565/570/552 629/674/655
f 539/571/553 603/675/656 604/677/658
f 513/579/561 514/578/560 578/678/659
f 567/581/563 566/574/556 630/676/657
f 540/575/557 604/677/658 605/681/662
f 515/585/567 513/579/561 577/679/660
f 568/587/569 567/581/563 631/680/661
f 541/582/564 605/681/662 606/684/665
f 516/591/573 515/585/567 579/682/663
f 569/593/575 568/587/569 632/683/664
f 542/588/570 606/684/665 607/687/668
f 517/597/579 516/591/573 580/685/666
f 570/599/581 569/593/575 633/686/667
f 543/594/576 607/687/668 608/690/671
f 518/603/585 517/597/579 581/688/669
f 571/605/587 570/599/581 634/689/670
f 544/600/582 608/690/671 609/693/674
f 519/609/591 518/603/585 582/691/672
f 572/611/593 571/605/587 635/692/673
f 545/606/588 609/693/674 610/696/677
f 520/615/597 519/609/591 583/694/675
f 573/617/599 572/611/593 636/695/676
f 546/612/594 610/696/677 611/699/680
f 521/621/603 520/615/597 584/697/678
f 574/623/605 573/617/599 637/698/679
f 547/618/600 611/699/680 612/702/683
f 522/627/609 521/621/603 585/700/681
f 575/629/611 574/623/605 638/701/682
f 548/624/606 612/702/683 613/705/686
f 523/633/615 522/627/609 586/703/684
f 576/635/617 575/629/611 639/704/685
f 549/630/612 613/705/686 614/708/689
f 524/639/621 523/633/615 587/706/687
f 514/578/560 576/635/617 640/707/688
f 550/636/618 614/708/689 615/710/691
f 525/644/626 524/639/621 588/709/690
f 551/641/623 615/710/691 616/712/693
f 526/648/630 525/644/626 589/711/692
f 552/645/627 616/712/693 617/714/695
f 527/652/634 526/648/630 590/713/694
f 553/649/631 617/714/695 618/716/697
f 528/656/638 527/652/634 591/715/696
f 554/653/635 618/716/697 619/718/699
f 529/659/641 528/656/638 592/717/698
f 555/657/639 619/718/699 620/720/701
f 529/659/641 593/719/700 594/721/702
f 556/660/642 620/720/701 621/722/703
f 530/468/453 594/721/702 595/723/704
f 557/537/521 621/722/703 622/724/705
f 531/725/523 595/2041/704 596/726/706
f 558/541/525 622/724/705 623/727/707
f 1218/728/708 766/921/898 767/729/709
f 626/668/650 690/793/772 691/731/711
f 601/670/652 600/661/643 664/663/645
f 627/671/651 691/2042/711 692/733/713
f 602/673/654 601/670/652 665/732/712
f 628/672/653 692/733/713 693/735/715
f 603/675/656 602/673/654 666/734/714
f 629/674/655 693/735/715 694/737/717
f 604/677/658 603/675/656 667/736/716
f 578/678/659 642/770/750 641/739/719
f 630/676/657 694/737/717 695/740/720
f 605/681/662 604/677/658 668/738/718
f 577/679/660 641/739/719 643/742/722
f 631/680/661 695/740/720 696/743/723
f 606/684/665 605/681/662 669/741/721
f 579/682/663 643/742/722 644/745/725
f 632/683/664 696/743/723 697/746/726
f 607/687/668 606/684/665 670/744/724
f 580/685/666 644/745/725 645/748/728
f 633/686/667 697/746/726 698/749/729
f 608/690/671 607/687/668 671/747/727
f 581/688/669 645/748/728 646/751/731
f 634/689/670 698/749/729 699/752/732
f 609/693/674 608/690/671 672/750/730
f 582/691/672 646/751/731 647/754/734
f 635/692/673 699/752/732 700/755/735
f 610/696/677 609/693/674 673/753/733
f 583/694/675 647/754/734 648/757/737
f 636/695/676 700/755/735 701/758/738
f 611/699/680 610/696/677 674/756/736
f 584/697/678 648/757/737 649/760/740
f 637/698/679 701/758/738 702/761/741
f 612/702/683 611/699/680 675/759/739
f 585/700/681 649/760/740 650/763/743
f 638/701/682 702/761/741 703/764/744
f 613/705/686 612/702/683 676/762/742
f 586/703/684 650/763/743 651/766/746
f 639/704/685 703/764/744 704/767/747
f 614/708/689 613/705/686 677/765/745
f 587/706/687 651/766/746 652/769/749
f 640/707/688 704/767/747 642/770/750
f 615/710/691 614/708/689 678/768/748
f 588/709/690 652/769/749 653/772/752
f 616/712/693 615/710/691 679/771/751
f 589/711/692 653/772/752 654/774/754
f 617/714/695 616/712/693 680/773/753
f 590/713/694 654/774/754 655/776/756
f 618/716/697 617/714/695 681/775/755
f 591/715/696 655/776/756 656/778/758
f 619/718/699 618/716/697 682/777/757
f 592/717/698 656/778/758 657/780/760
f 620/720/701 619/718/699 683/779/759
f 594/721/702 593/719/700 657/780/760
f 621/722/703 620/720/701 684/781/761
f 595/723/704 594/721/702 658/782/762
f 622/724/705 621/722/703 685/783/763
f 596/726/706 595/2041/704 659/786/764
f 623/727/707 622/724/705 686/785/765
f 597/534/518 596/726/706 660/787/766
f 624/664/646 623/727/707 687/788/767
f 598/665/647 597/534/518 661/789/768
f 625/666/648 624/664/646 688/790/769
f 599/667/649 598/665/647 662/791/770
f 625/666/648 689/792/771 690/793/772
f 1027/794/773 807/1052/1027 808/795/774
f 1223/797/776 1222/922/899 740/798/777
f 1226/800/779 714/923/900 715/801/780
f 1219/730/710 767/729/709 768/803/782
f 1231/805/784 1223/797/776 741/799/778
f 1227/802/781 715/801/780 716/807/786
f 1229/804/783 768/803/782 706/809/788
f 1237/811/790 1231/805/784 742/806/785
f 1233/808/787 716/807/786 717/813/792
f 1241/815/794 1237/811/790 743/812/791
f 1239/814/793 717/813/792 718/817/796
f 1245/819/798 1241/815/794 744/816/795
f 1243/818/797 718/817/796 719/821/800
f 1249/823/802 1245/819/798 745/820/799
f 1247/822/801 719/821/800 720/825/804
f 1253/827/806 1249/823/802 746/824/803
f 1251/826/805 720/825/804 721/829/808
f 1257/831/810 1253/827/806 747/828/807
f 1259/833/812 1255/830/809 721/829/808
f 1261/835/814 1257/831/810 748/832/811
f 1263/837/816 1259/833/812 722/834/813
f 1265/839/818 1261/835/814 749/836/815
f 1267/841/820 1263/1535/816 723/842/817
f 1269/844/822 1265/839/818 750/840/819
f 1271/846/824 1267/841/820 724/843/821
f 1273/848/826 1269/844/822 751/845/823
f 1275/850/828 1271/846/824 725/847/825
f 1277/852/830 1273/848/826 752/849/827
f 1279/854/832 1275/850/828 726/851/829
f 1277/852/830 753/853/831 754/856/834
f 1283/858/836 1279/854/832 727/855/833
f 1281/857/835 754/856/834 755/860/838
f 1287/862/840 1283/858/836 728/859/837
f 1285/864/839 755/2038/838 756/865/842
f 1291/867/844 1287/862/840 729/863/841
f 1289/866/843 756/865/842 757/869/846
f 1295/871/848 1291/867/844 730/868/845
f 1293/870/847 757/869/846 758/873/850
f 1299/875/852 1295/871/848 731/872/849
f 1235/810/789 706/809/788 705/877/854
f 1297/874/851 758/873/850 759/879/856
f 1305/881/858 1299/875/852 732/876/853
f 1301/878/855 705/877/854 707/883/860
f 1303/880/857 759/879/856 760/885/862
f 1311/887/864 1305/881/858 733/882/859
f 1307/884/861 707/883/860 708/889/866
f 1309/886/863 760/885/862 761/891/868
f 1317/893/870 1311/887/864 734/888/865
f 1313/890/867 708/889/866 709/895/872
f 1315/892/869 761/891/868 762/897/874
f 1323/899/876 1317/893/870 735/894/871
f 1319/896/873 709/895/872 710/901/878
f 1321/898/875 762/897/874 763/903/880
f 1329/905/882 1323/899/876 736/900/877
f 1325/902/879 710/901/878 711/907/884
f 1327/904/881 763/903/880 764/909/886
f 1335/911/888 1329/905/882 737/906/883
f 1331/908/885 711/907/884 712/913/890
f 1333/910/887 764/909/886 765/915/892
f 1341/917/894 1335/911/888 738/912/889
f 1337/914/891 712/913/890 713/919/896
f 1339/916/893 765/915/892 766/921/898
f 1222/922/899 1341/917/894 739/918/895
f 1343/920/897 713/919/896 714/923/900
f 1034/927/904 1033/1053/1028 781/928/905
f 1028/796/775 808/795/774 809/930/907
f 1040/932/909 1034/927/904 782/929/906
f 1037/931/908 809/930/907 810/934/911
f 1046/936/913 1040/932/909 783/933/910
f 1043/935/912 810/934/911 811/938/915
f 1052/940/917 1046/936/913 784/937/914
f 1049/939/916 811/938/915 812/942/919
f 1052/940/917 785/941/918 786/944/921
f 1055/943/920 812/942/919 813/946/923
f 1058/945/922 786/944/921 787/948/925
f 1061/947/924 813/946/923 814/950/927
f 1064/952/926 787/2043/925 788/953/929
f 1067/951/928 814/950/927 815/955/931
f 1070/954/930 788/953/929 789/957/933
f 1073/956/932 815/955/931 816/959/935
f 1076/958/934 789/957/933 790/961/937
f 1079/960/936 816/959/935 817/963/939
f 1082/962/938 790/961/937 791/965/941
f 1091/967/943 1085/964/940 817/963/939
f 1088/966/942 791/965/941 792/969/945
f 1097/971/947 1091/967/943 818/968/944
f 1094/970/946 792/969/945 793/973/949
f 1103/975/951 1097/1396/947 819/976/948
f 1100/974/950 793/973/949 794/978/953
f 1109/980/955 1103/975/951 820/977/952
f 1106/979/954 794/978/953 795/982/957
f 1115/984/959 1109/980/955 821/981/956
f 1112/983/958 795/982/957 796/986/961
f 1124/988/963 1123/1051/1026 770/989/964
f 1127/991/966 1115/984/959 822/985/960
f 1118/987/962 796/986/961 797/993/968
f 1133/995/970 1124/988/963 769/990/965
f 1136/997/972 1127/991/966 823/992/967
f 1130/994/969 797/993/968 798/999/974
f 1142/1001/976 1133/995/970 771/996/971
f 1145/1003/978 1136/997/972 824/998/973
f 1139/1000/975 798/999/974 799/1005/980
f 1151/1007/982 1142/1001/976 772/1002/977
f 1154/1009/984 1145/1003/978 825/1004/979
f 1148/1006/981 799/1005/980 800/1011/986
f 1160/1013/988 1151/1007/982 773/1008/983
f 1163/1015/990 1154/1009/984 826/1010/985
f 1157/1012/987 800/1011/986 801/1017/992
f 1169/1019/994 1160/1013/988 774/1014/989
f 1172/1021/996 1163/1015/990 827/1016/991
f 1166/1018/993 801/1017/992 802/1023/998
f 1178/1025/1000 1169/1019/994 775/1020/995
f 1181/1027/1002 1172/1021/996 828/1022/997
f 1175/1024/999 802/1023/998 803/1029/1004
f 1187/1031/1006 1178/1025/1000 776/1026/1001
f 1190/1033/1008 1181/1027/1002 829/1028/1003
f 1184/1030/1005 803/1029/1004 804/1035/1010
f 1196/1037/1012 1187/1031/1006 777/1032/1007
f 1199/1039/1014 1190/1033/1008 830/1034/1009
f 1193/1036/1011 804/1035/1010 805/1041/1016
f 1205/1043/1018 1196/1037/1012 778/1038/1013
f 1208/1045/1020 1199/1039/1014 831/1040/1015
f 1202/1042/1017 805/1041/1016 806/1047/1022
f 1214/1049/1024 1205/1043/1018 779/1044/1019
f 1123/1051/1026 1208/1045/1020 832/1046/1021
f 1211/1048/1023 806/1047/1022 807/1052/1027
f 1033/1053/1028 1214/1049/1024 780/1050/1025
f 717/813/792 716/807/786 1216/1312/1287
f 1031/1313/1288 1216/1312/1287 1215/1314/1289
f 1032/1315/1290 1215/1314/1289 1214/1049/1024
f 742/806/785 1213/1317/1292 1025/1316/1291
f 1213/1317/1292 1212/1319/1294 1026/1318/1293
f 1212/1319/1294 1211/1048/1023 1027/794/773
f 706/809/788 768/803/782 1210/1320/1295
f 1121/1321/1296 1210/1320/1295 1209/1322/1297
f 1122/1323/1298 1209/1322/1297 1208/1045/1020
f 716/807/786 715/801/780 1207/1324/1299
f 1216/1312/1287 1207/1324/1299 1206/1325/1300
f 1215/1314/1289 1206/1325/1300 1205/1043/1018
f 741/799/778 1204/1326/1301 1213/1317/1292
f 1204/1326/1301 1203/1327/1302 1212/1319/1294
f 1203/1327/1302 1202/1042/1017 1211/1048/1023
f 768/803/782 767/729/709 1201/1328/1303
f 1210/1320/1295 1201/1328/1303 1200/1329/1304
f 1209/1322/1297 1200/1329/1304 1199/1039/1014
f 715/801/780 714/923/900 1198/1330/1305
f 1207/1324/1299 1198/1330/1305 1197/1331/1306
f 1206/1325/1300 1197/1331/1306 1196/1037/1012
f 740/798/777 1195/1332/1307 1204/1326/1301
f 1195/1332/1307 1194/1333/1308 1203/1327/1302
f 1194/1333/1308 1193/1036/1011 1202/1042/1017
f 767/729/709 766/921/898 1192/1334/1309
f 1201/1328/1303 1192/1334/1309 1191/1335/1310
f 1200/1329/1304 1191/1335/1310 1190/1033/1008
f 714/923/900 713/919/896 1189/1336/1311
f 1198/1330/1305 1189/1336/1311 1188/1337/1312
f 1197/1331/1306 1188/1337/1312 1187/1031/1006
f 739/918/895 1186/1338/1313 1195/1332/1307
f 1186/1338/1313 1185/1339/1314 1194/1333/1308
f 1185/1339/1314 1184/1030/1005 1193/1036/1011
f 766/921/898 765/915/892 1183/1340/1315
f 1192/1334/1309 1183/1340/1315 1182/1341/1316
f 1191/1335/1310 1182/1341/1316 1181/1027/1002
f 713/919/896 712/913/890 1180/1342/1317
f 1189/1336/1311 1180/1342/1317 1179/1343/1318
f 1188/1337/1312 1179/1343/1318 1178/1025/1000
f 738/912/889 1177/1344/1319 1186/1338/1313
f 1177/1344/1319 1176/1345/1320 1185/1339/1314
f 1176/1345/1320 1175/1024/999 1184/1030/1005
f 765/915/892 764/909/886 1174/1346/1321
f 1183/1340/1315 1174/1346/1321 1173/1347/1322
f 1182/1341/1316 1173/1347/1322 1172/1021/996
f 712/913/890 711/907/884 1171/1348/1323
f 1180/1342/1317 1171/1348/1323 1170/1349/1324
f 1179/1343/1318 1170/1349/1324 1169/1019/994
f 737/906/883 1168/1350/1325 1177/1344/1319
f 1168/1350/1325 1167/1351/1326 1176/1345/1320
f 1167/1351/1326 1166/1018/993 1175/1024/999
f 764/909/886 763/903/880 1165/1352/1327
f 1174/1346/1321 1165/1352/1327 1164/1353/1328
f 1173/1347/1322 1164/1353/1328 1163/1015/990
f 711/907/884 710/901/878 1162/1354/1329
f 1171/1348/1323 1162/1354/1329 1161/1355/1330
f 1170/1349/1324 1161/1355/1330 1160/1013/988
f 736/900/877 1159/1356/1331 1168/1350/1325
f 1159/1356/1331 1158/1357/1332 1167/1351/1326
f 1158/1357/1332 1157/1012/987 1166/1018/993
f 763/903/880 762/897/874 1156/1358/1333
f 1165/1352/1327 1156/1358/1333 1155/1359/1334
f 1164/1353/1328 1155/1359/1334 1154/1009/984
f 710/901/878 709/895/872 1153/1360/1335
f 1162/1354/1329 1153/1360/1335 1152/1361/1336
f 1161/1355/1330 1152/1361/1336 1151/1007/982
f 735/894/871 1150/1362/1337 1159/1356/1331
f 1150/1362/1337 1149/1363/1338 1158/1357/1332
f 1149/1363/1338 1148/1006/981 1157/1012/987
f 762/897/874 761/891/868 1147/1364/1339
f 1156/1358/1333 1147/1364/1339 1146/1365/1340
f 1155/1359/1334 1146/1365/1340 1145/1003/978
f 709/895/872 708/889/866 1144/1366/1341
f 1153/1360/1335 1144/1366/1341 1143/1367/1342
f 1152/1361/1336 1143/1367/1342 1142/1001/976
f 734/888/865 1141/1368/1343 1150/1362/1337
f 1141/1368/1343 1140/1369/1344 1149/1363/1338
f 1140/1369/1344 1139/1000/975 1148/1006/981
f 761/891/868 760/885/862 1138/1370/1345
f 1147/1364/1339 1138/1370/1345 1137/1371/1346
f 1146/1365/1340 1137/1371/1346 1136/997/972
f 708/889/866 707/883/860 1135/1372/1347
f 1144/1366/1341 1135/1372/1347 1134/1373/1348
f 1143/1367/1342 1134/1373/1348 1133/995/970
f 733/882/859 1132/1374/1349 1141/1368/1343
f 1132/1374/1349 1131/1375/1350 1140/1369/1344
f 1131/1375/1350 1130/994/969 1139/1000/975
f 760/885/862 759/879/856 1129/1376/1351
f 1138/1370/1345 1129/1376/1351 1128/1377/1352
f 1137/1371/1346 1128/1377/1352 1127/991/966
f 707/883/860 705/877/854 1126/1378/1353
f 1135/1372/1347 1126/1378/1353 1125/1379/1354
f 1134/1373/1348 1125/1379/1354 1124/988/963
f 732/876/853 1120/1380/1355 1132/1374/1349
f 1120/1380/1355 1119/1381/1356 1131/1375/1350
f 1119/1381/1356 1118/987/962 1130/994/969
f 759/879/856 758/873/850 1117/1382/1357
f 1129/1376/1351 1117/1382/1357 1116/1383/1358
f 1128/1377/1352 1116/1383/1358 1115/984/959
f 705/877/854 706/809/788 1121/1321/1296
f 1126/1378/1353 1121/1321/1296 1122/1323/1298
f 1125/1379/1354 1122/1323/1298 1123/1051/1026
f 731/872/849 1114/1384/1359 1120/1380/1355
f 1114/1384/1359 1113/1385/1360 1119/1381/1356
f 1113/1385/1360 1112/983/958 1118/987/962
f 758/873/850 757/869/846 1111/1386/1361
f 1117/1382/1357 1111/1386/1361 1110/1387/1362
f 1116/1383/1358 1110/1387/1362 1109/980/955
f 730/868/845 1108/1388/1363 1114/1384/1359
f 1108/1388/1363 1107/1389/1364 1113/1385/1360
f 1107/1389/1364 1106/979/954 1112/983/958
f 757/869/846 756/865/842 1105/1390/1365
f 1111/1386/1361 1105/1390/1365 1104/1391/1366
f 1110/1387/1362 1104/1391/1366 1103/975/951
f 729/863/841 1102/1392/1367 1108/1388/1363
f 1102/1392/1367 1101/1393/1368 1107/1389/1364
f 1101/1393/1368 1100/974/950 1106/979/954
f 756/865/842 755/2038/838 1099/1394/1369
f 1105/1390/1365 1099/1394/1369 1098/1395/1370
f 1104/1391/1366 1098/1395/1370 1097/1396/947
f 728/859/837 1096/1397/1371 1102/1392/1367
f 1096/1397/1371 1095/1398/1372 1101/1393/1368
f 1095/1398/1372 1094/970/946 1100/974/950
f 755/860/838 754/856/834 1093/1399/1373
f 1099/1400/1369 1093/1399/1373 1092/1401/1374
f 1098/1402/1370 1092/1401/1374 1091/967/943
f 727/855/833 1090/1403/1375 1096/1397/1371
f 1090/1403/1375 1089/1404/1376 1095/1398/1372
f 1089/1404/1376 1088/966/942 1094/970/946
f 754/856/834 753/853/831 1087/1405/1377
f 1093/1399/1373 1087/1405/1377 1086/1406/1378
f 1092/1401/1374 1086/1406/1378 1085/964/940
f 726/851/829 1084/1407/1379 1090/1403/1375
f 1084/1407/1379 1083/1408/1380 1089/1404/1376
f 1083/1408/1380 1082/962/938 1088/966/942
f 752/849/827 1081/1409/1381 1087/1405/1377
f 1081/1409/1381 1080/1410/1382 1086/1406/1378
f 1080/1410/1382 1079/960/936 1085/964/940
f 725/847/825 1078/1411/1383 1084/1407/1379
f 1078/1411/1383 1077/1412/1384 1083/1408/1380
f 1077/1412/1384 1076/958/934 1082/962/938
f 751/845/823 1075/1413/1385 1081/1409/1381
f 1075/1413/1385 1074/1414/1386 1080/1410/1382
f 1074/1414/1386 1073/956/932 1079/960/936
f 724/843/821 1072/1415/1387 1078/1411/1383
f 1072/1415/1387 1071/1416/1388 1077/1412/1384
f 1071/1416/1388 1070/954/930 1076/958/934
f 750/840/819 1069/1417/1389 1075/1413/1385
f 1069/1417/1389 1068/1418/1390 1074/1414/1386
f 1068/1418/1390 1067/951/928 1073/956/932
f 723/842/817 1066/1419/1391 1072/1415/1387
f 1066/1419/1391 1065/1420/1392 1071/1416/1388
f 1065/1420/1392 1064/952/926 1070/954/930
f 749/836/815 1063/1421/1393 1069/1417/1389
f 1063/1421/1393 1062/1422/1394 1068/1418/1390
f 1062/1422/1394 1061/947/924 1067/951/928
f 722/834/813 1060/1424/1395 1066/1423/1391
f 1060/1424/1395 1059/1426/1396 1065/1425/1392
f 1059/1426/1396 1058/945/922 1064/949/926
f 748/832/811 1057/1427/1397 1063/1421/1393
f 1057/1427/1397 1056/1428/1398 1062/1422/1394
f 1056/1428/1398 1055/943/920 1061/947/924
f 721/829/808 1054/1429/1399 1060/1424/1395
f 1054/1429/1399 1053/1430/1400 1059/1426/1396
f 1053/1430/1400 1052/940/917 1058/945/922
f 747/828/807 1051/1431/1401 1057/1427/1397
f 1051/1431/1401 1050/1432/1402 1056/1428/1398
f 1050/1432/1402 1049/939/916 1055/943/920
f 721/829/808 720/825/804 1048/1433/1403
f 1054/1429/1399 1048/1433/1403 1047/1434/1404
f 1053/1430/1400 1047/1434/1404 1046/936/913
f 746/824/803 1045/1435/1405 1051/1431/1401
f 1045/1435/1405 1044/1436/1406 1050/1432/1402
f 1044/1436/1406 1043/935/912 1049/939/916
f 720/825/804 719/821/800 1042/1437/1407
f 1048/1433/1403 1042/1437/1407 1041/1438/1408
f 1047/1434/1404 1041/1438/1408 1040/932/909
f 745/820/799 1039/1439/1409 1045/1435/1405
f 1039/1439/1409 1038/1440/1410 1044/1436/1406
f 1038/1440/1410 1037/931/908 1043/935/912
f 719/821/800 718/817/796 1036/1441/1411
f 1042/1437/1407 1036/1441/1411 1035/1442/1412
f 1041/1438/1408 1035/1442/1412 1034/927/904
f 744/816/795 1030/1443/1413 1039/1439/1409
f 1030/1443/1413 1029/1444/1414 1038/1440/1410
f 1029/1444/1414 1028/796/775 1037/931/908
f 718/817/796 717/813/792 1031/1313/1288
f 1036/1441/1411 1031/1313/1288 1032/1315/1290
f 1035/1442/1412 1032/1315/1290 1033/1053/1028
f 743/812/791 1025/1316/1291 1030/1443/1413
f 1025/1316/1291 1026/1318/1293 1029/1444/1414
f 1026/1318/1293 1027/794/773 1028/796/775
f 649/1445/1415 1344/1448/1418 1225/1446/1416
f 1344/1448/1418 1343/920/897 1226/800/779
f 676/1449/1419 675/1458/1428 1342/1450/1420
f 1221/1451/1421 1342/1450/1420 1341/917/894
f 701/1452/1422 1340/1455/1425 1217/1453/1423
f 1340/1455/1425 1339/916/893 1218/728/708
f 648/1456/1426 1338/1457/1427 1344/1448/1418
f 1338/1457/1427 1337/914/891 1343/920/897
f 675/1458/1428 674/1464/1434 1336/1459/1429
f 1342/1450/1420 1336/1459/1429 1335/911/888
f 700/1460/1430 1334/1461/1431 1340/1455/1425
f 1334/1461/1431 1333/910/887 1339/916/893
f 647/1462/1432 1332/1463/1433 1338/1457/1427
f 1332/1463/1433 1331/908/885 1337/914/891
f 674/1464/1434 673/1470/1440 1330/1465/1435
f 1336/1459/1429 1330/1465/1435 1329/905/882
f 699/1466/1436 1328/1467/1437 1334/1461/1431
f 1328/1467/1437 1327/904/881 1333/910/887
f 646/1468/1438 1326/1469/1439 1332/1463/1433
f 1326/1469/1439 1325/902/879 1331/908/885
f 673/1470/1440 672/1476/1446 1324/1471/1441
f 1330/1465/1435 1324/1471/1441 1323/899/876
f 698/1472/1442 1322/1473/1443 1328/1467/1437
f 1322/1473/1443 1321/898/875 1327/904/881
f 645/1474/1444 1320/1475/1445 1326/1469/1439
f 1320/1475/1445 1319/896/873 1325/902/879
f 672/1476/1446 671/1482/1452 1318/1477/1447
f 1324/1471/1441 1318/1477/1447 1317/893/870
f 697/1478/1448 1316/1479/1449 1322/1473/1443
f 1316/1479/1449 1315/892/869 1321/898/875
f 644/1480/1450 1314/1481/1451 1320/1475/1445
f 1314/1481/1451 1313/890/867 1319/896/873
f 671/1482/1452 670/1488/1458 1312/1483/1453
f 1318/1477/1447 1312/1483/1453 1311/887/864
f 696/1484/1454 1310/1485/1455 1316/1479/1449
f 1310/1485/1455 1309/886/863 1315/892/869
f 643/1486/1456 1308/1487/1457 1314/1481/1451
f 1308/1487/1457 1307/884/861 1313/890/867
f 670/1488/1458 669/1494/1464 1306/1489/1459
f 1312/1483/1453 1306/1489/1459 1305/881/858
f 695/1490/1460 1304/1491/1461 1310/1485/1455
f 1304/1491/1461 1303/880/857 1309/886/863
f 641/1492/1462 1302/1493/1463 1308/1487/1457
f 1302/1493/1463 1301/878/855 1307/884/861
f 669/1494/1464 668/1500/1470 1300/1495/1465
f 1306/1489/1459 1300/1495/1465 1299/875/852
f 694/1496/1466 1298/1497/1467 1304/1491/1461
f 1298/1497/1467 1297/874/851 1303/880/857
f 642/1498/1468 1236/1499/1469 1302/1493/1463
f 1236/1499/1469 1235/810/789 1301/878/855
f 668/1500/1470 667/1504/1474 1296/1501/1471
f 1300/1495/1465 1296/1501/1471 1295/871/848
f 693/1502/1472 1294/1503/1473 1298/1497/1467
f 1294/1503/1473 1293/870/847 1297/874/851
f 667/1504/1474 666/1508/1478 1292/1505/1475
f 1296/1501/1471 1292/1505/1475 1291/867/844
f 692/1506/1476 1290/1507/1477 1294/1503/1473
f 1290/1507/1477 1289/866/843 1293/870/847
f 666/1508/1478 665/1512/1482 1288/1509/1479
f 1292/1505/1475 1288/1509/1479 1287/862/840
f 691/1510/1480 1286/1511/1481 1290/1507/1477
f 1286/1511/1481 1285/864/839 1289/866/843
f 665/1512/1482 664/1518/1486 1284/1513/1483
f 1288/1509/1479 1284/1513/1483 1283/858/836
f 690/1514/1484 1282/1517/1485 1286/1515/1481
f 1282/1517/1485 1281/857/835 1285/861/839
f 664/1518/1486 663/1522/1490 1280/1519/1487
f 1284/1513/1483 1280/1519/1487 1279/854/832
f 689/1520/1488 1278/1521/1489 1282/1517/1485
f 1278/1521/1489 1277/852/830 1281/857/835
f 663/1522/1490 662/1525/1493 1276/1523/1491
f 1280/1519/1487 1276/1523/1491 1275/850/828
f 689/1520/1488 688/1527/1495 1274/1524/1492
f 1278/1521/1489 1274/1524/1492 1273/848/826
f 662/1525/1493 661/1529/1497 1272/1526/1494
f 1276/1523/1491 1272/1526/1494 1271/846/824
f 688/1527/1495 687/1531/1499 1270/1528/1496
f 1274/1524/1492 1270/1528/1496 1269/844/822
f 661/1529/1497 660/1533/1501 1268/1530/1498
f 1272/1526/1494 1268/1530/1498 1267/841/820
f 687/1531/1499 686/1536/1503 1266/1532/1500
f 1270/1528/1496 1266/1532/1500 1265/839/818
f 660/1533/1501 659/2108/1505 1264/1534/1502
f 1268/1530/1498 1264/1534/1502 1263/1535/816
f 686/1536/1503 685/1541/1507 1262/1537/1504
f 1266/1532/1500 1262/1537/1504 1261/835/814
f 659/1538/1505 658/1543/1509 1260/1539/1506
f 1264/1540/1502 1260/1539/1506 1259/833/812
f 685/1541/1507 684/1545/1511 1258/1542/1508
f 1262/1537/1504 1258/1542/1508 1257/831/810
f 658/1543/1509 657/1548/1514 1256/1544/1510
f 1260/1539/1506 1256/1544/1510 1255/830/809
f 684/1545/1511 683/1550/1516 1254/1546/1512
f 1258/1542/1508 1254/1546/1512 1253/827/806
f 656/1547/1513 1252/1549/1515 1256/1544/1510
f 1252/1549/1515 1251/826/805 1255/830/809
f 683/1550/1516 682/1554/1520 1250/1551/1517
f 1254/1546/1512 1250/1551/1517 1249/823/802
f 655/1552/1518 1248/1553/1519 1252/1549/1515
f 1248/1553/1519 1247/822/801 1251/826/805
f 682/1554/1520 681/1558/1524 1246/1555/1521
f 1250/1551/1517 1246/1555/1521 1245/819/798
f 654/1556/1522 1244/1557/1523 1248/1553/1519
f 1244/1557/1523 1243/818/797 1247/822/801
f 681/1558/1524 680/1562/1528 1242/1559/1525
f 1246/1555/1521 1242/1559/1525 1241/815/794
f 653/1560/1526 1240/1561/1527 1244/1557/1523
f 1240/1561/1527 1239/814/793 1243/818/797
f 680/1562/1528 679/1566/1532 1238/1563/1529
f 1242/1559/1525 1238/1563/1529 1237/811/790
f 652/1564/1530 1234/1565/1531 1240/1561/1527
f 1234/1565/1531 1233/808/787 1239/814/793
f 679/1566/1532 678/1572/1538 1232/1567/1533
f 1238/1563/1529 1232/1567/1533 1231/805/784
f 704/1568/1534 1230/1569/1535 1236/1499/1469
f 1230/1569/1535 1229/804/783 1235/810/789
f 651/1570/1536 1228/1571/1537 1234/1565/1531
f 1228/1571/1537 1227/802/781 1233/808/787
f 678/1572/1538 677/1576/1542 1224/1573/1539
f 1232/1567/1533 1224/1573/1539 1223/797/776
f 703/1574/1540 1220/1575/1541 1230/1569/1535
f 1220/1575/1541 1219/730/710 1229/804/783
f 650/1447/1417 1225/1446/1416 1228/1571/1537
f 1225/1446/1416 1226/800/779 1227/802/781
f 677/1576/1542 676/1449/1419 1221/1451/1421
f 1224/1573/1539 1221/1451/1421 1222/922/899
f 702/1454/1424 1217/1453/1423 1220/1575/1541
f 1217/1453/1423 1218/728/708 1219/730/710
f 492/474/459 491/472/457 1472/1577/1543
f 1407/1579/1545 1413/1647/1613 1541/1580/1546
f 464/471/456 1470/1590/1556 1345/1582/1548
f 1360/1583/1549 1356/1903/1880 1484/1584/1550
f 491/472/457 490/470/455 1468/1586/1552
f 1463/1587/1553 1591/1635/1601 1587/1588/1554
f 463/402/389 1466/1598/1564 1470/1590/1556
f 1408/1591/1557 1536/1836/1795 1542/1592/1558
f 490/470/455 489/532/516 1464/1594/1560
f 1361/1595/1561 1489/1642/1608 1485/1596/1562
f 462/401/388 1462/1606/1572 1466/1598/1564
f 1464/1599/1565 1460/1899/1874 1588/1600/1566
f 489/532/516 488/531/515 1460/1602/1568
f 1415/1603/1569 1543/1666/1632 1537/1604/1570
f 461/530/514 1458/1614/1580 1462/1606/1572
f 1362/1607/1573 1358/1896/1871 1486/1608/1574
f 488/531/515 487/529/513 1456/1610/1576
f 1461/1611/1577 1465/1653/1619 1593/1612/1578
f 460/528/512 1454/1626/1592 1458/1614/1580
f 1416/1615/1581 1410/1901/1877 1538/1616/1582
f 487/529/513 486/527/511 1452/1618/1584
f 1363/1619/1585 1491/1660/1626 1487/1620/1586
f 512/526/510 1450/1633/1599 1391/1622/1588
f 1462/1623/1589 1590/1858/1818 1594/1624/1590
f 459/525/509 1448/1636/1602 1454/1626/1592
f 1411/1627/1593 1417/1683/1649 1545/1628/1594
f 486/527/511 485/524/508 1446/1630/1596
f 1364/1631/1597 1360/1583/1549 1488/1585/1551
f 511/523/507 1444/1643/1609 1450/1633/1599
f 1467/1634/1600 1595/1672/1638 1591/1635/1601
f 458/522/506 1442/1646/1612 1448/1636/1602
f 1412/1637/1603 1540/1855/1815 1546/1638/1604
f 485/524/508 484/521/505 1440/1640/1606
f 1365/1641/1607 1493/1678/1644 1489/1642/1608
f 510/520/504 1438/1652/1618 1444/1643/1609
f 1468/1644/1610 1464/1599/1565 1592/1601/1567
f 457/519/503 1436/1655/1621 1442/1646/1612
f 1413/1647/1613 1419/1701/1666 1547/1648/1614
f 484/521/505 483/518/502 1434/1649/1615
f 1366/1650/1616 1362/1607/1573 1490/1609/1575
f 509/517/501 1432/1661/1627 1438/1652/1618
f 1465/1653/1619 1469/1689/1655 1597/1654/1620
f 456/516/500 1430/1664/1630 1436/1655/1621
f 1414/1593/1559 1542/1592/1558 1548/1656/1622
f 483/518/502 482/515/499 1428/1658/1624
f 1367/1659/1625 1495/1696/1625 1491/1660/1626
f 508/514/498 1426/1670/1636 1432/1661/1627
f 1466/1625/1591 1594/1624/1590 1598/1662/1628
f 455/513/497 1424/1673/1639 1430/1664/1630
f 1421/1665/1631 1549/1720/1685 1543/1666/1632
f 482/515/499 481/512/496 1422/1667/1633
f 1368/1668/1634 1364/1631/1597 1492/1632/1598
f 507/511/495 1420/1679/1645 1426/1670/1636
f 1471/1671/1637 1599/1708/1673 1595/1672/1638
f 454/510/494 1418/1682/1648 1424/1673/1639
f 1422/1674/1640 1416/1615/1581 1544/1617/1583
f 481/512/496 480/509/493 1416/1676/1642
f 1369/1677/1643 1497/1714/1679 1493/1678/1644
f 506/508/492 1414/1688/1654 1420/1679/1645
f 1472/1680/1646 1468/1644/1610 1596/1645/1611
f 453/507/491 1412/1691/1657 1418/1682/1648
f 1417/1683/1649 1423/1731/1696 1551/1684/1650
f 480/509/493 479/506/490 1410/1685/1651
f 1370/1686/1652 1366/1650/1616 1494/1651/1617
f 505/505/489 1408/1697/1662 1414/1688/1654
f 1469/1689/1655 1346/1928/1914 1474/1690/1656
f 452/504/488 1406/1700/1665 1412/1691/1657
f 1418/1639/1605 1546/1638/1604 1552/1692/1658
f 479/506/490 478/503/487 1404/1694/1660
f 1367/1659/1625 1371/1728/1693 1499/1695/1661
f 504/502/486 1402/1706/1671 1408/1697/1662
f 1470/1663/1629 1598/1662/1628 1473/1698/1663
f 451/501/485 1400/1709/1674 1406/1700/1665
f 1419/1701/1666 1425/1744/1708 1553/1702/1667
f 478/503/487 477/500/484 1398/1703/1668
f 1368/1668/1634 1496/1669/1635 1500/1704/1669
f 503/499/483 1396/1715/1680 1402/1706/1671
f 1350/1707/1672 1478/1804/1904 1599/1708/1673
f 449/498/482 1394/1718/1683 1400/1709/1674
f 1420/1657/1623 1548/1656/1622 1554/1710/1675
f 477/500/484 476/496/480 1390/1712/1677
f 1373/1713/1678 1501/1742/1706 1497/1714/1679
f 502/495/479 1388/1724/1689 1396/1715/1680
f 1349/1716/1681 1472/1680/1646 1600/1681/1647
f 450/497/481 1391/1622/1588 1394/1718/1683
f 1427/1719/1684 1555/1759/1722 1549/1720/1685
f 476/496/480 475/494/478 1386/1721/1686
f 1374/1722/1687 1370/1686/1652 1498/1687/1653
f 501/493/477 1384/1730/1695 1388/1724/1689
f 1428/1725/1690 1422/1674/1640 1550/1675/1641
f 475/494/478 474/492/476 1382/1727/1692
f 1371/1728/1693 1375/2045/1717 1503/1729/1694
f 500/491/475 1380/1737/1701 1384/1730/1695
f 1423/1731/1696 1429/1771/1733 1557/1732/1697
f 474/492/476 473/490/474 1378/1733/1698
f 1372/1705/1670 1500/1704/1669 1504/1734/1699
f 499/1736/473 1376/2039/1707 1380/1737/1701
f 1424/1693/1659 1552/1692/1658 1558/1738/1702
f 473/490/474 472/488/472 1374/1740/1704
f 1377/1741/1705 1505/1769/1731 1501/1742/1706
f 498/487/471 1372/1749/1713 1376/1743/1707
f 1425/1744/1708 1431/1783/1744 1559/1745/1709
f 472/488/472 471/486/470 1370/1746/1710
f 1378/1747/1711 1374/1722/1687 1502/1723/1688
f 497/485/469 1368/1757/1720 1372/1749/1713
f 1426/1711/1676 1554/1710/1675 1560/1750/1714
f 471/486/470 470/484/468 1366/1752/1716
f 1375/1753/1717 1379/1781/1742 1507/1754/1718
f 497/485/469 496/483/467 1364/1756/1719
f 1433/1758/1721 1561/1974/1960 1555/1759/1722
f 470/484/468 469/482/466 1362/1760/1723
f 1376/1761/1700 1504/2035/1699 1508/1762/1724
f 496/483/467 495/481/465 1360/1764/1726
f 1434/1765/1727 1428/1725/1690 1556/1726/1691
f 469/482/466 468/480/464 1358/1767/1729
f 1381/1768/1730 1509/1975/1961 1505/1769/1731
f 495/481/465 494/478/463 1356/1770/1732
f 1429/1771/1733 1435/1970/1956 1563/1772/1734
f 468/480/464 467/479/462 1354/1773/1735
f 1382/1774/1736 1378/1747/1711 1506/1748/1712
f 494/478/463 493/476/461 1352/1776/1738
f 1430/1739/1703 1558/1738/1702 1564/1777/1739
f 467/477/462 466/475/460 1348/1779/1741
f 1379/1781/1742 1383/1971/1957 1511/1782/1743
f 493/476/461 492/474/459 1349/1578/1544
f 1431/1783/1744 1437/1965/1951 1565/1784/1745
f 466/475/460 465/473/458 1345/1582/1548
f 1380/1763/1725 1508/1762/1724 1512/1785/1746
f 1576/1787/1748 1704/1979/2062 1710/1788/1749
f 1531/1790/1751 1659/1841/1801 1653/1791/1752
f 1476/1793/1754 1473/1698/1663 1601/1794/1755
f 1577/1796/1757 1520/1924/2071 1648/1797/1758
f 1532/1799/1760 1526/1922/1906 1654/1800/1761
f 1479/1802/1763 1607/1838/1797 1606/1803/1764
f 1578/1805/1766 1706/1978/2057 1647/1806/1767
f 1527/1808/1769 1533/1848/1809 1661/1809/1770
f 1480/1811/1772 1477/1717/1682 1605/1812/1773
f 1583/1814/1775 1711/1843/1804 1707/1815/1776
f 1528/1817/1777 1656/2006/2052 1662/1818/1778
f 1481/1820/1780 1609/2034/1807 1603/1821/1781
f 1584/1823/1783 1580/1912/1893 1708/1824/1784
f 1529/1826/1786 1535/1581/1819 1663/1827/1787
f 1482/1829/1789 1476/1793/1754 1604/1795/1756
f 1581/1831/1791 1585/1852/1812 1713/1832/1792
f 1530/1834/1793 1658/2005/2047 1664/1835/1794
f 1483/1837/1796 1611/1856/1796 1607/1838/1797
f 1582/1789/1750 1710/1788/1749 1714/1839/1798
f 1537/1604/1800 1665/1865/1829 1659/1841/1801
f 1484/1584/1550 1480/1811/1772 1608/1813/1774
f 1587/1588/1803 1715/1861/1823 1711/1843/1804
f 1538/1616/1582 1532/1799/1760 1660/1801/1762
f 1485/1596/1806 1613/1863/1826 1609/1845/1807
f 1588/1600/1566 1584/1823/1783 1712/1825/1785
f 1533/1848/1809 1539/1629/1836 1667/1849/1810
f 1486/1608/1574 1482/1897/1789 1610/1850/1790
f 1585/1852/1812 1589/1613/1831 1717/1853/1813
f 1534/1819/1779 1662/1818/1778 1668/1854/1814
f 1487/1620/1816 1615/1869/1816 1611/1856/1796
f 1586/1840/1799 1714/1839/1798 1718/1857/1817
f 1535/1581/1819 1541/1580/1845 1669/1859/1820
f 1488/1585/1551 1484/1584/1550 1612/1842/1802
f 1591/1635/1822 1719/1873/1840 1715/1861/1823
f 1536/1836/1795 1664/1835/1794 1670/1862/1824
f 1489/1642/1825 1617/1875/1843 1613/1863/1826
f 1592/1601/1567 1588/1600/1566 1716/1847/1808
f 1543/1666/1828 1671/1883/1854 1665/1865/1829
f 1490/1609/1575 1486/1608/1574 1614/1851/1811
f 1589/1613/1831 1593/1612/1848 1721/1867/1832
f 1544/1617/1583 1538/1616/1582 1666/1844/1805
f 1491/1660/1834 1619/1881/1834 1615/1869/1816
f 1590/1858/1818 1718/1857/1817 1722/1870/1835
f 1539/1629/1836 1545/1628/1837 1673/1871/1837
f 1492/1632/1598 1488/1585/1551 1616/1860/1821
f 1595/1672/1839 1723/1885/1857 1719/1873/1840
f 1540/1855/1815 1668/1854/1814 1674/1874/1841
f 1493/1678/1842 1621/1887/1842 1617/1875/1843
f 1596/1645/1611 1592/1601/1567 1720/1864/1827
f 1541/1580/1845 1547/1648/2116 1675/1877/1846
f 1494/1651/1617 1490/1609/1575 1618/1866/1830
f 1593/1612/1848 1597/1654/1863 1725/1879/1849
f 1542/1592/1558 1670/1862/1824 1676/1880/1850
f 1495/1696/1851 1623/2033/1851 1619/1881/1834
f 1594/1624/1590 1722/1870/1835 1726/1882/1852
f 1549/1720/1853 1677/2003/2112 1671/1883/1854
f 1496/1669/1635 1492/1632/1598 1620/1872/1838
f 1599/1708/1856 1727/1977/1856 1723/1885/1857
f 1550/1675/1641 1544/1617/1583 1672/1868/1833
f 1497/1714/1859 1625/2031/2113 1621/1887/1842
f 1600/1681/1647 1596/1645/1611 1724/1876/1844
f 1545/1628/1837 1551/1684/2110 1679/1889/1861
f 1498/1687/1653 1494/1651/1617 1622/1878/1847
f 1597/1654/1863 1474/1690/1864 1602/1891/1864
f 1458/1892/1865 1586/1840/1799 1590/1858/1818
f 1359/1621/1587 1487/1620/1586 1483/1837/1866
f 1406/1894/1868 1534/1819/1779 1540/1855/1815
f 1457/1895/1869 1461/1611/1577 1589/1613/1579
f 1358/1896/1871 1354/2040/1889 1482/1897/1789
f 1405/1898/1872 1411/1627/1593 1539/1629/1595
f 1460/1899/1874 1456/1911/1892 1584/1823/1783
f 1357/1597/1563 1485/1596/1562 1481/1846/1875
f 1410/1901/1877 1404/1921/1905 1532/1799/1760
f 1459/1589/1555 1587/1588/1554 1583/1814/1878
f 1356/1903/1880 1352/1917/1899 1480/1811/1772
f 1409/1605/1571 1537/1604/1570 1531/1790/1881
f 1454/1905/1883 1582/1789/1750 1586/1840/1799
f 1355/1893/1867 1483/1837/1866 1479/1802/1884
f 1402/1907/1886 1530/1834/1793 1536/1836/1795
f 1453/1908/1887 1457/1895/1869 1585/1852/1870
f 1354/1909/1889 1348/1925/1910 1476/1793/1754
f 1401/1910/1890 1407/1579/1545 1535/1581/1547
f 1456/1911/1892 1452/1934/1920 1580/1912/1893
f 1353/1913/1876 1481/1820/1875 1475/1822/1894
f 1400/1915/1896 1528/1817/1777 1534/1819/1779
f 1455/1902/1879 1583/1814/1878 1579/1816/1897
f 1352/1917/1899 1349/1716/1681 1477/1717/1682
f 1399/1918/1900 1405/1898/1872 1533/1848/1873
f 1450/1919/1902 1578/1805/1766 1519/1807/1768
f 1351/1906/1885 1479/1802/1884 1478/1804/1904
f 1404/1921/1905 1398/1942/1928 1526/1922/1906
f 1449/1923/1907 1392/1960/1946 1520/1924/1908
f 1348/1925/1910 1345/1699/1664 1473/1698/1663
f 1403/1904/1882 1531/1790/1881 1525/1792/1911
f 1448/1927/1913 1576/1787/1748 1582/1789/1750
f 1347/1914/1895 1475/1822/1894 1474/1690/1656
f 1396/1929/1915 1524/1950/1936 1530/1834/1793
f 1447/1930/1916 1453/1908/1887 1581/1831/1888
f 1395/1932/1918 1401/1910/1890 1529/1826/1891
f 1452/1934/1920 1446/1955/1941 1574/1935/1921
f 1394/1936/1922 1522/1957/1943 1528/1817/1777
f 1451/1916/1898 1579/1816/1897 1573/1937/1923
f 1393/1939/1925 1399/1918/1900 1527/1808/1901
f 1444/1941/1927 1572/1962/1948 1578/1805/1766
f 1398/1942/1928 1390/1963/1949 1518/1943/1929
f 1443/1944/1930 1449/1923/1907 1577/1796/1909
f 1397/1926/1912 1525/1792/1911 1517/1946/1932
f 1442/1948/1934 1570/1968/1954 1576/1787/1748
f 1388/1949/1935 1516/1969/1955 1524/1950/1936
f 1441/1951/1937 1447/1930/1916 1575/1931/1917
f 1387/1953/1939 1395/1932/1918 1523/1933/1919
f 1446/1955/1941 1440/1972/1958 1568/1956/1942
f 1391/1920/1903 1519/1807/1768 1522/1957/1943
f 1445/1938/1924 1573/1937/1923 1567/1958/1944
f 1392/1960/1946 1393/1939/1925 1521/1940/1926
f 1438/1961/1947 1566/1976/1962 1572/1962/1948
f 1390/1963/1949 1386/1973/1959 1514/1964/1950
f 1437/1965/1951 1443/1944/1930 1571/1945/1931
f 1389/1947/1933 1517/1946/1932 1513/1966/1952
f 1436/1778/1740 1564/1777/1739 1570/1968/1954
f 1384/1786/1747 1512/1785/1746 1516/1969/1955
f 1435/1970/1956 1441/1951/1937 1569/1952/1938
f 1383/1971/1957 1387/1953/1939 1515/1954/1940
f 1440/1972/1958 1434/1765/1727 1562/1766/1728
f 1386/1973/1959 1382/1774/1736 1510/1775/1737
f 1439/1959/1945 1567/1958/1944 1561/1974/1960
f 1385/1967/1953 1513/1966/1952 1509/1975/1961
f 1432/1751/1715 1560/1750/1714 1566/1976/1962
f 1605/1812/1963 1728/1888/1967 1727/1977/1964
f 1726/1882/1965 1725/1879/1965 1602/1891/1966
f 1728/1888/1967 1724/1876/1970 1723/1885/1968
f 1722/1870/1969 1721/1867/1969 1725/1879/1965
f 1724/1876/1970 1720/1864/1971 1719/1873/1971
f 1718/1857/1972 1717/1853/1972 1721/1867/1969
f 1720/1864/1971 1716/1847/1973 1715/1861/1973
f 1714/1839/1974 1713/1832/1974 1717/1853/1972
f 1716/1847/1973 1712/1825/1977 1711/1843/1975
f 1710/1788/1976 1709/1833/1982 1713/1832/1974
f 1712/1825/1977 1708/1824/1983 1707/1815/1978
f 1706/1978/1979 1705/1798/1986 1648/1797/1980
f 1704/1979/1981 1703/1983/1981 1709/1833/1982
f 1708/1824/1983 1702/1984/1984 1701/1980/1984
f 1700/1981/1985 1699/1987/1985 1705/1798/1986
f 1698/1982/1987 1697/1989/1987 1703/1983/1981
f 1702/1984/1984 1696/1990/1991 1695/1985/1988
f 1694/1986/1989 1693/1993/1989 1699/1987/1985
f 1692/1988/1990 1691/1995/1990 1697/1989/1987
f 1696/1990/1991 1690/1996/1995 1689/1991/1992
f 1688/1992/1993 1687/1999/1993 1693/1993/1989
f 1686/1994/1994 1685/2001/1999 1691/1995/1990
f 1690/1996/1995 1684/2002/2000 1683/1997/1996
f 1682/1998/1997 1681/2004/2003 1687/1999/1993
f 1680/2000/1998 1679/1889/2005 1685/2001/1999
f 1684/2002/2000 1678/1886/2001 1677/2003/2001
f 1676/1880/2002 1675/1877/2002 1681/2004/2003
f 1674/1874/2004 1673/1871/2004 1679/1889/2005
f 1678/1886/2001 1672/1868/2009 1671/1883/2006
f 1670/1862/2007 1669/1859/2007 1675/1877/2002
f 1668/1854/2008 1667/1849/2013 1673/1871/2004
f 1672/1868/2009 1666/1844/2010 1665/1865/2010
f 1664/1835/2011 1663/1827/2011 1669/1859/2007
f 1662/1818/2012 1661/1809/2017 1667/1849/2013
f 1666/1844/2010 1660/1801/2018 1659/1841/2014
f 1658/2005/2015 1657/1828/2015 1663/1827/2011
f 1656/2006/2016 1655/1810/2016 1661/1809/2017
f 1660/1801/2018 1654/1800/2022 1653/1791/2019
f 1652/2007/2020 1651/2011/2020 1657/1828/2015
f 1650/2008/2021 1649/2012/2025 1655/1810/2016
f 1654/1800/2022 1646/2013/2023 1645/2009/2023
f 1644/2010/2024 1643/2016/2028 1651/2011/2020
f 1647/1806/1980 1648/1797/1980 1649/2012/2025
f 1646/2013/2023 1642/2017/2026 1641/2014/2026
f 1640/2015/2027 1639/2020/2027 1643/2016/2028
f 1642/2017/2026 1638/2021/2031 1637/2018/2029
f 1636/2019/2030 1635/2024/2030 1639/2020/2027
f 1638/2021/2031 1634/2025/2032 1633/2022/2032
f 1632/2023/2033 1631/2036/2033 1635/2024/2030
f 1634/2025/2032 1630/2030/2034 1629/2026/2034
f 1628/2027/2035 1627/2032/2035 1631/2028/2033
f 1630/2030/2034 1626/1890/2036 1625/2031/2036
f 1624/1884/2037 1623/2033/2037 1627/2032/2035
f 1626/1890/2036 1622/1878/2038 1621/1887/2038
f 1624/1884/2037 1620/1872/2039 1619/1881/2039
f 1622/1878/2038 1618/1866/2040 1617/1875/2040
f 1620/1872/2039 1616/1860/2041 1615/1869/2041
f 1618/1866/2040 1614/1851/2042 1613/1863/2042
f 1616/1860/2041 1612/1842/2043 1611/1856/2043
f 1614/1851/2042 1610/1850/2044 1609/1845/2044
f 1612/1842/2043 1608/1813/2045 1607/1838/2045
f 1610/1830/2044 1604/1795/2046 1603/1821/2046
f 1608/1813/2045 1605/1812/1963 1606/1803/1963
f 1604/1795/2046 1601/1794/1966 1602/1891/1966
f 1475/1822/1782 1603/1821/1781 1602/1891/1864
f 1524/1950/1936 1652/2007/2063 1658/2005/2047
f 1575/1931/2048 1581/1831/1791 1709/1833/1791
f 1523/1933/2050 1529/1826/1786 1657/1828/1788
f 1580/1912/1893 1574/1935/1921 1702/1984/2051
f 1522/1957/1943 1650/2008/2068 1656/2006/2052
f 1579/1816/1776 1707/1815/1776 1701/1980/2053
f 1521/1940/2055 1527/1808/1769 1655/1810/1771
f 1572/1962/1948 1700/1981/2072 1706/1978/2057
f 1526/1922/1906 1518/1943/1929 1646/2013/2058
f 1571/1945/2059 1577/1796/1757 1705/1798/1759
f 1525/1792/1753 1653/1791/1752 1645/2009/2061
f 1570/1968/1954 1698/1982/2078 1704/1979/2062
f 1516/1969/1955 1644/2010/2079 1652/2007/2063
f 1569/1952/2064 1575/1931/2048 1703/1983/2049
f 1515/1954/2065 1523/1933/2050 1651/2011/2050
f 1574/1935/1921 1568/1956/1942 1696/1990/2067
f 1519/1807/1768 1647/1806/1767 1650/2008/2068
f 1573/1937/2054 1701/1980/2053 1695/1985/2069
f 1520/1924/2071 1521/1940/2055 1649/2012/2056
f 1566/1976/1962 1694/1986/2089 1700/1981/2072
f 1518/1943/1929 1514/1964/1950 1642/2017/2073
f 1565/1784/2074 1571/1945/2059 1699/1987/2060
f 1517/1946/2061 1645/2009/2061 1641/2014/2076
f 1564/1777/1739 1692/1988/2094 1698/1982/2078
f 1512/1785/1746 1640/2015/2090 1644/2010/2079
f 1563/1772/2080 1569/1952/2064 1697/1989/2064
f 1511/1782/2081 1515/1954/2065 1643/2016/2066
f 1568/1956/1942 1562/1766/1728 1690/1996/2083
f 1514/1964/1950 1510/1775/1737 1638/2021/2084
f 1567/1958/2070 1695/1985/2069 1689/1991/2085
f 1513/1966/2077 1641/2014/2076 1637/2018/2087
f 1560/1750/1714 1688/1992/2104 1694/1986/2089
f 1508/1762/1724 1636/2019/2100 1640/2015/2090
f 1559/1745/2091 1565/1784/2074 1693/1993/2075
f 1507/1754/2093 1511/1782/2081 1639/2020/2082
f 1558/1738/1702 1686/1994/2108 1692/1988/2094
f 1510/1775/1737 1506/1748/1712 1634/2025/2095
f 1557/1732/2096 1563/1772/2080 1691/1995/2080
f 1509/1975/2088 1637/2018/2087 1633/2022/2098
f 1562/1766/1728 1556/1726/1691 1684/2002/2099
f 1504/2035/1699 1632/2023/2109 1636/2019/2100
f 1561/1974/2086 1689/1991/2085 1683/1997/2101
f 1503/1755/2103 1507/1754/2093 1635/2024/2093
f 1554/1710/1675 1682/1998/2114 1688/1992/2104
f 1506/1748/1712 1502/1723/1688 1630/2030/2105
f 1553/1702/2106 1559/1745/2091 1687/1999/2092
f 1505/1769/2098 1633/2022/2098 1629/2026/2107
f 1552/1692/1658 1680/2000/2117 1686/1994/2108
f 1500/1704/1669 1628/2027/2115 1632/2029/2109
f 1551/1684/2110 1557/1732/2096 1685/2001/2097
f 1499/1695/2111 1503/1729/2103 1631/2028/2103
f 1556/1726/1691 1550/1675/1641 1678/1886/1858
f 1502/1723/1688 1498/1687/1653 1626/1890/1862
f 1555/1759/2102 1683/1997/2101 1677/2003/2112
f 1477/1717/1682 1600/1681/1647 1728/1888/1860
f 1501/1742/2107 1629/2026/2107 1625/2031/2113
f 1548/1656/1622 1676/1880/1850 1682/1998/2114
f 1478/1804/1765 1606/1803/1764 1727/1977/1856
f 1496/1669/1635 1624/1884/1855 1628/2027/2115
f 1547/1648/2116 1553/1702/2106 1681/2004/2106
f 1598/1662/1628 1726/1882/1852 1601/1794/1755
f 1495/1696/1851 1499/1695/2111 1627/2032/2111
f 1546/1638/1604 1674/1874/1841 1680/2000/2117
f 1729/3/2118 1730/1/2246 1732/4/2119
f 1731/2/2120 1732/4/2119 1734/6/2121
f 1733/5/2122 1734/6/2121 1736/141/2123
f 1736/141/2123 1738/8/2126 1737/9/2125
f 1738/8/2126 1740/10/2128 1739/11/2127
f 1740/10/2128 1742/12/2130 1741/13/2129
f 1742/12/2130 1744/14/2132 1743/15/2131
f 1744/14/2132 1746/16/2134 1745/17/2133
f 1746/16/2134 1748/18/2136 1747/19/2135
f 1748/18/2136 1750/20/2138 1749/21/2137
f 1750/20/2138 1752/22/2140 1751/23/2139
f 1752/22/2140 1754/24/2142 1753/25/2141
f 1754/24/2142 1756/26/2144 1755/27/2143
f 1756/26/2144 1758/28/2146 1757/29/2145
f 1758/28/2146 1760/30/2148 1759/31/2147
f 1760/30/2148 1762/32/2150 1761/33/2149
f 1762/32/2150 1764/34/2152 1763/35/2151
f 1764/34/2152 1766/36/2154 1765/37/2153
f 1766/190/2154 1768/39/2156 1767/40/2155
f 1768/39/2156 1770/41/2158 1769/42/2157
f 1770/41/2158 1772/43/2160 1771/44/2159
f 1772/43/2160 1774/45/2162 1773/46/2161
f 1774/45/2162 1776/47/2164 1775/48/2163
f 1776/47/2164 1778/49/2166 1777/50/2165
f 1778/49/2166 1780/51/2168 1779/52/2167
f 1780/51/2168 1782/53/2170 1781/54/2169
f 1782/53/2170 1784/55/2172 1783/56/2171
f 1784/55/2172 1786/57/2174 1785/58/2173
f 1786/57/2174 1788/59/2176 1787/60/2175
f 1788/59/2176 1790/61/2178 1789/62/2177
f 1790/61/2178 1792/63/2180 1791/64/2179
f 1792/63/2180 1794/65/2182 1793/66/2181
f 1794/65/2182 1796/67/2184 1795/68/2183
f 1796/67/2184 1798/69/2284 1797/70/2185
f 1797/70/2185 1798/69/2284 1800/71/2186
f 1799/72/2187 1800/71/2186 1802/74/2188
f 1801/73/2189 1802/74/2188 1804/76/2190
f 1803/75/2191 1804/76/2190 1806/78/2192
f 1805/77/2193 1806/78/2192 1808/80/2194
f 1807/79/2195 1808/80/2194 1810/82/2196
f 1809/81/2197 1810/82/2196 1812/84/2198
f 1811/83/2199 1812/84/2198 1814/86/2200
f 1813/85/2201 1814/86/2200 1816/88/2202
f 1815/87/2203 1816/88/2202 1818/90/2204
f 1817/89/2205 1818/90/2204 1820/92/2206
f 1819/91/2207 1820/92/2206 1822/94/2208
f 1821/93/2209 1822/94/2208 1824/96/2210
f 1823/95/2211 1824/96/2210 1826/98/2212
f 1825/97/2213 1826/98/2212 1828/100/2214
f 1827/99/2215 1828/100/2214 1830/161/2216
f 1829/104/2217 1830/102/2216 1832/105/2218
f 1831/103/2219 1832/105/2218 1834/107/2220
f 1833/106/2221 1834/107/2220 1836/109/2222
f 1835/108/2223 1836/109/2222 1838/111/2224
f 1837/110/2225 1838/111/2224 1840/113/2226
f 1839/112/2227 1840/113/2226 1842/115/2228
f 1841/114/2229 1842/115/2228 1844/117/2230
f 1843/116/2231 1844/117/2230 1846/119/2232
f 1845/118/2233 1846/119/2232 1848/121/2234
f 1847/120/2235 1848/121/2234 1850/123/2236
f 1849/122/2237 1850/123/2236 1852/125/2238
f 1851/124/2239 1852/125/2238 1854/128/2240
f 1772/43/2160 1770/41/2158 1877/198/2242
f 1853/126/2241 1854/128/2240 1856/130/2244
f 1855/129/2245 1856/130/2244 1730/1/2246
f 1855/133/2247 1729/2046/2247 1731/2047/2247
f 1731/2047/2247 1733/2048/6408 1735/2049/2247
f 1735/2049/2247 1737/2050/2247 1739/2051/2247
f 1739/2051/2247 1741/2052/2247 1743/2053/2247
f 1743/2053/2247 1745/2054/6409 1747/2055/2247
f 1747/2055/2247 1749/2056/2247 1751/2057/2247
f 1751/2057/2247 1753/2058/2247 1755/2059/2247
f 1755/2059/2247 1757/2060/6410 1759/2061/2247
f 1759/2061/2247 1761/2062/6411 1763/2063/2247
f 1763/2063/2247 1765/2064/6409 1767/2065/2247
f 1767/2065/2247 1769/2066/2247 1771/2067/2247
f 1771/2067/2247 1773/2068/6411 1775/2069/2247
f 1775/2069/2247 1777/2070/6409 1779/2071/2247
f 1779/2071/2247 1781/2072/6412 1783/2073/2247
f 1783/2073/2247 1785/2074/6412 1787/2075/2247
f 1787/2075/2247 1789/2076/6413 1791/131/2247
f 1791/131/2247 1793/2077/6412 1795/2078/2247
f 1795/2078/2247 1797/2079/6413 1799/2080/2247
f 1799/2080/2247 1801/2081/6412 1803/2082/2247
f 1803/2082/2247 1805/2083/2247 1807/2084/2247
f 1807/2084/2247 1809/2085/2247 1811/2086/2247
f 1811/2086/2247 1813/2087/6414 1815/2088/2247
f 1815/2088/2247 1817/2089/2247 1819/2090/2247
f 1819/2090/2247 1821/2091/2247 1823/132/2247
f 1823/132/2247 1825/2092/6414 1827/2093/2247
f 1827/2093/2247 1829/2094/2247 1831/2095/2247
f 1831/2095/2247 1833/2096/2247 1835/2097/2247
f 1835/2097/2247 1837/2098/2247 1839/2099/2247
f 1839/2099/2247 1841/2100/2247 1843/2101/2247
f 1843/2101/2247 1845/2102/2247 1847/2103/2247
f 1847/2103/2247 1849/2104/2247 1851/2105/2247
f 1851/2105/2247 1853/2106/6408 1855/133/2247
f 1855/133/2247 1731/2047/2247 1735/2049/2247
f 1735/2049/2247 1739/2051/2247 1743/2053/2247
f 1743/2053/2247 1747/2055/2247 1751/2057/2247
f 1751/2057/2247 1755/2059/2247 1759/2061/2247
f 1759/2061/2247 1763/2063/2247 1767/2065/2247
f 1767/2065/2247 1771/2067/2247 1775/2069/2247
f 1775/2069/2247 1779/2071/2247 1783/2073/2247
f 1783/2073/2247 1787/2075/2247 1791/131/2247
f 1791/131/2247 1795/2078/2247 1799/2080/2247
f 1799/2080/2247 1803/2082/2247 1807/2084/2247
f 1807/2084/2247 1811/2086/2247 1815/2088/2247
f 1815/2088/2247 1819/2090/2247 1823/132/2247
f 1823/132/2247 1827/2093/2247 1831/2095/2247
f 1831/2095/2247 1835/2097/2247 1839/2099/2247
f 1839/2099/2247 1843/2101/2247 1847/2103/2247
f 1847/2103/2247 1851/2105/2247 1855/133/2247
f 1855/133/2247 1735/2049/2247 1743/2053/2247
f 1743/2053/2247 1751/2057/2247 1759/2061/2247
f 1759/2061/2247 1767/2065/2247 1775/2069/2247
f 1775/2069/2247 1783/2073/2247 1791/131/2247
f 1791/131/2247 1799/2080/2247 1807/2084/2247
f 1807/2084/2247 1815/2088/2247 1823/132/2247
f 1823/132/2247 1831/2095/2247 1839/2099/2247
f 1839/2099/2247 1847/2103/2247 1855/133/2247
f 1855/133/2247 1743/2053/2247 1759/2061/2247
f 1759/2061/2247 1775/2069/2247 1791/131/2247
f 1791/131/2247 1807/2084/2247 1823/132/2247
f 1823/132/2247 1839/2099/2247 1855/133/2247
f 1855/133/2247 1759/2061/2247 1791/131/2247
f 1859/136/2248 1857/134/2297 1921/267/2249
f 1840/113/2226 1912/137/2310 1913/138/2251
f 1790/61/2178 1788/59/2176 1886/139/2252
f 1738/8/2126 1736/141/2123 1860/200/2254
f 1806/78/2192 1895/143/2311 1896/144/2256
f 1756/26/2144 1754/24/2142 1869/201/2257
f 1824/96/2210 1904/146/2312 1905/147/2259
f 1774/45/2162 1772/43/2160 1878/127/2243
f 1842/115/2228 1913/138/2251 1914/149/2261
f 1792/63/2180 1790/61/2178 1887/140/2253
f 1740/10/2128 1738/8/2126 1861/142/2255
f 1808/80/2194 1896/144/2256 1897/152/2264
f 1758/28/2146 1756/26/2144 1870/145/2258
f 1826/98/2212 1905/147/2259 1906/154/2266
f 1776/47/2164 1774/45/2162 1879/148/2260
f 1844/117/2230 1914/149/2261 1915/156/2268
f 1794/65/2182 1792/63/2180 1888/150/2262
f 1742/12/2130 1740/10/2128 1862/151/2263
f 1810/82/2196 1897/152/2264 1898/159/2271
f 1760/30/2148 1758/28/2146 1871/153/2265
f 1828/100/2214 1906/154/2266 1907/162/2273
f 1778/49/2166 1776/47/2164 1880/155/2267
f 1846/119/2232 1915/156/2268 1916/164/2275
f 1794/65/2182 1889/157/2269 1890/165/2276
f 1744/14/2132 1742/12/2130 1863/158/2270
f 1812/84/2198 1898/159/2271 1899/167/2278
f 1762/32/2150 1760/30/2148 1872/160/2272
f 1830/102/2216 1907/169/2273 1908/170/2280
f 1780/51/2168 1778/49/2166 1881/163/2274
f 1848/121/2234 1916/164/2275 1917/172/2282
f 1796/67/2184 1890/165/2276 1891/173/2283
f 1746/16/2134 1744/14/2132 1864/166/2277
f 1814/86/2200 1899/167/2278 1900/175/2286
f 1764/34/2152 1762/32/2150 1873/168/2279
f 1832/105/2218 1908/170/2280 1909/177/2288
f 1782/53/2170 1780/51/2168 1882/171/2281
f 1850/123/2236 1917/172/2282 1918/179/2290
f 1798/69/2284 1891/173/2283 1892/180/2291
f 1748/18/2136 1746/16/2134 1865/174/2285
f 1816/88/2202 1900/175/2286 1901/182/2293
f 1766/36/2154 1764/34/2152 1874/176/2287
f 1834/107/2220 1909/177/2288 1910/184/2295
f 1732/4/2119 1730/1/2246 1858/199/2296
f 1784/55/2172 1782/53/2170 1883/178/2289
f 1852/125/2238 1918/179/2290 1919/186/2299
f 1800/71/2186 1892/180/2291 1893/187/2300
f 1750/20/2138 1748/18/2136 1866/181/2292
f 1818/90/2204 1901/182/2293 1902/189/2302
f 1768/39/2156 1766/190/2154 1875/248/2294
f 1836/109/2222 1910/184/2295 1911/192/2304
f 1786/57/2174 1784/55/2172 1884/185/2298
f 1854/128/2240 1919/186/2299 1920/194/2306
f 1734/6/2121 1732/4/2119 1857/134/2297
f 1802/74/2188 1893/187/2300 1894/195/2307
f 1752/22/2140 1750/20/2138 1867/188/2301
f 1820/92/2206 1902/189/2302 1903/197/2309
f 1770/41/2158 1768/39/2156 1876/191/2303
f 1838/111/2224 1911/192/2304 1912/137/2310
f 1788/59/2176 1786/57/2174 1885/193/2305
f 1856/130/2244 1920/194/2306 1858/199/2296
f 1736/141/2123 1734/6/2121 1859/136/2248
f 1804/76/2190 1894/195/2307 1895/143/2311
f 1754/24/2142 1752/22/2140 1868/196/2308
f 1822/94/2208 1903/197/2309 1904/146/2312
f 1926/204/2313 1925/202/2322 1989/333/2314
f 1911/192/2304 1975/205/2376 1976/206/2316
f 1886/139/2252 1885/193/2305 1949/207/2317
f 1860/200/2254 1859/136/2248 1923/135/2250
f 1912/137/2310 1976/206/2316 1977/210/2320
f 1887/140/2253 1886/139/2252 1950/208/2318
f 1861/142/2255 1860/200/2254 1924/209/2319
f 1913/138/2251 1977/210/2320 1978/212/2323
f 1888/150/2262 1887/140/2253 1951/211/2321
f 1862/151/2263 1861/142/2255 1925/202/2322
f 1914/149/2261 1978/212/2323 1979/214/2325
f 1889/157/2269 1888/150/2262 1952/213/2324
f 1863/158/2270 1862/151/2263 1926/204/2313
f 1915/156/2268 1979/214/2325 1980/217/2328
f 1889/157/2269 1953/215/2326 1954/218/2329
f 1864/166/2277 1863/158/2270 1927/216/2327
f 1916/164/2275 1980/217/2328 1981/220/2331
f 1890/165/2276 1954/218/2329 1955/221/2332
f 1865/174/2285 1864/166/2277 1928/219/2330
f 1917/172/2282 1981/220/2331 1982/223/2334
f 1891/173/2283 1955/221/2332 1956/224/2335
f 1866/181/2292 1865/174/2285 1929/222/2333
f 1918/179/2290 1982/223/2334 1983/226/2337
f 1892/180/2291 1956/224/2335 1957/227/2338
f 1867/188/2301 1866/181/2292 1930/225/2336
f 1919/186/2299 1983/226/2337 1984/229/2340
f 1893/187/2300 1957/227/2338 1958/230/2341
f 1868/196/2308 1867/188/2301 1931/228/2339
f 1920/194/2306 1984/229/2340 1922/232/2343
f 1894/195/2307 1958/230/2341 1959/233/2344
f 1869/201/2257 1868/196/2308 1932/231/2342
f 1895/143/2311 1959/233/2344 1960/235/2346
f 1870/145/2258 1869/201/2257 1933/234/2345
f 1896/144/2256 1960/235/2346 1961/237/2348
f 1871/153/2265 1870/145/2258 1934/236/2347
f 1897/152/2264 1961/237/2348 1962/239/2350
f 1872/160/2272 1871/153/2265 1935/238/2349
f 1898/159/2271 1962/239/2350 1963/241/2352
f 1873/168/2279 1872/160/2272 1936/240/2351
f 1899/167/2278 1963/241/2352 1964/243/2354
f 1874/176/2287 1873/168/2279 1937/242/2353
f 1900/175/2286 1964/243/2354 1965/245/2356
f 1875/183/2294 1874/176/2287 1938/244/2355
f 1901/182/2293 1965/245/2356 1966/247/2358
f 1876/191/2303 1875/248/2294 1939/305/2357
f 1902/189/2302 1966/247/2358 1967/250/2360
f 1877/198/2242 1876/191/2303 1940/249/2359
f 1903/197/2309 1967/250/2360 1968/252/2362
f 1878/127/2243 1877/198/2242 1941/251/2361
f 1904/146/2312 1968/252/2362 1969/254/2364
f 1879/148/2260 1878/127/2243 1942/253/2363
f 1905/147/2259 1969/254/2364 1970/256/2366
f 1880/155/2267 1879/148/2260 1943/255/2365
f 1906/154/2266 1970/256/2366 1971/258/2368
f 1881/163/2274 1880/155/2267 1944/257/2367
f 1907/169/2273 1971/260/2368 1972/261/2370
f 1882/171/2281 1881/163/2274 1945/259/2369
f 1908/170/2280 1972/261/2370 1973/263/2372
f 1883/178/2289 1882/171/2281 1946/262/2371
f 1909/177/2288 1973/263/2372 1974/265/2374
f 1884/185/2298 1883/178/2289 1947/264/2373
f 1857/134/2297 1858/199/2296 1922/232/2343
f 1910/184/2295 1974/265/2374 1975/205/2376
f 1885/193/2305 1884/185/2298 1948/266/2375
f 1992/268/2377 2056/398/2502 2057/269/2378
f 1978/212/2323 2042/271/2439 2043/272/2380
f 1953/215/2326 1952/213/2324 2016/273/2381
f 1927/216/2327 1926/204/2313 1990/203/2315
f 1979/214/2325 2043/272/2380 2044/276/2384
f 1954/218/2329 1953/215/2326 2017/274/2382
f 1928/219/2330 1927/216/2327 1991/275/2383
f 1980/217/2328 2044/276/2384 2045/278/2386
f 1955/221/2332 1954/218/2329 2018/277/2385
f 1929/222/2333 1928/219/2330 1992/268/2377
f 1981/220/2331 2045/278/2386 2046/280/2388
f 1955/221/2332 2019/279/2387 2020/281/2389
f 1930/225/2336 1929/222/2333 1993/270/2379
f 1982/223/2334 2046/280/2388 2047/283/2391
f 1956/224/2335 2020/281/2389 2021/284/2392
f 1931/228/2339 1930/225/2336 1994/282/2390
f 1983/226/2337 2047/283/2391 2048/286/2394
f 1957/227/2338 2021/284/2392 2022/287/2395
f 1932/231/2342 1931/228/2339 1995/285/2393
f 1984/229/2340 2048/286/2394 1986/289/2397
f 1958/230/2341 2022/287/2395 2023/290/2398
f 1933/234/2345 1932/231/2342 1996/288/2396
f 1959/233/2344 2023/290/2398 2024/292/2400
f 1934/236/2347 1933/234/2345 1997/291/2399
f 1960/235/2346 2024/292/2400 2025/294/2402
f 1935/238/2349 1934/236/2347 1998/293/2401
f 1961/237/2348 2025/294/2402 2026/296/2404
f 1936/240/2351 1935/238/2349 1999/295/2403
f 1962/239/2350 2026/296/2404 2027/298/2406
f 1937/242/2353 1936/240/2351 2000/297/2405
f 1963/241/2352 2027/298/2406 2028/300/2408
f 1938/244/2355 1937/242/2353 2001/299/2407
f 1964/243/2354 2028/300/2408 2029/302/2410
f 1939/246/2357 1938/244/2355 2002/301/2409
f 1965/245/2356 2029/302/2410 2030/304/2412
f 1940/249/2359 1939/305/2357 2003/361/2411
f 1966/247/2358 2030/304/2412 2031/307/2414
f 1941/251/2361 1940/249/2359 2004/306/2413
f 1967/250/2360 2031/307/2414 2032/309/2416
f 1942/253/2363 1941/251/2361 2005/308/2415
f 1968/252/2362 2032/309/2416 2033/311/2418
f 1943/255/2365 1942/253/2363 2006/310/2417
f 1969/254/2364 2033/311/2418 2034/313/2420
f 1944/257/2367 1943/255/2365 2007/312/2419
f 1970/256/2366 2034/313/2420 2035/315/2422
f 1945/259/2369 1944/257/2367 2008/314/2421
f 1971/260/2368 2035/317/2422 2036/318/2424
f 1946/262/2371 1945/259/2369 2009/316/2423
f 1972/261/2370 2036/318/2424 2037/320/2426
f 1947/264/2373 1946/262/2371 2010/319/2425
f 1973/263/2372 2037/320/2426 2038/322/2428
f 1948/266/2375 1947/264/2373 2011/321/2427
f 1922/232/2343 1986/289/2397 1985/324/2430
f 1974/265/2374 2038/322/2428 2039/325/2431
f 1949/207/2317 1948/266/2375 2012/323/2429
f 1921/267/2249 1985/324/2430 1987/327/2433
f 1975/205/2376 2039/325/2431 2040/328/2434
f 1950/208/2318 1949/207/2317 2013/326/2432
f 1924/209/2319 1923/135/2250 1987/327/2433
f 1976/206/2316 2040/328/2434 2041/331/2437
f 1951/211/2321 1950/208/2318 2014/329/2435
f 1925/202/2322 1924/209/2319 1988/330/2436
f 1977/210/2320 2041/331/2437 2042/271/2439
f 1952/213/2324 1951/211/2321 2015/332/2438
f 2059/334/2440 2123/464/2567 2124/335/2441
f 2045/278/2386 2109/399/2503 2110/337/2443
f 2020/281/2389 2019/279/2387 2083/338/2444
f 1993/270/2379 2057/269/2378 2058/340/2446
f 2046/280/2388 2110/337/2443 2111/341/2447
f 2021/284/2392 2020/281/2389 2084/339/2445
f 1994/282/2390 2058/340/2446 2059/334/2440
f 2047/283/2391 2111/341/2447 2112/343/2449
f 2022/287/2395 2021/284/2392 2085/342/2448
f 1995/285/2393 2059/334/2440 2060/336/2442
f 2048/286/2394 2112/343/2449 2050/345/2451
f 2023/290/2398 2022/287/2395 2086/344/2450
f 1996/288/2396 2060/336/2442 2061/347/2453
f 2024/292/2400 2023/290/2398 2087/346/2452
f 1998/293/2401 1997/291/2399 2061/347/2453
f 2025/294/2402 2024/292/2400 2088/348/2454
f 1999/295/2403 1998/293/2401 2062/349/2455
f 2026/296/2404 2025/294/2402 2089/350/2456
f 2000/297/2405 1999/295/2403 2063/351/2457
f 2027/298/2406 2026/296/2404 2090/352/2458
f 2001/299/2407 2000/297/2405 2064/353/2459
f 2028/300/2408 2027/298/2406 2091/354/2460
f 2002/301/2409 2001/299/2407 2065/355/2461
f 2029/302/2410 2028/300/2408 2092/356/2462
f 2003/303/2411 2002/301/2409 2066/357/2463
f 2029/302/2410 2093/358/2464 2094/360/2466
f 2004/306/2413 2003/361/2411 2067/418/2465
f 2030/304/2412 2094/360/2466 2095/363/2468
f 2005/308/2415 2004/306/2413 2068/362/2467
f 2031/307/2414 2095/363/2468 2096/365/2470
f 2006/310/2417 2005/308/2415 2069/364/2469
f 2032/309/2416 2096/365/2470 2097/367/2472
f 2007/312/2419 2006/310/2417 2070/366/2471
f 2033/311/2418 2097/367/2472 2098/369/2474
f 2008/314/2421 2007/312/2419 2071/368/2473
f 2034/313/2420 2098/369/2474 2099/371/2476
f 2009/316/2423 2008/314/2421 2072/370/2475
f 2035/317/2422 2099/373/2476 2100/374/2478
f 2010/319/2425 2009/316/2423 2073/372/2477
f 2036/318/2424 2100/374/2478 2101/376/2480
f 2011/321/2427 2010/319/2425 2074/375/2479
f 2037/320/2426 2101/376/2480 2102/378/2482
f 2012/323/2429 2011/321/2427 2075/377/2481
f 1986/289/2397 2050/345/2451 2049/380/2484
f 2038/322/2428 2102/378/2482 2103/381/2485
f 2013/326/2432 2012/323/2429 2076/379/2483
f 1985/324/2430 2049/380/2484 2051/383/2487
f 2039/325/2431 2103/381/2485 2104/384/2488
f 2014/329/2435 2013/326/2432 2077/382/2486
f 1987/327/2433 2051/383/2487 2052/386/2490
f 2040/328/2434 2104/384/2488 2105/387/2491
f 2015/332/2438 2014/329/2435 2078/385/2489
f 1988/330/2436 2052/386/2490 2053/389/2493
f 2041/331/2437 2105/387/2491 2106/390/2494
f 2016/273/2381 2015/332/2438 2079/388/2492
f 1989/333/2314 2053/389/2493 2054/392/2496
f 2042/271/2439 2106/390/2494 2107/393/2497
f 2017/274/2382 2016/273/2381 2080/391/2495
f 1990/203/2315 2054/392/2496 2055/395/2499
f 2043/272/2380 2107/393/2497 2108/396/2500
f 2018/277/2385 2017/274/2382 2081/394/2498
f 1991/275/2383 2055/395/2499 2056/398/2502
f 2044/276/2384 2108/396/2500 2109/399/2503
f 2019/279/2387 2018/277/2385 2082/397/2501
f 2127/400/2504 2126/407/2512 2190/401/2505
f 2112/343/2449 2176/465/2568 2114/403/2507
f 2087/346/2452 2086/344/2450 2150/466/2508
f 2060/336/2442 2124/335/2441 2125/405/2510
f 2088/348/2454 2087/346/2452 2151/404/2509
f 2061/347/2453 2125/405/2510 2126/407/2512
f 2089/350/2456 2088/348/2454 2152/406/2511
f 2062/349/2455 2126/407/2512 2127/400/2504
f 2090/352/2458 2089/350/2456 2153/408/2513
f 2063/351/2457 2127/400/2504 2128/410/2515
f 2091/354/2460 2090/352/2458 2154/409/2514
f 2065/355/2461 2064/353/2459 2128/410/2515
f 2092/356/2462 2091/354/2460 2155/411/2516
f 2066/357/2463 2065/355/2461 2129/412/2517
f 2093/358/2464 2092/356/2462 2156/413/2518
f 2067/359/2465 2066/357/2463 2130/414/2519
f 2094/360/2466 2093/358/2464 2157/415/2520
f 2068/362/2467 2067/418/2465 2131/2037/2521
f 2095/363/2468 2094/360/2466 2158/417/2522
f 2069/364/2469 2068/362/2467 2132/419/2523
f 2096/365/2470 2095/363/2468 2159/420/2524
f 2070/366/2471 2069/364/2469 2133/421/2525
f 2096/365/2470 2160/422/2526 2161/424/2528
f 2071/368/2473 2070/366/2471 2134/423/2527
f 2097/367/2472 2161/424/2528 2162/426/2530
f 2072/370/2475 2071/368/2473 2135/425/2529
f 2098/369/2474 2162/426/2530 2163/428/2532
f 2073/372/2477 2072/370/2475 2136/427/2531
f 2099/373/2476 2163/430/2532 2164/431/2534
f 2074/375/2479 2073/372/2477 2137/429/2533
f 2100/374/2478 2164/431/2534 2165/433/2536
f 2075/377/2481 2074/375/2479 2138/432/2535
f 2101/376/2480 2165/433/2536 2166/435/2538
f 2076/379/2483 2075/377/2481 2139/434/2537
f 2050/345/2451 2114/403/2507 2113/437/2540
f 2102/378/2482 2166/435/2538 2167/438/2541
f 2077/382/2486 2076/379/2483 2140/436/2539
f 2049/380/2484 2113/437/2540 2115/440/2543
f 2103/381/2485 2167/438/2541 2168/441/2544
f 2078/385/2489 2077/382/2486 2141/439/2542
f 2051/383/2487 2115/440/2543 2116/443/2546
f 2104/384/2488 2168/441/2544 2169/444/2547
f 2079/388/2492 2078/385/2489 2142/442/2545
f 2052/386/2490 2116/443/2546 2117/446/2549
f 2105/387/2491 2169/444/2547 2170/447/2550
f 2080/391/2495 2079/388/2492 2143/445/2548
f 2053/389/2493 2117/446/2549 2118/449/2552
f 2106/390/2494 2170/447/2550 2171/450/2553
f 2081/394/2498 2080/391/2495 2144/448/2551
f 2054/392/2496 2118/449/2552 2119/452/2555
f 2107/393/2497 2171/450/2553 2172/453/2556
f 2082/397/2501 2081/394/2498 2145/451/2554
f 2055/395/2499 2119/452/2555 2120/455/2558
f 2108/396/2500 2172/453/2556 2173/456/2559
f 2083/338/2444 2082/397/2501 2146/454/2557
f 2056/398/2502 2120/455/2558 2121/458/2561
f 2109/399/2503 2173/456/2559 2174/459/2562
f 2084/339/2445 2083/338/2444 2147/457/2560
f 2057/269/2378 2121/458/2561 2122/461/2564
f 2110/337/2443 2174/459/2562 2175/462/2565
f 2085/342/2448 2084/339/2445 2148/460/2563
f 2058/340/2446 2122/461/2564 2123/464/2567
f 2111/341/2447 2175/462/2565 2176/465/2568
f 2086/344/2450 2085/342/2448 2149/463/2566
f 3075/469/2569 3074/467/2758 2257/659/2570
f 2153/408/2513 2217/532/2633 2218/470/2572
f 2128/410/2515 2127/400/2504 2191/402/2506
f 2154/409/2514 2218/470/2572 2219/472/2574
f 2129/412/2517 2128/410/2515 2192/471/2573
f 2155/411/2516 2219/472/2574 2220/474/2576
f 2130/414/2519 2129/412/2517 2193/473/2575
f 2156/413/2518 2220/474/2576 2221/476/2578
f 2130/414/2519 2194/475/2577 2195/477/2579
f 2157/415/2520 2221/476/2578 2222/478/2580
f 2131/2037/2521 2195/479/2579 2196/480/2581
f 2158/417/2522 2222/478/2580 2223/481/2582
f 2132/419/2523 2196/480/2581 2197/482/2583
f 2159/420/2524 2223/481/2582 2224/483/2584
f 2133/421/2525 2197/482/2583 2198/484/2585
f 2160/422/2526 2224/483/2584 2225/485/2586
f 2134/423/2527 2198/484/2585 2199/486/2587
f 2161/424/2528 2225/485/2586 2226/487/2588
f 2135/425/2529 2199/486/2587 2200/488/2589
f 2163/428/2532 2162/426/2530 2226/487/2588
f 2136/427/2531 2200/488/2589 2201/490/2591
f 2164/431/2534 2163/430/2532 2227/1736/2590
f 2137/429/2533 2201/490/2591 2202/492/2593
f 2165/433/2536 2164/431/2534 2228/491/2592
f 2138/432/2535 2202/492/2593 2203/494/2595
f 2166/435/2538 2165/433/2536 2229/493/2594
f 2139/434/2537 2203/494/2595 2204/496/2597
f 2113/437/2540 2114/403/2507 2178/497/2598
f 2167/438/2541 2166/435/2538 2230/495/2596
f 2140/436/2539 2204/496/2597 2205/500/2601
f 2115/440/2543 2113/437/2540 2177/498/2599
f 2168/441/2544 2167/438/2541 2231/499/2600
f 2141/439/2542 2205/500/2601 2206/503/2604
f 2116/443/2546 2115/440/2543 2179/501/2602
f 2169/444/2547 2168/441/2544 2232/502/2603
f 2142/442/2545 2206/503/2604 2207/506/2607
f 2117/446/2549 2116/443/2546 2180/504/2605
f 2170/447/2550 2169/444/2547 2233/505/2606
f 2143/445/2548 2207/506/2607 2208/509/2610
f 2118/449/2552 2117/446/2549 2181/507/2608
f 2171/450/2553 2170/447/2550 2234/508/2609
f 2144/448/2551 2208/509/2610 2209/512/2613
f 2119/452/2555 2118/449/2552 2182/510/2611
f 2172/453/2556 2171/450/2553 2235/511/2612
f 2145/451/2554 2209/512/2613 2210/515/2616
f 2120/455/2558 2119/452/2555 2183/513/2614
f 2173/456/2559 2172/453/2556 2236/514/2615
f 2146/454/2557 2210/515/2616 2211/518/2619
f 2121/458/2561 2120/455/2558 2184/516/2617
f 2174/459/2562 2173/456/2559 2237/517/2618
f 2147/457/2560 2211/518/2619 2212/521/2622
f 2122/461/2564 2121/458/2561 2185/519/2620
f 2175/462/2565 2174/459/2562 2238/520/2621
f 2148/460/2563 2212/521/2622 2213/524/2625
f 2123/464/2567 2122/461/2564 2186/522/2623
f 2176/465/2568 2175/462/2565 2239/523/2624
f 2149/463/2566 2213/524/2625 2214/527/2628
f 2124/335/2441 2123/464/2567 2187/525/2626
f 2114/403/2507 2176/465/2568 2240/526/2627
f 2150/466/2508 2214/527/2628 2215/529/2630
f 2125/405/2510 2124/335/2441 2188/528/2629
f 2151/404/2509 2215/529/2630 2216/531/2632
f 2126/407/2512 2125/405/2510 2189/530/2631
f 2152/406/2511 2216/531/2632 2217/532/2633
f 2260/533/2634 2324/726/2823 2325/534/2635
f 3078/536/2637 2284/660/2759 2285/537/2638
f 3075/469/2569 2258/468/2571 2259/539/2640
f 3079/538/2639 2285/537/2638 2286/541/2642
f 3081/543/2641 2259/725/2640 2260/533/2634
f 3083/542/2643 2286/541/2642 2287/545/2645
f 3085/544/2644 2260/533/2634 2261/535/2636
f 3087/546/2646 2287/545/2645 2288/548/2648
f 3089/547/2647 2261/535/2636 2262/550/2650
f 3091/549/2649 2288/548/2648 2289/552/2652
f 3093/551/2651 2262/550/2650 2263/554/2654
f 3095/553/2653 2289/552/2652 2290/557/2656
f 3097/555/2655 2263/554/2654 2264/558/2658
f 3103/560/2660 3099/556/2657 2290/557/2656
f 3101/559/2659 2264/558/2658 2265/562/2662
f 3107/564/2664 3103/2107/2660 2291/565/2661
f 3105/563/2663 2265/562/2662 2266/567/2666
f 3111/569/2668 3107/564/2664 2292/566/2665
f 3109/568/2667 2266/567/2666 2267/571/2670
f 3115/573/2672 3111/569/2668 2293/570/2669
f 3113/572/2671 2267/571/2670 2268/575/2674
f 3121/577/2676 3120/640/2739 2242/578/2677
f 3123/580/2679 3115/573/2672 2294/574/2673
f 3117/576/2675 2268/575/2674 2269/582/2681
f 3127/584/2683 3121/577/2676 2241/579/2678
f 3129/586/2685 3123/580/2679 2295/581/2680
f 3125/583/2682 2269/582/2681 2270/588/2687
f 3133/590/2689 3127/584/2683 2243/585/2684
f 3135/592/2691 3129/586/2685 2296/587/2686
f 3131/589/2688 2270/588/2687 2271/594/2693
f 3139/596/2695 3133/590/2689 2244/591/2690
f 3141/598/2697 3135/592/2691 2297/593/2692
f 3137/595/2694 2271/594/2693 2272/600/2699
f 3145/602/2701 3139/596/2695 2245/597/2696
f 3147/604/2703 3141/598/2697 2298/599/2698
f 3143/601/2700 2272/600/2699 2273/606/2705
f 3151/608/2707 3145/602/2701 2246/603/2702
f 3153/610/2709 3147/604/2703 2299/605/2704
f 3149/607/2706 2273/606/2705 2274/612/2711
f 3157/614/2713 3151/608/2707 2247/609/2708
f 3159/616/2715 3153/610/2709 2300/611/2710
f 3155/613/2712 2274/612/2711 2275/618/2717
f 3163/620/2719 3157/614/2713 2248/615/2714
f 3165/622/2721 3159/616/2715 2301/617/2716
f 3161/619/2718 2275/618/2717 2276/624/2723
f 3169/626/2725 3163/620/2719 2249/621/2720
f 3171/628/2727 3165/622/2721 2302/623/2722
f 3167/625/2724 2276/624/2723 2277/630/2729
f 3175/632/2731 3169/626/2725 2250/627/2726
f 3177/634/2733 3171/628/2727 2303/629/2728
f 3173/631/2730 2277/630/2729 2278/636/2735
f 3181/638/2737 3175/632/2731 2251/633/2732
f 3120/640/2739 3177/634/2733 2304/635/2734
f 3179/637/2736 2278/636/2735 2279/641/2740
f 3185/643/2742 3181/638/2737 2252/639/2738
f 3183/642/2741 2279/641/2740 2280/645/2744
f 3189/647/2746 3185/643/2742 2253/644/2743
f 3187/646/2745 2280/645/2744 2281/649/2748
f 3193/651/2750 3189/647/2746 2254/648/2747
f 3191/650/2749 2281/649/2748 2282/653/2752
f 3197/655/2754 3193/651/2750 2255/652/2751
f 3195/654/2753 2282/653/2752 2283/657/2756
f 3074/467/2758 3197/655/2754 2256/656/2755
f 3199/658/2757 2283/657/2756 2284/660/2759
f 2328/661/2760 2327/667/2766 2391/662/2761
f 2287/545/2645 2351/727/2824 2352/664/2763
f 2261/535/2636 2325/534/2635 2326/665/2764
f 2288/548/2648 2352/664/2763 2353/666/2765
f 2262/550/2650 2326/665/2764 2327/667/2766
f 2289/552/2652 2353/666/2765 2354/668/2767
f 2263/554/2654 2327/667/2766 2328/661/2760
f 2291/561/2661 2290/557/2656 2354/668/2767
f 2264/558/2658 2328/661/2760 2329/670/2769
f 2292/566/2665 2291/565/2661 2355/671/2768
f 2265/562/2662 2329/670/2769 2330/673/2771
f 2293/570/2669 2292/566/2665 2356/672/2770
f 2266/567/2666 2330/673/2771 2331/675/2773
f 2294/574/2673 2293/570/2669 2357/674/2772
f 2267/571/2670 2331/675/2773 2332/677/2775
f 2241/579/2678 2242/578/2677 2306/678/2776
f 2295/581/2680 2294/574/2673 2358/676/2774
f 2268/575/2674 2332/677/2775 2333/681/2779
f 2243/585/2684 2241/579/2678 2305/679/2777
f 2296/587/2686 2295/581/2680 2359/680/2778
f 2269/582/2681 2333/681/2779 2334/684/2782
f 2244/591/2690 2243/585/2684 2307/682/2780
f 2297/593/2692 2296/587/2686 2360/683/2781
f 2270/588/2687 2334/684/2782 2335/687/2785
f 2245/597/2696 2244/591/2690 2308/685/2783
f 2298/599/2698 2297/593/2692 2361/686/2784
f 2271/594/2693 2335/687/2785 2336/690/2788
f 2246/603/2702 2245/597/2696 2309/688/2786
f 2299/605/2704 2298/599/2698 2362/689/2787
f 2272/600/2699 2336/690/2788 2337/693/2791
f 2247/609/2708 2246/603/2702 2310/691/2789
f 2300/611/2710 2299/605/2704 2363/692/2790
f 2273/606/2705 2337/693/2791 2338/696/2794
f 2248/615/2714 2247/609/2708 2311/694/2792
f 2301/617/2716 2300/611/2710 2364/695/2793
f 2274/612/2711 2338/696/2794 2339/699/2797
f 2249/621/2720 2248/615/2714 2312/697/2795
f 2302/623/2722 2301/617/2716 2365/698/2796
f 2275/618/2717 2339/699/2797 2340/702/2800
f 2250/627/2726 2249/621/2720 2313/700/2798
f 2303/629/2728 2302/623/2722 2366/701/2799
f 2276/624/2723 2340/702/2800 2341/705/2803
f 2251/633/2732 2250/627/2726 2314/703/2801
f 2304/635/2734 2303/629/2728 2367/704/2802
f 2277/630/2729 2341/705/2803 2342/708/2806
f 2252/639/2738 2251/633/2732 2315/706/2804
f 2242/578/2677 2304/635/2734 2368/707/2805
f 2278/636/2735 2342/708/2806 2343/710/2808
f 2253/644/2743 2252/639/2738 2316/709/2807
f 2279/641/2740 2343/710/2808 2344/712/2810
f 2254/648/2747 2253/644/2743 2317/711/2809
f 2280/645/2744 2344/712/2810 2345/714/2812
f 2255/652/2751 2254/648/2747 2318/713/2811
f 2281/649/2748 2345/714/2812 2346/716/2814
f 2256/656/2755 2255/652/2751 2319/715/2813
f 2282/653/2752 2346/716/2814 2347/718/2816
f 2257/659/2570 2256/656/2755 2320/717/2815
f 2283/657/2756 2347/718/2816 2348/720/2818
f 2258/468/2571 2257/659/2570 2321/719/2817
f 2284/660/2759 2348/720/2818 2349/722/2820
f 2258/468/2571 2322/721/2819 2323/723/2821
f 2285/537/2638 2349/722/2820 2350/724/2822
f 2259/725/2640 2323/2041/2821 2324/726/2823
f 2286/541/2642 2350/724/2822 2351/727/2824
f 2354/668/2767 2418/793/2889 2419/731/2828
f 2329/670/2769 2328/661/2760 2392/663/2762
f 2355/671/2768 2419/2042/2828 2420/733/2830
f 2330/673/2771 2329/670/2769 2393/732/2829
f 2356/672/2770 2420/733/2830 2421/735/2832
f 2331/675/2773 2330/673/2771 2394/734/2831
f 2357/674/2772 2421/735/2832 2422/737/2834
f 2332/677/2775 2331/675/2773 2395/736/2833
f 2306/678/2776 2370/770/2867 2369/739/2836
f 2358/676/2774 2422/737/2834 2423/740/2837
f 2333/681/2779 2332/677/2775 2396/738/2835
f 2305/679/2777 2369/739/2836 2371/742/2839
f 2359/680/2778 2423/740/2837 2424/743/2840
f 2334/684/2782 2333/681/2779 2397/741/2838
f 2307/682/2780 2371/742/2839 2372/745/2842
f 2360/683/2781 2424/743/2840 2425/746/2843
f 2335/687/2785 2334/684/2782 2398/744/2841
f 2308/685/2783 2372/745/2842 2373/748/2845
f 2361/686/2784 2425/746/2843 2426/749/2846
f 2336/690/2788 2335/687/2785 2399/747/2844
f 2309/688/2786 2373/748/2845 2374/751/2848
f 2362/689/2787 2426/749/2846 2427/752/2849
f 2337/693/2791 2336/690/2788 2400/750/2847
f 2310/691/2789 2374/751/2848 2375/754/2851
f 2363/692/2790 2427/752/2849 2428/755/2852
f 2338/696/2794 2337/693/2791 2401/753/2850
f 2311/694/2792 2375/754/2851 2376/757/2854
f 2364/695/2793 2428/755/2852 2429/758/2855
f 2339/699/2797 2338/696/2794 2402/756/2853
f 2312/697/2795 2376/757/2854 2377/760/2857
f 2365/698/2796 2429/758/2855 2430/761/2858
f 2340/702/2800 2339/699/2797 2403/759/2856
f 2313/700/2798 2377/760/2857 2378/763/2860
f 2366/701/2799 2430/761/2858 2431/764/2861
f 2341/705/2803 2340/702/2800 2404/762/2859
f 2314/703/2801 2378/763/2860 2379/766/2863
f 2367/704/2802 2431/764/2861 2432/767/2864
f 2342/708/2806 2341/705/2803 2405/765/2862
f 2315/706/2804 2379/766/2863 2380/769/2866
f 2368/707/2805 2432/767/2864 2370/770/2867
f 2343/710/2808 2342/708/2806 2406/768/2865
f 2316/709/2807 2380/769/2866 2381/772/2869
f 2344/712/2810 2343/710/2808 2407/771/2868
f 2317/711/2809 2381/772/2869 2382/774/2871
f 2345/714/2812 2344/712/2810 2408/773/2870
f 2318/713/2811 2382/774/2871 2383/776/2873
f 2346/716/2814 2345/714/2812 2409/775/2872
f 2319/715/2813 2383/776/2873 2384/778/2875
f 2347/718/2816 2346/716/2814 2410/777/2874
f 2320/717/2815 2384/778/2875 2385/780/2877
f 2348/720/2818 2347/718/2816 2411/779/2876
f 2321/719/2817 2385/780/2877 2386/782/2879
f 2349/722/2820 2348/720/2818 2412/781/2878
f 2323/723/2821 2322/721/2819 2386/782/2879
f 2350/724/2822 2349/722/2820 2413/783/2880
f 2324/726/2823 2323/2041/2821 2387/786/2881
f 2351/727/2824 2350/724/2822 2414/785/2882
f 2325/534/2635 2324/726/2823 2388/787/2883
f 2352/664/2763 2351/727/2824 2415/788/2884
f 2326/665/2764 2325/534/2635 2389/789/2885
f 2353/666/2765 2352/664/2763 2416/790/2886
f 2327/667/2766 2326/665/2764 2390/791/2887
f 2354/668/2767 2353/666/2765 2417/792/2888
f 2219/472/2574 3200/1577/3668 3077/1578/3659
f 3141/1647/3660 3269/1580/3731 3263/1581/3661
f 2193/473/2575 2192/471/2573 3198/1590/3663
f 3084/1903/3665 3212/1584/3919 3216/1585/3666
f 2218/470/2572 3196/1586/3676 3200/1577/3668
f 3187/1589/3669 3191/1587/3717 3319/1635/3670
f 2192/471/2573 2191/402/2506 3194/1598/3672
f 3142/1593/3673 3136/1591/4009 3264/1836/3674
f 2217/532/2633 3192/1594/3684 3196/1586/3676
f 3085/1597/3677 3089/1595/3724 3217/1642/3678
f 2191/402/2506 2190/401/2505 3190/1606/3680
f 3188/1899/3681 3316/1600/3927 3320/1601/3682
f 2216/531/2632 3188/1602/3692 3192/1594/3684
f 3137/1605/3685 3143/1603/3748 3271/1666/3686
f 2190/401/2505 2189/530/2631 3186/1614/3688
f 3086/1896/3689 3214/1608/3931 3218/1609/3690
f 2215/529/2630 3184/1610/3700 3188/1602/3692
f 3189/1611/3693 3193/1653/3736 3321/1612/3694
f 2189/530/2631 2188/528/2629 3182/1626/3696
f 3138/1901/3697 3266/1616/3923 3272/1617/3698
f 2214/527/2628 3180/1618/3713 3184/1610/3700
f 3087/1621/3701 3091/1619/3742 3219/1660/3702
f 2178/497/2598 2240/526/2627 3178/1633/3704
f 3194/1625/3706 3190/1623/3988 3318/1858/3707
f 2188/528/2629 2187/525/2626 3176/1636/3709
f 3145/1683/3710 3273/1628/3767 3267/1629/3711
f 2213/524/2625 3174/1630/3723 3180/1618/3713
f 3088/1583/3667 3216/1585/3666 3220/1632/3714
f 2240/526/2627 2239/523/2624 3172/1643/3716
f 3191/1587/3717 3195/1634/3754 3323/1672/3718
f 2187/525/2626 2186/522/2623 3170/1646/3719
f 3146/1639/3720 3140/1637/3991 3268/1855/3721
f 2212/521/2622 3168/1640/3732 3174/1630/3723
f 3089/1595/3724 3093/1641/3760 3221/1678/3725
f 2239/523/2624 2238/520/2621 3166/1652/3726
f 3192/1599/3683 3320/1601/3682 3324/1645/3727
f 2186/522/2623 2185/519/2620 3164/1655/3729
f 3147/1701/3730 3275/1648/3785 3269/1580/3731
f 2211/518/2619 3162/1649/3741 3168/1640/3732
f 3090/1607/3691 3218/1609/3690 3222/1651/3733
f 2238/520/2621 2237/517/2618 3160/1661/3735
f 3193/1653/3736 3197/1689/3772 3325/1654/3737
f 2185/519/2620 2184/516/2617 3158/1664/3738
f 3148/1657/3739 3142/1593/3673 3270/1592/3675
f 2210/515/2616 3156/1658/3750 3162/1649/3741
f 3091/1619/3742 3095/1659/3778 3223/1696/3743
f 2237/517/2618 2236/514/2615 3154/1670/3744
f 3194/1625/3706 3322/1624/3708 3326/1662/3745
f 2184/516/2617 2183/513/2614 3152/1673/3747
f 3143/1603/3748 3149/1665/3801 3277/1720/3749
f 2209/512/2613 3150/1667/3759 3156/1658/3750
f 3092/1631/3715 3220/1632/3714 3224/1669/3751
f 2236/514/2615 2235/511/2612 3148/1679/3753
f 3195/1634/3754 3199/1671/3790 3327/1708/3755
f 2183/513/2614 2182/510/2611 3146/1682/3756
f 3144/1615/3699 3272/1617/3698 3278/1675/3757
f 2208/509/2610 3144/1676/3768 3150/1667/3759
f 3093/1641/3760 3097/1677/3796 3225/1714/3761
f 2235/511/2612 2234/508/2609 3142/1688/3762
f 3196/1644/3728 3324/1645/3727 3328/1681/3763
f 2182/510/2611 2181/507/2608 3140/1691/3765
f 3151/1731/3766 3279/1684/3814 3273/1628/3767
f 2207/506/2607 3138/1685/3777 3144/1676/3768
f 3094/1650/3734 3222/1651/3733 3226/1687/3769
f 2234/508/2609 2233/505/2606 3136/1697/3771
f 3197/1689/3772 3074/1928/4036 3202/1690/3773
f 2181/507/2608 2180/504/2605 3134/1700/3774
f 3152/1693/3775 3146/1639/3720 3274/1638/3722
f 2206/503/2604 3132/1694/3786 3138/1685/3777
f 3095/1659/3778 3099/1728/3810 3227/1695/3779
f 2233/505/2606 2232/502/2603 3130/1706/3780
f 3198/1663/3746 3326/1662/3745 3201/1698/3781
f 2180/504/2605 2179/501/2602 3128/1709/3783
f 3153/1744/3784 3281/1702/3826 3275/1648/3785
f 2205/500/2601 3126/1703/3795 3132/1694/3786
f 3096/1668/3752 3224/1669/3751 3228/1704/3787
f 2232/502/2603 2231/499/2600 3124/1715/3789
f 3199/1671/3790 3078/1707/4027 3206/1804/3791
f 2179/501/2602 2177/498/2599 3122/1718/3792
f 3154/1711/3793 3148/1657/3739 3276/1656/3740
f 2204/496/2597 3118/1712/3803 3126/1703/3795
f 3097/1677/3796 3101/1713/3822 3229/1742/3797
f 2231/499/2600 2230/495/2596 3116/1724/3798
f 3200/1680/3764 3328/1681/3763 3205/1717/3799
f 2177/498/2599 2178/497/2598 3119/1622/3705
f 3149/1665/3801 3155/1719/3836 3283/1759/3802
f 2203/494/2595 3114/1721/3809 3118/1712/3803
f 3098/1686/3770 3226/1687/3769 3230/1723/3804
f 2230/495/2596 2229/493/2594 3112/1730/3806
f 3150/1674/3758 3278/1675/3757 3284/1726/3807
f 2202/492/2593 3110/1727/3815 3114/1721/3809
f 3099/1728/3810 3103/2045/3834 3231/1729/3811
f 2229/493/2594 2228/491/2592 3108/1737/3812
f 3157/1771/3813 3285/1732/3849 3279/1684/3814
f 2201/490/2591 3106/1733/3821 3110/1727/3815
f 3100/1705/3788 3228/1704/3787 3232/1734/3816
f 2228/491/2592 2227/1736/2590 3104/2039/3818
f 3158/1739/3819 3152/1693/3775 3280/1692/3776
f 2200/488/2589 3102/1740/3827 3106/1733/3821
f 3101/1713/3822 3105/1741/3845 3233/1769/3823
f 2227/489/2590 2226/487/2588 3100/1749/3824
f 3159/1783/3825 3287/1745/3861 3281/1702/3826
f 2199/486/2587 3098/1746/3832 3102/1740/3827
f 3102/1722/3805 3230/1723/3804 3234/1748/3828
f 2225/485/2586 3096/1757/3835 3100/1749/3824
f 3160/1751/3830 3154/1711/3793 3282/1710/3794
f 2198/484/2585 3094/1752/3838 3098/1746/3832
f 3107/1781/3833 3235/1754/3858 3231/1755/3811
f 2224/483/2584 3092/1756/3841 3096/1757/3835
f 3155/1719/3836 3161/1758/4084 3289/1974/3837
f 2197/482/2583 3090/1760/3844 3094/1752/3838
f 3108/1763/3839 3104/1761/3817 3232/2035/3816
f 2223/481/2582 3088/1764/3847 3092/1756/3841
f 3156/1725/3808 3284/1726/3807 3290/1766/3842
f 2196/480/2581 3086/1767/3850 3090/1760/3844
f 3105/1741/3845 3109/1768/4085 3237/1975/3846
f 2222/478/2580 3084/1770/3853 3088/1764/3847
f 3163/1970/3848 3291/1772/4080 3285/1732/3849
f 2195/479/2579 3082/1773/3856 3086/1767/3850
f 3106/1747/3829 3234/1748/3828 3238/1775/3851
f 2221/476/2578 3080/1776/3859 3084/1770/3853
f 3164/1778/3854 3158/1739/3819 3286/1738/3820
f 2194/475/2577 3076/1779/3862 3082/1780/3856
f 3111/1971/3857 3239/1782/4081 3235/1754/3858
f 2220/474/2576 3077/1578/3659 3080/1776/3859
f 3165/1965/3860 3293/1784/4075 3287/1745/3861
f 2194/475/2577 2193/473/2575 3073/1582/3664
f 3112/1786/3863 3108/1763/3839 3236/1762/3840
f 3310/1789/3865 3304/1787/4035 3432/1979/3866
f 3253/1792/3868 3259/1790/3916 3387/1841/3869
f 3201/1698/3781 3329/1794/4295 3332/1795/3871
f 3248/1924/3873 3376/1797/4241 3433/1798/3874
f 3254/1922/3876 3382/1800/4227 3388/1801/3877
f 3206/1804/3879 3207/1802/3912 3335/1838/3880
f 3247/1807/3882 3306/1805/4026 3434/1978/3883
f 3261/1848/3885 3389/1809/3929 3383/1810/3886
f 3205/1717/3799 3333/1812/4290 3336/1813/3888
f 3307/1816/3890 3311/1814/3920 3439/1843/3891
f 3262/1819/3893 3256/1817/4020 3384/2006/3894
f 3203/1822/3896 3209/1820/3924 3337/2034/3897
f 3308/1912/3899 3436/1824/4220 3440/1825/3900
f 3263/1581/3902 3391/1827/3939 3385/1828/3903
f 3204/1793/3872 3332/1795/3871 3338/1830/3905
f 3313/1852/3907 3441/1832/3933 3437/1833/3908
f 3264/1836/3674 3258/1834/4010 3386/2005/3910
f 3207/1802/3912 3211/1837/3935 3339/1856/3913
f 3314/1840/3914 3310/1789/3865 3438/1788/3867
f 3259/1790/3916 3265/1604/3947 3393/1865/3917
f 3208/1811/3889 3336/1813/3888 3340/1842/3918
f 3311/1814/3920 3315/1588/3941 3443/1861/3921
f 3260/1799/3878 3388/1801/3877 3394/1844/3922
f 3209/1846/3924 3213/1596/3944 3341/1863/3925
f 3312/1823/3901 3440/1825/3900 3444/1847/3926
f 3267/1629/3928 3395/1849/3957 3389/1809/3929
f 3210/1897/3906 3338/1850/3905 3342/1851/3930
f 3317/1613/3932 3445/1853/3951 3441/1832/3933
f 3268/1855/3721 3262/1819/3893 3390/1818/3895
f 3211/1837/3935 3215/1620/3953 3343/1869/3936
f 3318/1858/3707 3314/1840/3914 3442/1839/3915
f 3269/1580/3938 3397/1859/3966 3391/1827/3939
f 3212/1584/3919 3340/1842/3918 3344/1860/3940
f 3315/1588/3941 3319/1635/3959 3447/1873/3942
f 3270/1592/3675 3264/1836/3674 3392/1835/3911
f 3213/1596/3944 3217/1642/3962 3345/1875/3945
f 3316/1600/3927 3444/1847/3926 3448/1864/3946
f 3265/1604/3947 3271/1666/3974 3399/1883/3948
f 3214/1608/3931 3342/1851/3930 3346/1866/3949
f 3317/1613/3932 3321/1612/3968 3449/1867/3950
f 3266/1616/3923 3394/1844/3922 3400/1868/3952
f 3215/1620/3953 3219/1660/3971 3347/1881/3954
f 3318/1858/3707 3446/1857/3937 3450/1870/3955
f 3273/1628/3956 3401/1871/3984 3395/1849/3957
f 3216/1585/3666 3344/1860/3940 3348/1872/3958
f 3319/1635/3959 3323/1672/3977 3451/1885/3960
f 3274/1638/3722 3268/1855/3721 3396/1854/3934
f 3217/1642/3962 3221/1678/3980 3349/1887/3963
f 3320/1601/3682 3448/1864/3946 3452/1876/3964
f 3275/1648/3965 3403/1877/4294 3397/1859/3966
f 3218/1609/3690 3346/1866/3949 3350/1878/3967
f 3321/1612/3968 3325/1654/3986 3453/1879/3969
f 3276/1656/3740 3270/1592/3675 3398/1862/3943
f 3219/1660/3971 3223/1696/4296 3351/2033/3972
f 3322/1624/3708 3450/1870/3955 3454/1882/3973
f 3271/1666/3974 3277/1720/4289 3405/2003/3975
f 3220/1632/3714 3348/1872/3958 3352/1884/3976
f 3323/1672/3977 3327/1708/4292 3455/1977/3978
f 3272/1617/3698 3400/1868/3952 3406/1886/3979
f 3221/1678/3980 3225/1714/4291 3353/2031/3981
f 3324/1645/3727 3452/1876/3964 3456/1888/3982
f 3279/1684/3983 3407/1889/4284 3401/1871/3984
f 3222/1651/3733 3350/1878/3967 3354/1890/3985
f 3325/1654/3986 3202/1690/4214 3330/1891/3987
f 3190/1623/3988 3186/1892/4006 3314/1840/3914
f 3083/1893/3989 3087/1621/3701 3215/1620/3703
f 3140/1637/3991 3134/1894/4019 3262/1819/3893
f 3189/1611/3693 3317/1613/3695 3313/1852/3992
f 3082/2040/3994 3210/1897/3906 3214/1608/3931
f 3139/1627/3712 3267/1629/3711 3261/1848/3995
f 3184/1911/3997 3312/1823/3901 3316/1600/3927
f 3081/1900/3998 3085/1597/3677 3213/1596/3679
f 3132/1921/4000 3260/1799/3878 3266/1616/3923
f 3183/1902/4001 3187/1589/3669 3315/1588/3671
f 3080/1917/4003 3208/1811/3889 3212/1584/3919
f 3131/1904/4004 3137/1605/3685 3265/1604/3687
f 3186/1892/4006 3182/1905/4034 3310/1789/3865
f 3079/1906/4007 3083/1893/3989 3211/1837/3990
f 3136/1591/4009 3130/1907/4037 3258/1834/4010
f 3185/1895/3993 3313/1852/3992 3309/1831/4011
f 3076/1925/4013 3204/1793/3872 3210/1829/3906
f 3135/1579/3662 3263/1581/3661 3257/1826/4014
f 3180/1934/4016 3308/1912/3899 3312/1823/3901
f 3075/1914/4017 3081/1913/3998 3209/1820/3999
f 3134/1894/4019 3128/1915/4044 3256/1817/4020
f 3179/1916/4021 3183/1902/4001 3311/1814/4002
f 3077/1716/3800 3205/1717/3799 3208/1811/3889
f 3133/1898/3996 3261/1848/3995 3255/1808/4023
f 3119/1920/4025 3178/1919/4050 3306/1805/4026
f 3078/1707/4027 3079/1906/4007 3207/1802/4008
f 3126/1942/4028 3254/1922/3876 3260/1799/3878
f 3120/1960/4029 3248/1924/4070 3305/1796/4030
f 3073/1699/3782 3201/1698/3781 3204/1793/3872
f 3125/1926/4032 3131/1904/4004 3259/1790/4005
f 3182/1905/4034 3176/1927/4057 3304/1787/4035
f 3074/1928/4036 3075/1914/4017 3203/1822/4018
f 3130/1907/4037 3124/1929/4059 3252/1950/4038
f 3181/1908/4012 3309/1831/4011 3303/1931/4039
f 3129/1910/4015 3257/1826/4014 3251/1933/4041
f 3174/1955/4043 3302/1935/4066 3308/1912/3899
f 3128/1915/4044 3122/1936/4067 3250/1957/4045
f 3173/1938/4046 3179/1916/4021 3307/1816/4022
f 3127/1918/4024 3255/1808/4023 3249/1940/4048
f 3178/1919/4050 3172/1941/4071 3300/1962/4051
f 3118/1963/4052 3246/1943/4074 3254/1922/3876
f 3177/1923/4031 3305/1796/4030 3299/1945/4053
f 3117/1947/4055 3125/1926/4032 3253/1792/4033
f 3176/1927/4057 3170/1948/4078 3298/1968/4058
f 3124/1929/4059 3116/1949/4079 3244/1969/4060
f 3175/1930/4040 3303/1931/4039 3297/1952/4061
f 3123/1932/4042 3251/1933/4041 3243/1954/4063
f 3168/1972/4065 3296/1956/4082 3302/1935/4066
f 3122/1936/4067 3119/1920/4025 3247/1807/3882
f 3167/1959/4068 3173/1938/4046 3301/1937/4047
f 3121/1939/4049 3249/1940/4048 3248/1924/4070
f 3172/1941/4071 3166/1961/4086 3294/1976/4072
f 3114/1973/4073 3242/1964/4083 3246/1943/4074
f 3171/1944/4054 3299/1945/4053 3293/1784/4075
f 3113/1967/4076 3117/1947/4055 3245/1946/4056
f 3170/1948/4078 3164/1778/3854 3292/1777/3855
f 3116/1949/4079 3112/1786/3863 3240/1785/3864
f 3169/1951/4062 3297/1952/4061 3291/1772/4080
f 3115/1953/4064 3243/1954/4063 3239/1782/4081
f 3162/1765/3843 3290/1766/3842 3296/1956/4082
f 3110/1774/3852 3238/1775/3851 3242/1964/4083
f 3161/1758/4084 3167/1959/4068 3295/1958/4069
f 3109/1768/4085 3113/1967/4076 3241/1966/4077
f 3166/1961/4086 3160/1751/3830 3288/1750/3831
f 3456/1888/4087 3455/1977/4094 3334/1803/4088
f 3454/1882/4090 3453/1879/4096 3330/1891/4091
f 3452/1876/4093 3451/1885/4098 3455/1977/4094
f 3450/1870/4095 3449/1867/4100 3453/1879/4096
f 3448/1864/4097 3447/1873/4102 3451/1885/4098
f 3446/1857/4099 3445/1853/4099 3449/1867/4100
f 3444/1847/4101 3443/1861/4105 3447/1873/4102
f 3446/1857/4099 3442/1839/4106 3441/1832/4103
f 3440/1825/4104 3439/1843/4109 3443/1861/4105
f 3442/1839/4106 3438/1788/4113 3437/1833/4107
f 3436/1824/4108 3435/1815/4116 3439/1843/4109
f 3375/1806/4110 3434/1978/4117 3433/1798/4111
f 3438/1788/4113 3432/1979/4119 3431/1983/4114
f 3430/1984/4115 3429/1980/4122 3435/1815/4116
f 3434/1978/4117 3428/1981/4123 3427/1987/4118
f 3432/1979/4119 3426/1982/4125 3425/1989/4120
f 3424/1990/4121 3423/1985/4128 3429/1980/4122
f 3428/1981/4123 3422/1986/4129 3421/1993/4124
f 3426/1982/4125 3420/1988/4131 3419/1995/4126
f 3418/1996/4127 3417/1991/4134 3423/1985/4128
f 3422/1986/4129 3416/1992/4135 3415/1999/4130
f 3420/1988/4131 3414/1994/4137 3413/2001/4132
f 3412/2002/4133 3411/1997/4140 3417/1991/4134
f 3416/1992/4135 3410/1998/4141 3409/2004/4136
f 3414/1994/4137 3408/2000/4143 3407/1889/4138
f 3406/1886/4139 3405/2003/4146 3411/1997/4140
f 3410/1998/4141 3404/1880/4147 3403/1877/4142
f 3408/2000/4143 3402/1874/4149 3401/1871/4144
f 3400/1868/4145 3399/1883/4152 3405/2003/4146
f 3404/1880/4147 3398/1862/4153 3397/1859/4148
f 3402/1874/4149 3396/1854/4155 3395/1849/4150
f 3394/1844/4151 3393/1865/4158 3399/1883/4152
f 3398/1862/4153 3392/1835/4159 3391/1827/4154
f 3396/1854/4155 3390/1818/4161 3389/1809/4156
f 3388/1801/4157 3387/1841/4164 3393/1865/4158
f 3392/1835/4159 3386/2005/4165 3385/1828/4160
f 3390/1818/4161 3384/2006/4167 3383/1810/4162
f 3382/1800/4163 3381/1791/4170 3387/1841/4164
f 3386/2005/4165 3380/2007/4171 3379/2011/4166
f 3384/2006/4167 3378/2008/4173 3377/2012/4168
f 3374/2013/4169 3373/2009/4175 3381/1791/4170
f 3380/2007/4171 3372/2010/4176 3371/2016/4172
f 3378/2008/4173 3375/1806/4110 3376/1797/4112
f 3370/2017/4174 3369/2014/4179 3373/2009/4175
f 3372/2010/4176 3368/2015/4180 3367/2020/4177
f 3366/2021/4178 3365/2018/4183 3369/2014/4179
f 3368/2015/4180 3364/2019/4185 3363/2024/4181
f 3362/2025/4182 3361/2022/4187 3365/2018/4183
f 3360/2023/4184 3359/2036/4189 3363/2024/4181
f 3358/2030/4186 3357/2026/4191 3361/2022/4187
f 3356/2027/4188 3355/2032/4193 3359/2028/4189
f 3354/1890/4190 3353/2031/4195 3357/2026/4191
f 3352/1884/4192 3351/2033/4197 3355/2032/4193
f 3350/1878/4194 3349/1887/4199 3353/2031/4195
f 3348/1872/4196 3347/1881/4201 3351/2033/4197
f 3346/1866/4198 3345/1875/4203 3349/1887/4199
f 3344/1860/4200 3343/1869/4205 3347/1881/4201
f 3342/1851/4202 3341/1863/4207 3345/1875/4203
f 3340/1842/4204 3339/1856/4209 3343/1869/4205
f 3338/1850/4206 3337/1845/4211 3341/1863/4207
f 3336/1813/4208 3335/1838/4212 3339/1856/4209
f 3332/1795/4210 3331/1821/4213 3337/2034/4211
f 3333/1812/4089 3334/1803/4088 3335/1838/4212
f 3329/1794/4092 3330/1891/4091 3331/1821/4213
f 3202/1690/4214 3203/1822/3896 3331/1821/3898
f 3258/1834/4010 3252/1950/4038 3380/2007/4215
f 3309/1831/3909 3437/1833/3908 3431/1983/4216
f 3257/1826/3904 3385/1828/3903 3379/2011/4218
f 3302/1935/4066 3430/1984/4238 3436/1824/4220
f 3256/1817/4020 3250/1957/4045 3378/2008/4221
f 3301/1937/4222 3307/1816/3890 3435/1815/3892
f 3255/1808/3887 3383/1810/3886 3377/2012/4224
f 3306/1805/4026 3300/1962/4051 3428/1981/4226
f 3246/1943/4074 3374/2013/4243 3382/1800/4227
f 3305/1796/3875 3433/1798/3874 3427/1987/4228
f 3245/1946/4230 3253/1792/3868 3381/1791/3870
f 3304/1787/4035 3298/1968/4058 3426/1982/4232
f 3252/1950/4038 3244/1969/4060 3372/2010/4233
f 3303/1931/4217 3431/1983/4216 3425/1989/4234
f 3251/1933/4219 3379/2011/4218 3371/2016/4236
f 3296/1956/4082 3424/1990/4254 3430/1984/4238
f 3250/1957/4045 3247/1807/3882 3375/1806/3884
f 3295/1958/4239 3301/1937/4222 3429/1980/4223
f 3249/1940/4225 3377/2012/4224 3376/1797/4241
f 3300/1962/4051 3294/1976/4072 3422/1986/4242
f 3242/1964/4083 3370/2017/4255 3374/2013/4243
f 3299/1945/4229 3427/1987/4228 3421/1993/4244
f 3241/1966/4246 3245/1946/4230 3373/2009/4231
f 3298/1968/4058 3292/1777/3855 3420/1988/4248
f 3244/1969/4060 3240/1785/3864 3368/2015/4249
f 3297/1952/4235 3425/1989/4234 3419/1995/4250
f 3243/1954/4237 3371/2016/4236 3367/2020/4252
f 3290/1766/3842 3418/1996/4271 3424/1990/4254
f 3238/1775/3851 3366/2021/4266 3370/2017/4255
f 3289/1974/4256 3295/1958/4239 3423/1985/4240
f 3237/1975/4258 3241/1966/4246 3369/2014/4247
f 3294/1976/4072 3288/1750/3831 3416/1992/4260
f 3240/1785/3864 3236/1762/3840 3364/2019/4261
f 3293/1784/4245 3421/1993/4244 3415/1999/4262
f 3239/1782/4253 3367/2020/4252 3363/2024/4264
f 3292/1777/3855 3286/1738/3820 3414/1994/4265
f 3234/1748/3828 3362/2025/4277 3366/2021/4266
f 3291/1772/4251 3419/1995/4250 3413/2001/4267
f 3233/1769/4269 3237/1975/4258 3365/2018/4259
f 3284/1726/3807 3412/2002/4287 3418/1996/4271
f 3232/2035/3816 3360/2023/4283 3364/2019/4261
f 3283/1759/4272 3289/1974/4256 3417/1991/4257
f 3231/1755/4274 3235/1754/4264 3363/2024/4264
f 3288/1750/3831 3282/1710/3794 3410/1998/4276
f 3230/1723/3804 3358/2030/4288 3362/2025/4277
f 3287/1745/4263 3415/1999/4262 3409/2004/4278
f 3229/1742/4280 3233/1769/4269 3361/2022/4270
f 3286/1738/3820 3280/1692/3776 3408/2000/4282
f 3228/1704/3787 3356/2027/4293 3360/2029/4283
f 3285/1732/4268 3413/2001/4267 3407/1889/4284
f 3227/1695/4285 3231/1729/4274 3359/2028/4275
f 3278/1675/3757 3406/1886/3979 3412/2002/4287
f 3226/1687/3769 3354/1890/3985 3358/2030/4288
f 3277/1720/4289 3283/1759/4272 3411/1997/4273
f 3328/1681/3763 3456/1888/3982 3333/1812/4290
f 3225/1714/4291 3229/1742/4280 3357/2026/4281
f 3282/1710/3794 3276/1656/3740 3404/1880/3970
f 3327/1708/4292 3206/1804/3879 3334/1803/3881
f 3224/1669/3751 3352/1884/3976 3356/2027/4293
f 3281/1702/4279 3409/2004/4278 3403/1877/4294
f 3326/1662/3745 3454/1882/3973 3329/1794/4295
f 3223/1696/4296 3227/1695/4285 3355/2032/4286
f 3280/1692/3776 3274/1638/3722 3402/1874/3961
f 3458/1/4297 3460/4/4300 3459/2/4298
f 3460/4/4300 3462/6/4302 3461/5/4301
f 3462/6/4302 3464/141/4304 3463/7/4303
f 3464/141/4304 3466/8/4306 3465/9/4305
f 3466/8/4306 3468/10/4308 3467/11/4307
f 3468/10/4308 3470/12/4310 3469/13/4309
f 3470/12/4310 3472/14/4312 3471/15/4311
f 3472/14/4312 3474/16/4314 3473/17/4313
f 3474/16/4314 3476/18/4316 3475/19/4315
f 3476/18/4316 3478/20/4318 3477/21/4317
f 3478/20/4318 3480/22/4320 3479/23/4319
f 3480/22/4320 3482/24/4322 3481/25/4321
f 3482/24/4322 3484/26/4324 3483/27/4323
f 3484/26/4324 3486/28/4326 3485/29/4325
f 3486/28/4326 3488/30/4328 3487/31/4327
f 3488/30/4328 3490/32/4330 3489/33/4329
f 3490/32/4330 3492/34/4332 3491/35/4331
f 3492/34/4332 3494/36/4334 3493/37/4333
f 3494/190/4334 3496/39/4480 3495/40/4335
f 3495/40/4335 3496/39/4480 3498/41/4336
f 3497/42/4337 3498/41/4336 3500/43/4338
f 3499/44/4339 3500/43/4338 3502/45/4340
f 3501/46/4341 3502/45/4340 3504/47/4342
f 3503/48/4343 3504/47/4342 3506/49/4344
f 3505/50/4345 3506/49/4344 3508/51/4346
f 3507/52/4347 3508/51/4346 3510/53/4348
f 3509/54/4349 3510/53/4348 3512/55/4350
f 3511/56/4351 3512/55/4350 3514/57/4352
f 3513/58/4353 3514/57/4352 3516/59/4354
f 3515/60/4355 3516/59/4354 3518/61/4356
f 3517/62/4357 3518/61/4356 3520/63/4358
f 3519/64/4359 3520/63/4358 3522/65/4360
f 3521/66/4361 3522/65/4360 3524/67/4362
f 3523/68/4363 3524/67/4362 3526/69/4364
f 3525/70/4365 3526/69/4364 3528/71/4366
f 3527/72/4367 3528/71/4366 3530/74/4368
f 3529/73/4369 3530/74/4368 3532/76/4370
f 3531/75/4371 3532/76/4370 3534/78/4372
f 3533/77/4373 3534/78/4372 3536/80/4374
f 3535/79/4375 3536/80/4374 3538/82/4376
f 3537/81/4377 3538/82/4376 3540/84/4378
f 3539/83/4379 3540/84/4378 3542/86/4380
f 3541/85/4381 3542/86/4380 3544/88/4382
f 3543/87/4383 3544/88/4382 3546/90/4384
f 3545/89/4385 3546/90/4384 3548/92/4386
f 3547/91/4387 3548/92/4386 3550/94/4388
f 3549/93/4389 3550/94/4388 3552/96/4390
f 3551/95/4391 3552/96/4390 3554/98/4392
f 3553/97/4393 3554/98/4392 3556/100/4394
f 3555/99/4395 3556/100/4394 3558/161/4396
f 3557/104/4397 3558/102/4396 3560/105/4398
f 3560/105/4398 3562/107/4401 3561/106/4400
f 3562/107/4401 3564/109/4403 3563/108/4402
f 3564/109/4403 3566/111/4405 3565/110/4404
f 3566/111/4405 3568/113/4407 3567/112/4406
f 3568/113/4407 3570/115/4409 3569/114/4408
f 3570/115/4409 3572/117/4411 3571/116/4410
f 3572/117/4411 3574/119/4413 3573/118/4412
f 3574/119/4413 3576/121/4415 3575/120/4414
f 3576/121/4415 3578/123/4417 3577/122/4416
f 3578/123/4417 3580/125/4419 3579/124/4418
f 3580/125/4419 3582/128/4422 3581/126/4420
f 3498/41/4336 3605/198/4488 3606/127/4421
f 3582/128/4422 3584/130/4424 3583/129/4423
f 3584/130/4424 3458/1/4297 3457/3/4299
f 3587/136/4426 3585/134/4474 3649/267/4427
f 3570/115/4409 3568/113/4407 3640/137/4429
f 3516/59/4354 3614/139/4489 3615/140/4431
f 3466/8/4306 3464/141/4304 3588/200/4432
f 3534/78/4372 3623/143/4490 3624/144/4434
f 3484/26/4324 3482/24/4322 3597/201/4435
f 3552/96/4390 3632/146/4491 3633/147/4437
f 3500/43/4338 3606/127/4421 3607/148/4438
f 3572/117/4411 3570/115/4409 3641/138/4430
f 3518/61/4356 3615/140/4431 3616/150/4440
f 3468/10/4308 3466/8/4306 3589/142/4433
f 3536/80/4374 3624/144/4434 3625/152/4442
f 3486/28/4326 3484/26/4324 3598/145/4436
f 3554/98/4392 3633/147/4437 3634/154/4444
f 3502/45/4340 3607/148/4438 3608/155/4445
f 3574/119/4413 3572/117/4411 3642/149/4439
f 3520/63/4358 3616/150/4440 3617/157/4447
f 3470/12/4310 3468/10/4308 3590/151/4441
f 3538/82/4376 3625/152/4442 3626/159/4449
f 3488/30/4328 3486/28/4326 3599/153/4443
f 3556/100/4394 3634/154/4444 3635/162/4451
f 3504/47/4342 3608/155/4445 3609/163/4452
f 3576/121/4415 3574/119/4413 3643/156/4446
f 3522/65/4360 3617/157/4447 3618/165/4454
f 3472/14/4312 3470/12/4310 3591/158/4448
f 3540/84/4378 3626/159/4449 3627/167/4456
f 3490/32/4330 3488/30/4328 3600/160/4450
f 3558/102/4396 3635/169/4451 3636/170/4458
f 3506/49/4344 3609/163/4452 3610/171/4459
f 3578/123/4417 3576/121/4415 3644/164/4453
f 3524/67/4362 3618/165/4454 3619/173/4461
f 3474/16/4314 3472/14/4312 3592/166/4455
f 3542/86/4380 3627/167/4456 3628/175/4463
f 3492/34/4332 3490/32/4330 3601/168/4457
f 3562/107/4401 3560/105/4398 3636/170/4458
f 3508/51/4346 3610/171/4459 3611/178/4466
f 3580/125/4419 3578/123/4417 3645/172/4460
f 3526/69/4364 3619/173/4461 3620/180/4468
f 3476/18/4316 3474/16/4314 3593/174/4462
f 3544/88/4382 3628/175/4463 3629/182/4470
f 3494/36/4334 3492/34/4332 3602/176/4464
f 3564/109/4403 3562/107/4401 3637/177/4465
f 3460/4/4300 3458/1/4297 3586/199/4473
f 3510/53/4348 3611/178/4466 3612/185/4475
f 3582/128/4422 3580/125/4419 3646/179/4467
f 3528/71/4366 3620/180/4468 3621/187/4477
f 3478/20/4318 3476/18/4316 3594/181/4469
f 3546/90/4384 3629/182/4470 3630/189/4479
f 3496/39/4480 3494/190/4334 3603/248/4471
f 3566/111/4405 3564/109/4403 3638/184/4472
f 3512/55/4350 3612/185/4475 3613/193/4483
f 3584/130/4424 3582/128/4422 3647/186/4476
f 3462/6/4302 3460/4/4300 3585/134/4474
f 3530/74/4368 3621/187/4477 3622/195/4485
f 3480/22/4320 3478/20/4318 3595/188/4478
f 3548/92/4386 3630/189/4479 3631/197/4487
f 3496/39/4480 3604/191/4481 3605/198/4488
f 3568/113/4407 3566/111/4405 3639/192/4482
f 3514/57/4352 3613/193/4483 3614/139/4489
f 3458/1/4297 3584/130/4424 3648/194/4484
f 3464/141/4304 3462/6/4302 3587/136/4426
f 3532/76/4370 3622/195/4485 3623/143/4490
f 3482/24/4322 3480/22/4320 3596/196/4486
f 3550/94/4388 3631/197/4487 3632/146/4491
f 3654/204/4492 3653/202/4501 3717/333/4493
f 3640/137/4429 3639/192/4482 3703/205/4495
f 3613/193/4483 3677/207/4555 3678/208/4497
f 3588/200/4432 3587/136/4426 3651/135/4428
f 3641/138/4430 3640/137/4429 3704/206/4496
f 3614/139/4489 3678/208/4497 3679/211/4500
f 3589/142/4433 3588/200/4432 3652/209/4498
f 3642/149/4439 3641/138/4430 3705/210/4499
f 3615/140/4431 3679/211/4500 3680/213/4503
f 3590/151/4441 3589/142/4433 3653/202/4501
f 3643/156/4446 3642/149/4439 3706/212/4502
f 3616/150/4440 3680/213/4503 3681/215/4505
f 3591/158/4448 3590/151/4441 3654/204/4492
f 3644/164/4453 3643/156/4446 3707/214/4504
f 3617/157/4447 3681/215/4505 3682/218/4508
f 3592/166/4455 3591/158/4448 3655/216/4506
f 3645/172/4460 3644/164/4453 3708/217/4507
f 3618/165/4454 3682/218/4508 3683/221/4511
f 3593/174/4462 3592/166/4455 3656/219/4509
f 3646/179/4467 3645/172/4460 3709/220/4510
f 3619/173/4461 3683/221/4511 3684/224/4514
f 3594/181/4469 3593/174/4462 3657/222/4512
f 3647/186/4476 3646/179/4467 3710/223/4513
f 3620/180/4468 3684/224/4514 3685/227/4517
f 3595/188/4478 3594/181/4469 3658/225/4515
f 3648/194/4484 3647/186/4476 3711/226/4516
f 3621/187/4477 3685/227/4517 3686/230/4520
f 3596/196/4486 3595/188/4478 3659/228/4518
f 3586/199/4473 3648/194/4484 3712/229/4519
f 3622/195/4485 3686/230/4520 3687/233/4523
f 3597/201/4435 3596/196/4486 3660/231/4521
f 3623/143/4490 3687/233/4523 3688/235/4525
f 3598/145/4436 3597/201/4435 3661/234/4524
f 3624/144/4434 3688/235/4525 3689/237/4527
f 3599/153/4443 3598/145/4436 3662/236/4526
f 3625/152/4442 3689/237/4527 3690/239/4529
f 3600/160/4450 3599/153/4443 3663/238/4528
f 3626/159/4449 3690/239/4529 3691/241/4531
f 3601/168/4457 3600/160/4450 3664/240/4530
f 3627/167/4456 3691/241/4531 3692/243/4533
f 3602/176/4464 3601/168/4457 3665/242/4532
f 3628/175/4463 3692/243/4533 3693/245/4535
f 3603/183/4471 3602/176/4464 3666/244/4534
f 3629/182/4470 3693/245/4535 3694/247/4537
f 3604/191/4481 3603/248/4471 3667/305/4536
f 3630/189/4479 3694/247/4537 3695/250/4539
f 3604/191/4481 3668/249/4538 3669/251/4540
f 3631/197/4487 3695/250/4539 3696/252/4541
f 3605/198/4488 3669/251/4540 3670/253/4542
f 3632/146/4491 3696/252/4541 3697/254/4543
f 3606/127/4421 3670/253/4542 3671/255/4544
f 3633/147/4437 3697/254/4543 3698/256/4545
f 3607/148/4438 3671/255/4544 3672/257/4546
f 3634/154/4444 3698/256/4545 3699/258/4547
f 3608/155/4445 3672/257/4546 3673/259/4548
f 3635/169/4451 3699/260/4547 3700/261/4549
f 3609/163/4452 3673/259/4548 3674/262/4550
f 3637/177/4465 3636/170/4458 3700/261/4549
f 3610/171/4459 3674/262/4550 3675/264/4552
f 3638/184/4472 3637/177/4465 3701/263/4551
f 3611/178/4466 3675/264/4552 3676/266/4554
f 3585/134/4474 3586/199/4473 3650/232/4522
f 3639/192/4482 3638/184/4472 3702/265/4553
f 3612/185/4475 3676/266/4554 3677/207/4555
f 3721/270/4556 3720/268/4565 3784/398/4557
f 3707/214/4504 3706/212/4502 3770/271/4559
f 3680/213/4503 3744/273/4619 3745/274/4561
f 3655/216/4506 3654/204/4492 3718/203/4494
f 3708/217/4507 3707/214/4504 3771/272/4560
f 3681/215/4505 3745/274/4561 3746/277/4564
f 3656/219/4509 3655/216/4506 3719/275/4562
f 3709/220/4510 3708/217/4507 3772/276/4563
f 3682/218/4508 3746/277/4564 3747/279/4567
f 3657/222/4512 3656/219/4509 3720/268/4565
f 3710/223/4513 3709/220/4510 3773/278/4566
f 3683/221/4511 3747/279/4567 3748/281/4569
f 3658/225/4515 3657/222/4512 3721/270/4556
f 3711/226/4516 3710/223/4513 3774/280/4568
f 3684/224/4514 3748/281/4569 3749/284/4572
f 3659/228/4518 3658/225/4515 3722/282/4570
f 3712/229/4519 3711/226/4516 3775/283/4571
f 3685/227/4517 3749/284/4572 3750/287/4575
f 3660/231/4521 3659/228/4518 3723/285/4573
f 3650/232/4522 3712/229/4519 3776/286/4574
f 3686/230/4520 3750/287/4575 3751/290/4578
f 3661/234/4524 3660/231/4521 3724/288/4576
f 3687/233/4523 3751/290/4578 3752/292/4580
f 3662/236/4526 3661/234/4524 3725/291/4579
f 3688/235/4525 3752/292/4580 3753/294/4582
f 3663/238/4528 3662/236/4526 3726/293/4581
f 3689/237/4527 3753/294/4582 3754/296/4584
f 3664/240/4530 3663/238/4528 3727/295/4583
f 3690/239/4529 3754/296/4584 3755/298/4586
f 3665/242/4532 3664/240/4530 3728/297/4585
f 3691/241/4531 3755/298/4586 3756/300/4588
f 3666/244/4534 3665/242/4532 3729/299/4587
f 3692/243/4533 3756/300/4588 3757/302/4590
f 3667/246/4536 3666/244/4534 3730/301/4589
f 3693/245/4535 3757/302/4590 3758/304/4592
f 3667/305/4536 3731/361/4591 3732/306/4593
f 3694/247/4537 3758/304/4592 3759/307/4594
f 3668/249/4538 3732/306/4593 3733/308/4595
f 3695/250/4539 3759/307/4594 3760/309/4596
f 3669/251/4540 3733/308/4595 3734/310/4597
f 3696/252/4541 3760/309/4596 3761/311/4598
f 3670/253/4542 3734/310/4597 3735/312/4599
f 3697/254/4543 3761/311/4598 3762/313/4600
f 3671/255/4544 3735/312/4599 3736/314/4601
f 3698/256/4545 3762/313/4600 3763/315/4602
f 3672/257/4546 3736/314/4601 3737/316/4603
f 3700/261/4549 3699/260/4547 3763/317/4602
f 3673/259/4548 3737/316/4603 3738/319/4605
f 3701/263/4551 3700/261/4549 3764/318/4604
f 3674/262/4550 3738/319/4605 3739/321/4607
f 3702/265/4553 3701/263/4551 3765/320/4606
f 3675/264/4552 3739/321/4607 3740/323/4609
f 3649/267/4427 3650/232/4522 3714/289/4577
f 3703/205/4495 3702/265/4553 3766/322/4608
f 3676/266/4554 3740/323/4609 3741/326/4612
f 3651/135/4428 3649/267/4427 3713/324/4610
f 3704/206/4496 3703/205/4495 3767/325/4611
f 3677/207/4555 3741/326/4612 3742/329/4615
f 3652/209/4498 3651/135/4428 3715/327/4613
f 3705/210/4499 3704/206/4496 3768/328/4614
f 3678/208/4497 3742/329/4615 3743/332/4618
f 3653/202/4501 3652/209/4498 3716/330/4616
f 3706/212/4502 3705/210/4499 3769/331/4617
f 3679/211/4500 3743/332/4618 3744/273/4619
f 3788/336/4620 3787/334/4629 3851/464/4621
f 3774/280/4568 3773/278/4566 3837/399/4623
f 3747/279/4567 3811/338/4683 3812/339/4625
f 3722/282/4570 3721/270/4556 3785/269/4558
f 3775/283/4571 3774/280/4568 3838/337/4624
f 3748/281/4569 3812/339/4625 3813/342/4628
f 3723/285/4573 3722/282/4570 3786/340/4626
f 3776/286/4574 3775/283/4571 3839/341/4627
f 3749/284/4572 3813/342/4628 3814/344/4631
f 3724/288/4576 3723/285/4573 3787/334/4629
f 3714/289/4577 3776/286/4574 3840/343/4630
f 3750/287/4575 3814/344/4631 3815/346/4633
f 3725/291/4579 3724/288/4576 3788/336/4620
f 3751/290/4578 3815/346/4633 3816/348/4635
f 3726/293/4581 3725/291/4579 3789/347/4634
f 3752/292/4580 3816/348/4635 3817/350/4637
f 3727/295/4583 3726/293/4581 3790/349/4636
f 3753/294/4582 3817/350/4637 3818/352/4639
f 3728/297/4585 3727/295/4583 3791/351/4638
f 3754/296/4584 3818/352/4639 3819/354/4641
f 3729/299/4587 3728/297/4585 3792/353/4640
f 3755/298/4586 3819/354/4641 3820/356/4643
f 3730/301/4589 3729/299/4587 3793/355/4642
f 3756/300/4588 3820/356/4643 3821/358/4645
f 3731/303/4591 3730/301/4589 3794/357/4644
f 3757/302/4590 3821/358/4645 3822/360/4647
f 3731/361/4591 3795/418/4646 3796/362/4648
f 3758/304/4592 3822/360/4647 3823/363/4649
f 3732/306/4593 3796/362/4648 3797/364/4650
f 3759/307/4594 3823/363/4649 3824/365/4651
f 3733/308/4595 3797/364/4650 3798/366/4652
f 3760/309/4596 3824/365/4651 3825/367/4653
f 3734/310/4597 3798/366/4652 3799/368/4654
f 3761/311/4598 3825/367/4653 3826/369/4655
f 3735/312/4599 3799/368/4654 3800/370/4656
f 3762/313/4600 3826/369/4655 3827/371/4657
f 3736/314/4601 3800/370/4656 3801/372/4658
f 3764/318/4604 3763/317/4602 3827/373/4657
f 3737/316/4603 3801/372/4658 3802/375/4660
f 3765/320/4606 3764/318/4604 3828/374/4659
f 3738/319/4605 3802/375/4660 3803/377/4662
f 3766/322/4608 3765/320/4606 3829/376/4661
f 3739/321/4607 3803/377/4662 3804/379/4664
f 3713/324/4610 3714/289/4577 3778/345/4632
f 3767/325/4611 3766/322/4608 3830/378/4663
f 3740/323/4609 3804/379/4664 3805/382/4667
f 3715/327/4613 3713/324/4610 3777/380/4665
f 3768/328/4614 3767/325/4611 3831/381/4666
f 3741/326/4612 3805/382/4667 3806/385/4670
f 3716/330/4616 3715/327/4613 3779/383/4668
f 3769/331/4617 3768/328/4614 3832/384/4669
f 3742/329/4615 3806/385/4670 3807/388/4673
f 3717/333/4493 3716/330/4616 3780/386/4671
f 3770/271/4559 3769/331/4617 3833/387/4672
f 3743/332/4618 3807/388/4673 3808/391/4676
f 3718/203/4494 3717/333/4493 3781/389/4674
f 3771/272/4560 3770/271/4559 3834/390/4675
f 3744/273/4619 3808/391/4676 3809/394/4679
f 3719/275/4562 3718/203/4494 3782/392/4677
f 3772/276/4563 3771/272/4560 3835/393/4678
f 3745/274/4561 3809/394/4679 3810/397/4682
f 3720/268/4565 3719/275/4562 3783/395/4680
f 3773/278/4566 3772/276/4563 3836/396/4681
f 3746/277/4564 3810/397/4682 3811/338/4683
f 3855/400/4684 3854/407/4692 3918/401/4685
f 3778/345/4632 3840/343/4630 3904/465/4687
f 3814/344/4631 3878/466/4747 3879/404/4689
f 3789/347/4634 3788/336/4620 3852/335/4622
f 3815/346/4633 3879/404/4689 3880/406/4691
f 3790/349/4636 3789/347/4634 3853/405/4690
f 3816/348/4635 3880/406/4691 3881/408/4693
f 3791/351/4638 3790/349/4636 3854/407/4692
f 3817/350/4637 3881/408/4693 3882/409/4694
f 3792/353/4640 3791/351/4638 3855/400/4684
f 3818/352/4639 3882/409/4694 3883/411/4696
f 3793/355/4642 3792/353/4640 3856/410/4695
f 3819/354/4641 3883/411/4696 3884/413/4698
f 3794/357/4644 3793/355/4642 3857/412/4697
f 3820/356/4643 3884/413/4698 3885/415/4700
f 3795/359/4646 3794/357/4644 3858/414/4699
f 3821/358/4645 3885/415/4700 3886/417/4702
f 3796/362/4648 3795/418/4646 3859/2037/4701
f 3822/360/4647 3886/417/4702 3887/420/4704
f 3796/362/4648 3860/419/4703 3861/421/4705
f 3823/363/4649 3887/420/4704 3888/422/4706
f 3797/364/4650 3861/421/4705 3862/423/4707
f 3824/365/4651 3888/422/4706 3889/424/4708
f 3798/366/4652 3862/423/4707 3863/425/4709
f 3825/367/4653 3889/424/4708 3890/426/4710
f 3799/368/4654 3863/425/4709 3864/427/4711
f 3826/369/4655 3890/426/4710 3891/428/4712
f 3800/370/4656 3864/427/4711 3865/429/4713
f 3827/373/4657 3891/430/4712 3892/431/4714
f 3801/372/4658 3865/429/4713 3866/432/4715
f 3829/376/4661 3828/374/4659 3892/431/4714
f 3802/375/4660 3866/432/4715 3867/434/4717
f 3830/378/4663 3829/376/4661 3893/433/4716
f 3803/377/4662 3867/434/4717 3868/436/4719
f 3777/380/4665 3778/345/4632 3842/403/4688
f 3831/381/4666 3830/378/4663 3894/435/4718
f 3804/379/4664 3868/436/4719 3869/439/4722
f 3779/383/4668 3777/380/4665 3841/437/4720
f 3832/384/4669 3831/381/4666 3895/438/4721
f 3805/382/4667 3869/439/4722 3870/442/4725
f 3780/386/4671 3779/383/4668 3843/440/4723
f 3833/387/4672 3832/384/4669 3896/441/4724
f 3806/385/4670 3870/442/4725 3871/445/4728
f 3781/389/4674 3780/386/4671 3844/443/4726
f 3834/390/4675 3833/387/4672 3897/444/4727
f 3807/388/4673 3871/445/4728 3872/448/4731
f 3782/392/4677 3781/389/4674 3845/446/4729
f 3835/393/4678 3834/390/4675 3898/447/4730
f 3808/391/4676 3872/448/4731 3873/451/4734
f 3783/395/4680 3782/392/4677 3846/449/4732
f 3836/396/4681 3835/393/4678 3899/450/4733
f 3809/394/4679 3873/451/4734 3874/454/4737
f 3784/398/4557 3783/395/4680 3847/452/4735
f 3837/399/4623 3836/396/4681 3900/453/4736
f 3810/397/4682 3874/454/4737 3875/457/4740
f 3785/269/4558 3784/398/4557 3848/455/4738
f 3838/337/4624 3837/399/4623 3901/456/4739
f 3811/338/4683 3875/457/4740 3876/460/4743
f 3786/340/4626 3785/269/4558 3849/458/4741
f 3839/341/4627 3838/337/4624 3902/459/4742
f 3812/339/4625 3876/460/4743 3877/463/4746
f 3787/334/4629 3786/340/4626 3850/461/4744
f 3840/343/4630 3839/341/4627 3903/462/4745
f 3813/342/4628 3877/463/4746 3878/466/4747
f 4803/469/4748 4802/467/4938 3985/659/4749
f 3881/408/4693 3945/532/4812 3946/470/4751
f 3856/410/4695 3855/400/4684 3919/402/4686
f 3882/409/4694 3946/470/4751 3947/472/4753
f 3857/412/4697 3856/410/4695 3920/471/4752
f 3883/411/4696 3947/472/4753 3948/474/4755
f 3858/414/4699 3857/412/4697 3921/473/4754
f 3884/413/4698 3948/474/4755 3949/476/4757
f 3858/414/4699 3922/475/4756 3923/477/4758
f 3885/415/4700 3949/476/4757 3950/478/4759
f 3859/2037/4701 3923/479/4758 3924/480/4760
f 3886/417/4702 3950/478/4759 3951/481/4761
f 3860/419/4703 3924/480/4760 3925/482/4762
f 3887/420/4704 3951/481/4761 3952/483/4763
f 3861/421/4705 3925/482/4762 3926/484/4764
f 3888/422/4706 3952/483/4763 3953/485/4765
f 3862/423/4707 3926/484/4764 3927/486/4766
f 3889/424/4708 3953/485/4765 3954/487/4767
f 3863/425/4709 3927/486/4766 3928/488/4768
f 3891/428/4712 3890/426/4710 3954/487/4767
f 3864/427/4711 3928/488/4768 3929/490/4770
f 3892/431/4714 3891/430/4712 3955/1736/4769
f 3865/429/4713 3929/490/4770 3930/492/4772
f 3893/433/4716 3892/431/4714 3956/491/4771
f 3866/432/4715 3930/492/4772 3931/494/4774
f 3894/435/4718 3893/433/4716 3957/493/4773
f 3867/434/4717 3931/494/4774 3932/496/4776
f 3841/437/4720 3842/403/4688 3906/497/4777
f 3895/438/4721 3894/435/4718 3958/495/4775
f 3868/436/4719 3932/496/4776 3933/500/4780
f 3843/440/4723 3841/437/4720 3905/498/4778
f 3896/441/4724 3895/438/4721 3959/499/4779
f 3869/439/4722 3933/500/4780 3934/503/4783
f 3844/443/4726 3843/440/4723 3907/501/4781
f 3897/444/4727 3896/441/4724 3960/502/4782
f 3870/442/4725 3934/503/4783 3935/506/4786
f 3845/446/4729 3844/443/4726 3908/504/4784
f 3898/447/4730 3897/444/4727 3961/505/4785
f 3871/445/4728 3935/506/4786 3936/509/4789
f 3846/449/4732 3845/446/4729 3909/507/4787
f 3899/450/4733 3898/447/4730 3962/508/4788
f 3872/448/4731 3936/509/4789 3937/512/4792
f 3847/452/4735 3846/449/4732 3910/510/4790
f 3900/453/4736 3899/450/4733 3963/511/4791
f 3873/451/4734 3937/512/4792 3938/515/4795
f 3848/455/4738 3847/452/4735 3911/513/4793
f 3901/456/4739 3900/453/4736 3964/514/4794
f 3874/454/4737 3938/515/4795 3939/518/4798
f 3849/458/4741 3848/455/4738 3912/516/4796
f 3902/459/4742 3901/456/4739 3965/517/4797
f 3875/457/4740 3939/518/4798 3940/521/4801
f 3850/461/4744 3849/458/4741 3913/519/4799
f 3903/462/4745 3902/459/4742 3966/520/4800
f 3876/460/4743 3940/521/4801 3941/524/4804
f 3851/464/4621 3850/461/4744 3914/522/4802
f 3904/465/4687 3903/462/4745 3967/523/4803
f 3877/463/4746 3941/524/4804 3942/527/4807
f 3852/335/4622 3851/464/4621 3915/525/4805
f 3842/403/4688 3904/465/4687 3968/526/4806
f 3878/466/4747 3942/527/4807 3943/529/4809
f 3853/405/4690 3852/335/4622 3916/528/4808
f 3879/404/4689 3943/529/4809 3944/531/4811
f 3854/407/4692 3853/405/4690 3917/530/4810
f 3880/406/4691 3944/531/4811 3945/532/4812
f 3989/535/4813 3988/533/4824 4052/726/4814
f 4806/536/4816 4012/660/4939 4013/537/4817
f 4809/540/4819 4803/469/4748 3986/468/4750
f 4807/538/4818 4013/537/4817 4014/541/4821
f 4813/544/4823 4809/543/4819 3987/725/4820
f 4815/546/4825 4811/542/4822 4014/541/4821
f 4817/547/4827 4813/544/4823 3988/533/4824
f 4819/549/4828 4815/546/4825 4015/545/4826
f 4821/551/4830 4817/547/4827 3989/535/4813
f 4823/553/4832 4819/549/4828 4016/548/4829
f 4825/555/4834 4821/551/4830 3990/550/4831
f 4827/556/4836 4823/553/4832 4017/552/4833
f 4829/559/4838 4825/555/4834 3991/554/4835
f 4831/560/4840 4827/556/4836 4018/557/4837
f 4833/563/4842 4829/559/4838 3992/558/4839
f 4835/564/4844 4831/2107/4840 4019/565/4841
f 4837/568/4846 4833/563/4842 3993/562/4843
f 4839/569/4848 4835/564/4844 4020/566/4845
f 4841/572/4850 4837/568/4846 3994/567/4847
f 4843/573/4852 4839/569/4848 4021/570/4849
f 4845/576/4854 4841/572/4850 3995/571/4851
f 4849/577/4856 4848/640/4919 3970/578/4857
f 4851/580/4859 4843/573/4852 4022/574/4853
f 4853/583/4861 4845/576/4854 3996/575/4855
f 4849/577/4856 3969/579/4858 3971/585/4863
f 4857/586/4865 4851/580/4859 4023/581/4860
f 4859/589/4867 4853/583/4861 3997/582/4862
f 4861/590/4869 4855/584/4864 3971/585/4863
f 4863/592/4871 4857/586/4865 4024/587/4866
f 4859/589/4867 3998/588/4868 3999/594/4873
f 4867/596/4875 4861/590/4869 3972/591/4870
f 4869/598/4877 4863/592/4871 4025/593/4872
f 4871/601/4879 4865/595/4874 3999/594/4873
f 4873/602/4881 4867/596/4875 3973/597/4876
f 4875/604/4883 4869/598/4877 4026/599/4878
f 4877/607/4885 4871/601/4879 4000/600/4880
f 4879/608/4887 4873/602/4881 3974/603/4882
f 4881/610/4889 4875/604/4883 4027/605/4884
f 4877/607/4885 4001/606/4886 4002/612/4891
f 4885/614/4893 4879/608/4887 3975/609/4888
f 4887/616/4895 4881/610/4889 4028/611/4890
f 4883/613/4892 4002/612/4891 4003/618/4897
f 4891/620/4899 4885/614/4893 3976/615/4894
f 4893/622/4901 4887/616/4895 4029/617/4896
f 4889/619/4898 4003/618/4897 4004/624/4903
f 4897/626/4905 4891/620/4899 3977/621/4900
f 4899/628/4907 4893/622/4901 4030/623/4902
f 4895/625/4904 4004/624/4903 4005/630/4909
f 4903/632/4911 4897/626/4905 3978/627/4906
f 4905/634/4913 4899/628/4907 4031/629/4908
f 4907/637/4915 4901/631/4910 4005/630/4909
f 4909/638/4917 4903/632/4911 3979/633/4912
f 4848/640/4919 4905/634/4913 4032/635/4914
f 4911/642/4920 4907/637/4915 4006/636/4916
f 4913/643/4922 4909/638/4917 3980/639/4918
f 4911/642/4920 4007/641/4921 4008/645/4924
f 4917/647/4926 4913/643/4922 3981/644/4923
f 4915/646/4925 4008/645/4924 4009/649/4928
f 4921/651/4930 4917/647/4926 3982/648/4927
f 4919/650/4929 4009/649/4928 4010/653/4932
f 4925/655/4934 4921/651/4930 3983/652/4931
f 4923/654/4933 4010/653/4932 4011/657/4936
f 4802/467/4938 4925/655/4934 3984/656/4935
f 4927/658/4937 4011/657/4936 4012/660/4939
f 4055/667/4940 4119/662/5068 4120/663/4941
f 4016/548/4829 4015/545/4826 4079/727/4943
f 3990/550/4831 3989/535/4813 4053/534/4815
f 4017/552/4833 4016/548/4829 4080/664/4944
f 3991/554/4835 3990/550/4831 4054/665/4945
f 4018/557/4837 4017/552/4833 4081/666/4946
f 3992/558/4839 3991/554/4835 4055/667/4940
f 4019/561/4841 4018/557/4837 4082/668/4947
f 3993/562/4843 3992/558/4839 4056/661/4942
f 4020/566/4845 4019/565/4841 4083/671/4948
f 3994/567/4847 3993/562/4843 4057/670/4949
f 4020/566/4845 4084/672/4950 4085/674/4952
f 3995/571/4851 3994/567/4847 4058/673/4951
f 4021/570/4849 4085/674/4952 4086/676/4954
f 3996/575/4855 3995/571/4851 4059/675/4953
f 3970/578/4857 4034/678/4987 4033/679/4956
f 4022/574/4853 4086/676/4954 4087/680/4957
f 3997/582/4862 3996/575/4855 4060/677/4955
f 3969/579/4858 4033/679/4956 4035/682/4959
f 4023/581/4860 4087/680/4957 4088/683/4960
f 3998/588/4868 3997/582/4862 4061/681/4958
f 3971/585/4863 4035/682/4959 4036/685/4962
f 4024/587/4866 4088/683/4960 4089/686/4963
f 3999/594/4873 3998/588/4868 4062/684/4961
f 3972/591/4870 4036/685/4962 4037/688/4965
f 4025/593/4872 4089/686/4963 4090/689/4966
f 4000/600/4880 3999/594/4873 4063/687/4964
f 3973/597/4876 4037/688/4965 4038/691/4968
f 4026/599/4878 4090/689/4966 4091/692/4969
f 4001/606/4886 4000/600/4880 4064/690/4967
f 3974/603/4882 4038/691/4968 4039/694/4971
f 4027/605/4884 4091/692/4969 4092/695/4972
f 4002/612/4891 4001/606/4886 4065/693/4970
f 3975/609/4888 4039/694/4971 4040/697/4974
f 4028/611/4890 4092/695/4972 4093/698/4975
f 4003/618/4897 4002/612/4891 4066/696/4973
f 3976/615/4894 4040/697/4974 4041/700/4977
f 4029/617/4896 4093/698/4975 4094/701/4978
f 4004/624/4903 4003/618/4897 4067/699/4976
f 3977/621/4900 4041/700/4977 4042/703/4980
f 4030/623/4902 4094/701/4978 4095/704/4981
f 4005/630/4909 4004/624/4903 4068/702/4979
f 3978/627/4906 4042/703/4980 4043/706/4983
f 4031/629/4908 4095/704/4981 4096/707/4984
f 4006/636/4916 4005/630/4909 4069/705/4982
f 3979/633/4912 4043/706/4983 4044/709/4986
f 4032/635/4914 4096/707/4984 4034/678/4987
f 4007/641/4921 4006/636/4916 4070/708/4985
f 3980/639/4918 4044/709/4986 4045/711/4989
f 4008/645/4924 4007/641/4921 4071/710/4988
f 3981/644/4923 4045/711/4989 4046/713/4991
f 4009/649/4928 4008/645/4924 4072/712/4990
f 3982/648/4927 4046/713/4991 4047/715/4993
f 4010/653/4932 4009/649/4928 4073/714/4992
f 3983/652/4931 4047/715/4993 4048/717/4995
f 4011/657/4936 4010/653/4932 4074/716/4994
f 3984/656/4935 4048/717/4995 4049/719/4997
f 4012/660/4939 4011/657/4936 4075/718/4996
f 3985/659/4749 4049/719/4997 4050/721/4999
f 4013/537/4817 4012/660/4939 4076/720/4998
f 3986/468/4750 4050/721/4999 4051/723/5001
f 4014/541/4821 4013/537/4817 4077/722/5000
f 3988/533/4824 3987/725/4820 4051/2041/5001
f 4015/545/4826 4014/541/4821 4078/724/5002
f 4674/728/5003 4222/921/5194 4223/729/5004
f 4083/669/4948 4082/668/4947 4146/793/5006
f 4056/661/4942 4120/663/4941 4121/732/5008
f 4084/672/4950 4083/671/4948 4147/2042/5007
f 4057/670/4949 4121/732/5008 4122/734/5010
f 4085/674/4952 4084/672/4950 4148/733/5009
f 4058/673/4951 4122/734/5010 4123/736/5012
f 4086/676/4954 4085/674/4952 4149/735/5011
f 4059/675/4953 4123/736/5012 4124/738/5014
f 4033/679/4956 4034/678/4987 4098/770/5015
f 4087/680/4957 4086/676/4954 4150/737/5013
f 4060/677/4955 4124/738/5014 4125/741/5018
f 4035/682/4959 4033/679/4956 4097/739/5016
f 4088/683/4960 4087/680/4957 4151/740/5017
f 4061/681/4958 4125/741/5018 4126/744/5021
f 4036/685/4962 4035/682/4959 4099/742/5019
f 4089/686/4963 4088/683/4960 4152/743/5020
f 4062/684/4961 4126/744/5021 4127/747/5024
f 4037/688/4965 4036/685/4962 4100/745/5022
f 4090/689/4966 4089/686/4963 4153/746/5023
f 4063/687/4964 4127/747/5024 4128/750/5027
f 4038/691/4968 4037/688/4965 4101/748/5025
f 4091/692/4969 4090/689/4966 4154/749/5026
f 4064/690/4967 4128/750/5027 4129/753/5030
f 4039/694/4971 4038/691/4968 4102/751/5028
f 4092/695/4972 4091/692/4969 4155/752/5029
f 4065/693/4970 4129/753/5030 4130/756/5033
f 4040/697/4974 4039/694/4971 4103/754/5031
f 4093/698/4975 4092/695/4972 4156/755/5032
f 4066/696/4973 4130/756/5033 4131/759/5036
f 4041/700/4977 4040/697/4974 4104/757/5034
f 4094/701/4978 4093/698/4975 4157/758/5035
f 4067/699/4976 4131/759/5036 4132/762/5039
f 4042/703/4980 4041/700/4977 4105/760/5037
f 4095/704/4981 4094/701/4978 4158/761/5038
f 4068/702/4979 4132/762/5039 4133/765/5042
f 4043/706/4983 4042/703/4980 4106/763/5040
f 4096/707/4984 4095/704/4981 4159/764/5041
f 4069/705/4982 4133/765/5042 4134/768/5045
f 4044/709/4986 4043/706/4983 4107/766/5043
f 4034/678/4987 4096/707/4984 4160/767/5044
f 4070/708/4985 4134/768/5045 4135/771/5047
f 4045/711/4989 4044/709/4986 4108/769/5046
f 4071/710/4988 4135/771/5047 4136/773/5049
f 4046/713/4991 4045/711/4989 4109/772/5048
f 4072/712/4990 4136/773/5049 4137/775/5051
f 4047/715/4993 4046/713/4991 4110/774/5050
f 4073/714/4992 4137/775/5051 4138/777/5053
f 4048/717/4995 4047/715/4993 4111/776/5052
f 4074/716/4994 4138/777/5053 4139/779/5055
f 4049/719/4997 4048/717/4995 4112/778/5054
f 4075/718/4996 4139/779/5055 4140/781/5057
f 4049/719/4997 4113/780/5056 4114/782/5058
f 4076/720/4998 4140/781/5057 4141/783/5059
f 4050/721/4999 4114/782/5058 4115/784/5060
f 4077/722/5000 4141/783/5059 4142/785/5061
f 4051/2041/5001 4115/786/5060 4116/787/5062
f 4078/724/5002 4142/785/5061 4143/788/5063
f 4052/726/4814 4116/787/5062 4117/789/5064
f 4079/727/4943 4143/788/5063 4144/790/5065
f 4053/534/4815 4117/789/5064 4118/791/5066
f 4080/664/4944 4144/790/5065 4145/792/5067
f 4054/665/4945 4118/791/5066 4119/662/5068
f 4082/668/4947 4081/666/4946 4145/792/5067
f 4483/794/5069 4263/1052/5323 4264/795/5070
f 4678/922/5072 4196/798/5195 4197/799/5073
f 4682/800/5075 4170/923/5196 4171/801/5076
f 4685/804/5078 4675/730/5005 4223/729/5004
f 4679/797/5074 4197/799/5073 4198/806/5080
f 4683/802/5077 4171/801/5076 4172/807/5082
f 4685/804/5078 4224/803/5079 4162/809/5084
f 4693/811/5086 4687/805/5081 4198/806/5080
f 4689/808/5083 4172/807/5082 4173/813/5088
f 4697/815/5090 4693/811/5086 4199/812/5087
f 4699/818/5092 4695/814/5089 4173/813/5088
f 4701/819/5094 4697/815/5090 4200/816/5091
f 4699/818/5092 4174/817/5093 4175/821/5096
f 4705/823/5098 4701/819/5094 4201/820/5095
f 4703/822/5097 4175/821/5096 4176/825/5100
f 4709/827/5102 4705/823/5098 4202/824/5099
f 4711/830/5104 4707/826/5101 4176/825/5100
f 4713/831/5106 4709/827/5102 4203/828/5103
f 4711/830/5104 4177/829/5105 4178/834/5108
f 4717/835/5110 4713/831/5106 4204/832/5107
f 4719/837/5112 4715/833/5109 4178/834/5108
f 4717/835/5110 4205/836/5111 4206/840/5114
f 4719/1535/5112 4179/842/5113 4180/843/5116
f 4721/839/5115 4206/840/5114 4207/845/5118
f 4723/841/5117 4180/843/5116 4181/847/5120
f 4729/848/5122 4725/844/5119 4207/845/5118
f 4727/846/5121 4181/847/5120 4182/851/5124
f 4729/848/5122 4208/849/5123 4209/853/5126
f 4735/854/5128 4731/850/5125 4182/851/5124
f 4737/857/5130 4733/852/5127 4209/853/5126
f 4739/858/5132 4735/854/5128 4183/855/5129
f 4741/861/5134 4737/857/5130 4210/856/5131
f 4739/858/5132 4184/859/5133 4185/863/5136
f 4745/866/5138 4741/864/5134 4211/2038/5135
f 4747/867/5140 4743/862/5137 4185/863/5136
f 4749/870/5142 4745/866/5138 4212/865/5139
f 4747/867/5140 4186/868/5141 4187/872/5144
f 4749/870/5142 4213/869/5143 4214/873/5146
f 4755/875/5148 4751/871/5145 4187/872/5144
f 4691/810/5085 4162/809/5084 4161/877/5150
f 4753/874/5147 4214/873/5146 4215/879/5152
f 4761/881/5154 4755/875/5148 4188/876/5149
f 4757/878/5151 4161/877/5150 4163/883/5156
f 4759/880/5153 4215/879/5152 4216/885/5158
f 4767/887/5160 4761/881/5154 4189/882/5155
f 4769/890/5162 4763/884/5157 4163/883/5156
f 4765/886/5159 4216/885/5158 4217/891/5164
f 4773/893/5166 4767/887/5160 4190/888/5161
f 4769/890/5162 4164/889/5163 4165/895/5168
f 4771/892/5165 4217/891/5164 4218/897/5170
f 4773/893/5166 4191/894/5167 4192/900/5172
f 4775/896/5169 4165/895/5168 4166/901/5174
f 4783/904/5176 4777/898/5171 4218/897/5170
f 4785/905/5178 4779/899/5173 4192/900/5172
f 4781/902/5175 4166/901/5174 4167/907/5180
f 4789/910/5182 4783/904/5176 4219/903/5177
f 4785/905/5178 4193/906/5179 4194/912/5184
f 4793/914/5186 4787/908/5181 4167/907/5180
f 4789/910/5182 4220/909/5183 4221/915/5188
f 4791/911/5185 4194/912/5184 4195/918/5190
f 4799/920/5192 4793/914/5186 4168/913/5187
f 4674/728/5003 4795/916/5189 4221/915/5188
f 4797/917/5191 4195/918/5190 4196/798/5195
f 4799/920/5192 4169/919/5193 4170/923/5196
f 4490/927/5200 4489/1053/5324 4237/928/5201
f 4493/931/5203 4484/796/5071 4264/795/5070
f 4490/927/5200 4238/929/5202 4239/933/5205
f 4499/935/5207 4493/931/5203 4265/930/5204
f 4502/936/5209 4496/932/5206 4239/933/5205
f 4499/935/5207 4266/934/5208 4267/938/5211
f 4508/940/5213 4502/936/5209 4240/937/5210
f 4511/943/5215 4505/939/5212 4267/938/5211
f 4508/940/5213 4241/941/5214 4242/944/5217
f 4511/943/5215 4268/942/5216 4269/946/5219
f 4514/945/5218 4242/944/5217 4243/948/5221
f 4517/947/5220 4269/946/5219 4270/950/5223
f 4526/954/5225 4520/952/5222 4243/2043/5221
f 4523/951/5224 4270/950/5223 4271/955/5227
f 4526/954/5225 4244/953/5226 4245/957/5229
f 4529/956/5228 4271/955/5227 4272/959/5231
f 4538/962/5233 4532/958/5230 4245/957/5229
f 4535/960/5232 4272/959/5231 4273/963/5235
f 4544/966/5237 4538/962/5233 4246/961/5234
f 4541/964/5236 4273/963/5235 4274/968/5239
f 4550/970/5241 4544/966/5237 4247/965/5238
f 4547/967/5240 4274/968/5239 4275/972/5243
f 4556/974/5245 4550/970/5241 4248/969/5242
f 4559/975/5247 4553/1396/5244 4275/976/5243
f 4556/974/5245 4249/973/5246 4250/978/5249
f 4559/975/5247 4276/977/5248 4277/981/5251
f 4568/983/5253 4562/979/5250 4250/978/5249
f 4571/984/5255 4565/980/5252 4277/981/5251
f 4568/983/5253 4251/982/5254 4252/986/5257
f 4579/1051/5259 4226/989/5322 4225/990/5260
f 4583/991/5262 4571/984/5255 4278/985/5256
f 4574/987/5258 4252/986/5257 4253/993/5264
f 4580/988/5261 4225/990/5260 4227/996/5266
f 4583/991/5262 4279/992/5263 4280/998/5268
f 4595/1000/5270 4586/994/5265 4253/993/5264
f 4589/995/5267 4227/996/5266 4228/1002/5272
f 4601/1003/5274 4592/997/5269 4280/998/5268
f 4595/1000/5270 4254/999/5271 4255/1005/5276
f 4598/1001/5273 4228/1002/5272 4229/1008/5278
f 4601/1003/5274 4281/1004/5275 4282/1010/5280
f 4604/1006/5277 4255/1005/5276 4256/1011/5282
f 4607/1007/5279 4229/1008/5278 4230/1014/5284
f 4610/1009/5281 4282/1010/5280 4283/1016/5286
f 4622/1018/5288 4613/1012/5283 4256/1011/5282
f 4625/1019/5290 4616/1013/5285 4230/1014/5284
f 4619/1015/5287 4283/1016/5286 4284/1022/5292
f 4622/1018/5288 4257/1017/5289 4258/1023/5294
f 4625/1019/5290 4231/1020/5291 4232/1026/5296
f 4637/1027/5298 4628/1021/5293 4284/1022/5292
f 4631/1024/5295 4258/1023/5294 4259/1029/5300
f 4643/1031/5302 4634/1025/5297 4232/1026/5296
f 4646/1033/5304 4637/1027/5298 4285/1028/5299
f 4649/1036/5306 4640/1030/5301 4259/1029/5300
f 4643/1031/5302 4233/1032/5303 4234/1038/5308
f 4646/1033/5304 4286/1034/5305 4287/1040/5310
f 4649/1036/5306 4260/1035/5307 4261/1041/5312
f 4652/1037/5309 4234/1038/5308 4235/1044/5314
f 4655/1039/5311 4287/1040/5310 4288/1046/5316
f 4667/1048/5318 4658/1042/5313 4261/1041/5312
f 4661/1043/5315 4235/1044/5314 4236/1050/5320
f 4579/1051/5259 4664/1045/5317 4288/1046/5316
f 4483/794/5069 4667/1048/5318 4262/1047/5319
f 4670/1049/5321 4236/1050/5320 4237/928/5201
f 4173/813/5088 4172/807/5082 4672/1312/5583
f 4487/1313/5584 4672/1312/5583 4671/1314/5585
f 4671/1314/5585 4670/1049/5321 4489/1053/5324
f 4198/806/5080 4669/1317/5588 4481/1316/5587
f 4669/1317/5588 4668/1319/5590 4482/1318/5589
f 4668/1319/5590 4667/1048/5318 4483/794/5069
f 4224/803/5079 4666/1320/5598 4577/1321/5591
f 4577/1321/5591 4666/1320/5598 4665/1322/5592
f 4578/1323/5593 4665/1322/5592 4664/1045/5317
f 4172/807/5082 4171/801/5076 4663/1324/5594
f 4672/1312/5583 4663/1324/5594 4662/1325/5595
f 4671/1314/5585 4662/1325/5595 4661/1043/5315
f 4198/806/5080 4197/799/5073 4660/1326/5596
f 4669/1317/5588 4660/1326/5596 4659/1327/5597
f 4659/1327/5597 4658/1042/5313 4667/1048/5318
f 4223/729/5004 4657/1328/5599 4666/1320/5598
f 4657/1328/5599 4656/1329/5605 4665/1322/5592
f 4665/1322/5592 4656/1329/5605 4655/1039/5311
f 4170/923/5196 4654/1330/5600 4663/1324/5594
f 4654/1330/5600 4653/1331/5601 4662/1325/5595
f 4653/1331/5601 4652/1037/5309 4661/1043/5315
f 4196/798/5195 4651/1332/5602 4660/1326/5596
f 4651/1332/5602 4650/1333/5603 4659/1327/5597
f 4650/1333/5603 4649/1036/5306 4658/1042/5313
f 4222/921/5194 4648/1334/5610 4657/1328/5599
f 4657/1328/5599 4648/1334/5610 4647/1335/5604
f 4647/1335/5604 4646/1033/5304 4655/1039/5311
f 4169/919/5193 4645/1336/5612 4654/1330/5600
f 4654/1330/5600 4645/1336/5612 4644/1337/5606
f 4644/1337/5606 4643/1031/5302 4652/1037/5309
f 4196/798/5195 4195/918/5190 4642/1338/5607
f 4651/1332/5602 4642/1338/5607 4641/1339/5608
f 4650/1333/5603 4641/1339/5608 4640/1030/5301
f 4222/921/5194 4221/915/5188 4639/1340/5609
f 4648/1334/5610 4639/1340/5609 4638/1341/5611
f 4638/1341/5611 4637/1027/5298 4646/1033/5304
f 4168/913/5187 4636/1342/5619 4645/1336/5612
f 4645/1336/5612 4636/1342/5619 4635/1343/5613
f 4644/1337/5606 4635/1343/5613 4634/1025/5297
f 4195/918/5190 4194/912/5184 4633/1344/5614
f 4642/1338/5607 4633/1344/5614 4632/1345/5615
f 4641/1339/5608 4632/1345/5615 4631/1024/5295
f 4220/909/5183 4630/1346/5616 4639/1340/5609
f 4630/1346/5616 4629/1347/5617 4638/1341/5611
f 4629/1347/5617 4628/1021/5293 4637/1027/5298
f 4168/913/5187 4167/907/5180 4627/1348/5618
f 4627/1348/5618 4626/1349/5625 4635/1343/5613
f 4635/1343/5613 4626/1349/5625 4625/1019/5290
f 4193/906/5179 4624/1350/5620 4633/1344/5614
f 4624/1350/5620 4623/1351/5621 4632/1345/5615
f 4623/1351/5621 4622/1018/5288 4631/1024/5295
f 4220/909/5183 4219/903/5177 4621/1352/5622
f 4630/1346/5616 4621/1352/5622 4620/1353/5623
f 4620/1353/5623 4619/1015/5287 4628/1021/5293
f 4166/901/5174 4618/1354/5630 4627/1348/5618
f 4627/1348/5618 4618/1354/5630 4617/1355/5624
f 4617/1355/5624 4616/1013/5285 4625/1019/5290
f 4193/906/5179 4192/900/5172 4615/1356/5626
f 4624/1350/5620 4615/1356/5626 4614/1357/5627
f 4623/1351/5621 4614/1357/5627 4613/1012/5283
f 4218/897/5170 4612/1358/5635 4621/1352/5622
f 4621/1352/5622 4612/1358/5635 4611/1359/5628
f 4611/1359/5628 4610/1009/5281 4619/1015/5287
f 4166/901/5174 4165/895/5168 4609/1360/5629
f 4618/1354/5630 4609/1360/5629 4608/1361/5631
f 4617/1355/5624 4608/1361/5631 4607/1007/5279
f 4192/900/5172 4191/894/5167 4606/1362/5632
f 4606/1362/5632 4605/1363/5633 4614/1357/5627
f 4605/1363/5633 4604/1006/5277 4613/1012/5283
f 4218/897/5170 4217/891/5164 4603/1364/5634
f 4612/1358/5635 4603/1364/5634 4602/1365/5636
f 4602/1365/5636 4601/1003/5274 4610/1009/5281
f 4164/889/5163 4600/1366/5637 4609/1360/5629
f 4600/1366/5637 4599/1367/5638 4608/1361/5631
f 4599/1367/5638 4598/1001/5273 4607/1007/5279
f 4190/888/5161 4597/1368/5639 4606/1362/5632
f 4597/1368/5639 4596/1369/5640 4605/1363/5633
f 4596/1369/5640 4595/1000/5270 4604/1006/5277
f 4216/885/5158 4594/1370/5641 4603/1364/5634
f 4594/1370/5641 4593/1371/5647 4602/1365/5636
f 4602/1365/5636 4593/1371/5647 4592/997/5269
f 4163/883/5156 4591/1372/5642 4600/1366/5637
f 4591/1372/5642 4590/1373/5643 4599/1367/5638
f 4590/1373/5643 4589/995/5267 4598/1001/5273
f 4190/888/5161 4189/882/5155 4588/1374/5644
f 4597/1368/5639 4588/1374/5644 4587/1375/5645
f 4596/1369/5640 4587/1375/5645 4586/994/5265
f 4216/885/5158 4215/879/5152 4585/1376/5646
f 4585/1376/5646 4584/1377/5648 4593/1371/5647
f 4584/1377/5648 4583/991/5262 4592/997/5269
f 4163/883/5156 4161/877/5150 4582/1378/5649
f 4591/1372/5642 4582/1378/5649 4581/1379/5650
f 4590/1373/5643 4581/1379/5650 4580/988/5261
f 4188/876/5149 4576/1380/5651 4588/1374/5644
f 4576/1380/5651 4575/1381/5652 4587/1375/5645
f 4575/1381/5652 4574/987/5258 4586/994/5265
f 4215/879/5152 4214/873/5146 4573/1382/5653
f 4573/1382/5653 4572/1383/5654 4584/1377/5648
f 4572/1383/5654 4571/984/5255 4583/991/5262
f 4162/809/5084 4577/1321/5591 4582/1378/5649
f 4577/1321/5591 4578/1323/5593 4581/1379/5650
f 4578/1323/5593 4579/1051/5259 4580/988/5261
f 4187/872/5144 4570/1384/5658 4576/1380/5651
f 4576/1380/5651 4570/1384/5658 4569/1385/5655
f 4575/1381/5652 4569/1385/5655 4568/983/5253
f 4213/869/5143 4567/1386/5656 4573/1382/5653
f 4567/1386/5656 4566/1387/5657 4572/1383/5654
f 4566/1387/5657 4565/980/5252 4571/984/5255
f 4186/868/5141 4564/1388/5659 4570/1384/5658
f 4564/1388/5659 4563/1389/5663 4569/1385/5655
f 4569/1385/5655 4563/1389/5663 4562/979/5250
f 4213/869/5143 4212/865/5139 4561/1390/5660
f 4567/1386/5656 4561/1390/5660 4560/1391/5661
f 4560/1391/5661 4559/975/5247 4565/980/5252
f 4186/868/5141 4185/863/5136 4558/1392/5662
f 4558/1392/5662 4557/1393/5664 4563/1389/5663
f 4557/1393/5664 4556/974/5245 4562/979/5250
f 4211/2038/5135 4555/1394/5665 4561/1390/5660
f 4555/1394/5665 4554/1395/5666 4560/1391/5661
f 4554/1395/5666 4553/1396/5244 4559/975/5247
f 4184/859/5133 4552/1397/5667 4558/1392/5662
f 4552/1397/5667 4551/1398/5671 4557/1393/5664
f 4557/1393/5664 4551/1398/5671 4550/970/5241
f 4210/856/5131 4549/1399/5673 4555/1400/5665
f 4555/1400/5665 4549/1399/5673 4548/1401/5668
f 4548/1401/5668 4547/967/5240 4553/971/5244
f 4184/859/5133 4183/855/5129 4546/1403/5669
f 4552/1397/5667 4546/1403/5669 4545/1404/5670
f 4545/1404/5670 4544/966/5237 4550/970/5241
f 4210/856/5131 4209/853/5126 4543/1405/5672
f 4549/1399/5673 4543/1405/5672 4542/1406/5674
f 4548/1401/5668 4542/1406/5674 4541/964/5236
f 4182/851/5124 4540/1407/5675 4546/1403/5669
f 4540/1407/5675 4539/1408/5676 4545/1404/5670
f 4539/1408/5676 4538/962/5233 4544/966/5237
f 4208/849/5123 4537/1409/5677 4543/1405/5672
f 4537/1409/5677 4536/1410/5680 4542/1406/5674
f 4542/1406/5674 4536/1410/5680 4535/960/5232
f 4181/847/5120 4534/1411/5681 4540/1407/5675
f 4540/1407/5675 4534/1411/5681 4533/1412/5678
f 4533/1412/5678 4532/958/5230 4538/962/5233
f 4207/845/5118 4531/1413/5683 4537/1409/5677
f 4537/1409/5677 4531/1413/5683 4530/1414/5679
f 4530/1414/5679 4529/956/5228 4535/960/5232
f 4180/843/5116 4528/1415/5682 4534/1411/5681
f 4528/1415/5682 4527/1416/5688 4533/1412/5678
f 4533/1412/5678 4527/1416/5688 4526/954/5225
f 4206/840/5114 4525/1417/5684 4531/1413/5683
f 4525/1417/5684 4524/1418/5685 4530/1414/5679
f 4524/1418/5685 4523/951/5224 4529/956/5228
f 4180/843/5116 4179/842/5113 4522/1419/5686
f 4528/1415/5682 4522/1419/5686 4521/1420/5687
f 4527/1416/5688 4521/1420/5687 4520/952/5222
f 4206/840/5114 4205/836/5111 4519/1421/5689
f 4519/1421/5689 4518/1422/5690 4524/1418/5685
f 4518/1422/5690 4517/947/5220 4523/951/5224
f 4178/834/5108 4516/1424/5695 4522/1423/5686
f 4522/1423/5686 4516/1424/5695 4515/1426/5691
f 4521/1425/5687 4515/1426/5691 4514/945/5218
f 4205/836/5111 4204/832/5107 4513/1427/5692
f 4519/1421/5689 4513/1427/5692 4512/1428/5693
f 4512/1428/5693 4511/943/5215 4517/947/5220
f 4178/834/5108 4177/829/5105 4510/1429/5694
f 4510/1429/5694 4509/1430/5696 4515/1426/5691
f 4509/1430/5696 4508/940/5213 4514/945/5218
f 4203/828/5103 4507/1431/5697 4513/1427/5692
f 4507/1431/5697 4506/1432/5698 4512/1428/5693
f 4506/1432/5698 4505/939/5212 4511/943/5215
f 4177/829/5105 4176/825/5100 4504/1433/5699
f 4510/1429/5694 4504/1433/5699 4503/1434/5700
f 4509/1430/5696 4503/1434/5700 4502/936/5209
f 4202/824/5099 4501/1435/5704 4507/1431/5697
f 4507/1431/5697 4501/1435/5704 4500/1436/5701
f 4506/1432/5698 4500/1436/5701 4499/935/5207
f 4176/825/5100 4175/821/5096 4498/1437/5702
f 4498/1437/5702 4497/1438/5703 4503/1434/5700
f 4497/1438/5703 4496/932/5206 4502/936/5209
f 4201/820/5095 4495/1439/5708 4501/1435/5704
f 4501/1435/5704 4495/1439/5708 4494/1440/5705
f 4500/1436/5701 4494/1440/5705 4493/931/5203
f 4175/821/5096 4174/817/5093 4492/1441/5706
f 4492/1441/5706 4491/1442/5707 4497/1438/5703
f 4491/1442/5707 4490/927/5200 4496/932/5206
f 4200/816/5091 4486/1443/5709 4495/1439/5708
f 4486/1443/5709 4485/1444/5710 4494/1440/5705
f 4494/1440/5705 4485/1444/5710 4484/796/5071
f 4174/817/5093 4173/813/5088 4487/1313/5584
f 4492/1441/5706 4487/1313/5584 4488/1315/5586
f 4491/1442/5707 4488/1315/5586 4489/1053/5324
f 4199/812/5087 4481/1316/5587 4486/1443/5709
f 4481/1316/5587 4482/1318/5589 4485/1444/5710
f 4482/1318/5589 4483/794/5069 4484/796/5071
f 4105/1445/5711 4800/1448/5714 4681/1446/5712
f 4800/1448/5714 4799/920/5192 4682/800/5075
f 4132/1449/5715 4131/1458/5723 4798/1450/5716
f 4677/1451/5717 4798/1450/5716 4797/917/5191
f 4157/1452/5718 4796/1455/5725 4673/1453/5719
f 4673/1453/5719 4796/1455/5725 4795/916/5189
f 4105/1445/5711 4104/1456/5727 4794/1457/5721
f 4800/1448/5714 4794/1457/5721 4793/914/5186
f 4130/1464/5722 4792/1459/5730 4798/1450/5716
f 4798/1450/5716 4792/1459/5730 4791/911/5185
f 4157/1452/5718 4156/1460/5733 4790/1461/5724
f 4796/1455/5725 4790/1461/5724 4789/910/5182
f 4103/1462/5726 4788/1463/5728 4794/1457/5721
f 4788/1463/5728 4787/908/5181 4793/914/5186
f 4129/1470/5729 4786/1465/5731 4792/1459/5730
f 4786/1465/5731 4785/905/5178 4791/911/5185
f 4155/1466/5732 4784/1467/5737 4790/1461/5724
f 4790/1461/5724 4784/1467/5737 4783/904/5176
f 4103/1462/5726 4102/1468/5740 4782/1469/5734
f 4788/1463/5728 4782/1469/5734 4781/902/5175
f 4129/1470/5729 4128/1476/5743 4780/1471/5735
f 4786/1465/5731 4780/1471/5735 4779/899/5173
f 4154/1472/5736 4778/1473/5738 4784/1467/5737
f 4778/1473/5738 4777/898/5171 4783/904/5176
f 4101/1474/5739 4776/1475/5741 4782/1469/5734
f 4776/1475/5741 4775/896/5169 4781/902/5175
f 4127/1482/5742 4774/1477/5747 4780/1471/5735
f 4780/1471/5735 4774/1477/5747 4773/893/5166
f 4154/1472/5736 4153/1478/5748 4772/1479/5744
f 4772/1479/5744 4771/892/5165 4777/898/5171
f 4100/1480/5745 4770/1481/5751 4776/1475/5741
f 4776/1475/5741 4770/1481/5751 4769/890/5162
f 4127/1482/5742 4126/1488/5753 4768/1483/5746
f 4768/1483/5746 4767/887/5160 4773/893/5166
f 4153/1478/5748 4152/1484/5755 4766/1485/5749
f 4766/1485/5749 4765/886/5159 4771/892/5165
f 4099/1486/5750 4764/1487/5752 4770/1481/5751
f 4764/1487/5752 4763/884/5157 4769/890/5162
f 4126/1488/5753 4125/1494/5758 4762/1489/5754
f 4762/1489/5754 4761/881/5154 4767/887/5160
f 4152/1484/5755 4151/1490/5761 4760/1491/5756
f 4766/1485/5749 4760/1491/5756 4759/880/5153
f 4099/1486/5750 4097/1492/5763 4758/1493/5757
f 4758/1493/5757 4757/878/5151 4763/884/5157
f 4125/1494/5758 4124/1500/5765 4756/1495/5759
f 4762/1489/5754 4756/1495/5759 4755/875/5148
f 4150/1496/5760 4754/1497/5768 4760/1491/5756
f 4760/1491/5756 4754/1497/5768 4753/874/5147
f 4098/1498/5762 4692/1499/5764 4758/1493/5757
f 4692/1499/5764 4691/810/5085 4757/878/5151
f 4124/1500/5765 4123/1504/5769 4752/1501/5766
f 4756/1495/5759 4752/1501/5766 4751/871/5145
f 4149/1502/5767 4750/1503/5772 4754/1497/5768
f 4754/1497/5768 4750/1503/5772 4749/870/5142
f 4123/1504/5769 4122/1508/5774 4748/1505/5770
f 4748/1505/5770 4747/867/5140 4751/871/5145
f 4148/1506/5771 4746/1507/5777 4750/1503/5772
f 4750/1503/5772 4746/1507/5777 4745/866/5138
f 4121/1512/5773 4744/1509/5775 4748/1505/5770
f 4744/1509/5775 4743/862/5137 4747/867/5140
f 4148/1506/5771 4147/1510/5779 4742/1511/5776
f 4746/1507/5777 4742/1511/5776 4741/864/5134
f 4120/1518/5778 4740/1513/5782 4744/1509/5775
f 4744/1509/5775 4740/1513/5782 4739/858/5132
f 4147/1516/5779 4146/1514/5784 4738/1517/5780
f 4738/1517/5780 4737/857/5130 4741/861/5134
f 4120/1518/5778 4119/1522/5785 4736/1519/5781
f 4740/1513/5782 4736/1519/5781 4735/854/5128
f 4145/1520/5783 4734/1521/5788 4738/1517/5780
f 4738/1517/5780 4734/1521/5788 4733/852/5127
f 4119/1522/5785 4118/1525/5790 4732/1523/5786
f 4736/1519/5781 4732/1523/5786 4731/850/5125
f 4144/1527/5787 4730/1524/5792 4734/1521/5788
f 4734/1521/5788 4730/1524/5792 4729/848/5122
f 4117/1529/5789 4728/1526/5794 4732/1523/5786
f 4732/1523/5786 4728/1526/5794 4727/846/5121
f 4144/1527/5787 4143/1531/5796 4726/1528/5791
f 4730/1524/5792 4726/1528/5791 4725/844/5119
f 4117/1529/5789 4116/1533/5798 4724/1530/5793
f 4728/1526/5794 4724/1530/5793 4723/841/5117
f 4142/1536/5795 4722/1532/5797 4726/1528/5791
f 4722/1532/5797 4721/839/5115 4725/844/5119
f 4116/1533/5798 4115/2108/5801 4720/1534/5799
f 4720/1534/5799 4719/1535/5112 4723/841/5117
f 4142/1536/5795 4141/1541/5803 4718/1537/5800
f 4718/1537/5800 4717/835/5110 4721/839/5115
f 4115/1538/5801 4114/1543/5805 4716/1539/5802
f 4720/1540/5799 4716/1539/5802 4715/833/5109
f 4141/1541/5803 4140/1545/5807 4714/1542/5804
f 4714/1542/5804 4713/831/5106 4717/835/5110
f 4114/1543/5805 4113/1548/5810 4712/1544/5806
f 4712/1544/5806 4711/830/5104 4715/833/5109
f 4140/1545/5807 4139/1550/5812 4710/1546/5808
f 4710/1546/5808 4709/827/5102 4713/831/5106
f 4112/1547/5809 4708/1549/5814 4712/1544/5806
f 4712/1544/5806 4708/1549/5814 4707/826/5101
f 4138/1554/5811 4706/1551/5816 4710/1546/5808
f 4710/1546/5808 4706/1551/5816 4705/823/5098
f 4112/1547/5809 4111/1552/5817 4704/1553/5813
f 4704/1553/5813 4703/822/5097 4707/826/5101
f 4137/1558/5815 4702/1555/5820 4706/1551/5816
f 4706/1551/5816 4702/1555/5820 4701/819/5094
f 4111/1552/5817 4110/1556/5823 4700/1557/5818
f 4704/1553/5813 4700/1557/5818 4699/818/5092
f 4136/1562/5819 4698/1559/5821 4702/1555/5820
f 4698/1559/5821 4697/815/5090 4701/819/5094
f 4109/1560/5822 4696/1561/5824 4700/1557/5818
f 4696/1561/5824 4695/814/5089 4699/818/5092
f 4135/1566/5825 4694/1563/5828 4698/1559/5821
f 4698/1559/5821 4694/1563/5828 4693/811/5086
f 4109/1560/5822 4108/1564/5832 4690/1565/5826
f 4690/1565/5826 4689/808/5083 4695/814/5089
f 4134/1572/5827 4688/1567/5829 4694/1563/5828
f 4688/1567/5829 4687/805/5081 4693/811/5086
f 4098/1498/5762 4160/1568/5836 4686/1569/5830
f 4692/1499/5764 4686/1569/5830 4685/804/5078
f 4107/1570/5831 4684/1571/5833 4690/1565/5826
f 4684/1571/5833 4683/802/5077 4689/808/5083
f 4133/1576/5834 4680/1573/5835 4688/1567/5829
f 4680/1573/5835 4679/797/5074 4687/805/5081
f 4160/1568/5836 4159/1574/5838 4676/1575/5837
f 4676/1575/5837 4675/730/5005 4685/804/5078
f 4107/1570/5831 4106/1447/5713 4681/1446/5712
f 4684/1571/5833 4681/1446/5712 4682/800/5075
f 4133/1576/5834 4132/1449/5715 4677/1451/5717
f 4677/1451/5717 4678/922/5072 4679/797/5074
f 4158/1454/5720 4673/1453/5719 4676/1575/5837
f 4673/1453/5719 4674/728/5003 4675/730/5005
f 3947/472/4753 4928/1577/5848 4805/1578/5839
f 4863/1579/5840 4869/1647/5906 4997/1580/5841
f 3921/473/4754 3920/471/4752 4926/1590/5843
f 4816/1583/5845 4812/1903/6155 4940/1584/5846
f 3946/470/4751 4924/1586/5856 4928/1577/5848
f 4919/1587/5849 5047/1635/5895 5043/1588/5850
f 3920/471/4752 3919/402/4686 4922/1598/5852
f 4864/1591/5853 4992/1836/6082 4998/1592/5854
f 3945/532/4812 4920/1594/5862 4924/1586/5856
f 4817/1595/4827 4945/1642/5901 4941/1596/5857
f 3919/402/4686 3918/401/4685 4918/1606/5858
f 4920/1599/5859 4916/1899/6151 5044/1600/5860
f 3944/531/4811 4916/1602/5870 4920/1594/5862
f 4871/1603/5863 4999/1666/5924 4993/1604/5864
f 3918/401/4685 3917/530/4810 4914/1614/5866
f 4818/1607/5867 4814/1896/6149 4942/1608/5868
f 3943/529/4809 4912/1610/5877 4916/1602/5870
f 4917/1611/4926 4921/1653/4930 5049/1612/5871
f 3917/530/4810 3916/528/4808 4910/1626/5873
f 4872/1615/5874 4866/1901/6153 4994/1616/5875
f 3942/527/4807 4908/1618/5890 4912/1610/5877
f 4819/1619/5878 4947/1660/5918 4943/1620/5879
f 3906/497/4777 3968/526/4806 4906/1633/5881
f 4918/1623/5883 5046/1858/6107 5050/1624/5884
f 3916/528/4808 3915/525/4805 4904/1636/5886
f 4867/1627/5887 4873/1683/5940 5001/1628/5888
f 3941/524/4804 4902/1630/5900 4908/1618/5890
f 4820/1631/5891 4816/1583/5845 4944/1585/5847
f 3968/526/4806 3967/523/4803 4900/1643/5893
f 4923/1634/5894 5051/1672/5930 5047/1635/5895
f 3915/525/4805 3914/522/4802 4898/1646/5896
f 4868/1637/5897 4996/1855/6102 5002/1638/5898
f 3940/521/4801 4896/1640/5908 4902/1630/5900
f 4821/1641/4830 4949/1678/5935 4945/1642/5901
f 3967/523/4803 3966/520/4800 4894/1652/5902
f 4924/1644/5903 4920/1599/5859 5048/1601/5861
f 3914/522/4802 3913/519/4799 4892/1655/5905
f 4869/1647/5906 4875/1701/5957 5003/1648/5907
f 3939/518/4798 4890/1649/5916 4896/1640/5908
f 4822/1650/5909 4818/1607/5867 4946/1609/5869
f 3966/520/4800 3965/517/4797 4888/1661/5911
f 4921/1653/4930 4925/1689/4934 5053/1654/5912
f 3913/519/4799 3912/516/4796 4886/1664/5913
f 4870/1593/5855 4998/1592/5854 5004/1656/5914
f 3938/515/4795 4884/1658/5925 4890/1649/5916
f 4823/1659/5917 4951/1696/5952 4947/1660/5918
f 3965/517/4797 3964/514/4794 4882/1670/5919
f 4922/1625/5885 5050/1624/5884 5054/1662/5920
f 3912/516/4796 3911/513/4793 4880/1673/5922
f 4877/1665/5923 5005/1720/5974 4999/1666/5924
f 3937/512/4792 4878/1667/5934 4884/1658/5925
f 4824/1668/5926 4820/1631/5891 4948/1632/5892
f 3964/514/4794 3963/511/4791 4876/1679/5928
f 4927/1671/5929 5055/1708/5964 5051/1672/5930
f 3911/513/4793 3910/510/4790 4874/1682/5931
f 4878/1674/5932 4872/1615/5874 5000/1617/5876
f 3936/509/4789 4872/1676/5942 4878/1667/5934
f 4825/1677/4834 4953/1714/5969 4949/1678/5935
f 3963/511/4791 3962/508/4788 4870/1688/5936
f 4928/1680/5937 4924/1644/5903 5052/1645/5904
f 3910/510/4790 3909/507/4787 4868/1691/5939
f 4873/1683/5940 4879/1731/5985 5007/1684/5941
f 3935/506/4786 4866/1685/5950 4872/1676/5942
f 4826/1686/5943 4822/1650/5909 4950/1651/5910
f 3962/508/4788 3961/505/4785 4864/1697/5945
f 4925/1689/4934 4802/1928/4938 4930/1690/5946
f 3909/507/4787 3908/504/4784 4862/1700/5947
f 4874/1639/5899 5002/1638/5898 5008/1692/5948
f 3934/503/4783 4860/1694/5959 4866/1685/5950
f 4827/1728/5951 4955/1695/5983 4951/1696/5952
f 3961/505/4785 3960/502/4782 4858/1706/5953
f 4926/1663/5921 5054/1662/5920 4929/1698/5954
f 3908/504/4784 3907/501/4781 4856/1709/5956
f 4875/1701/5957 4881/1744/5996 5009/1702/5958
f 3933/500/4780 4854/1703/5968 4860/1694/5959
f 4824/1668/5926 4952/1669/5927 4956/1704/5960
f 3960/502/4782 3959/499/4779 4852/1715/5962
f 4806/1707/5963 4934/1804/6050 5055/1708/5964
f 3907/501/4781 3905/498/4778 4850/1718/5965
f 4876/1657/5915 5004/1656/5914 5010/1710/5966
f 3932/496/4776 4846/1712/5975 4854/1703/5968
f 4829/1713/4838 4957/1742/5994 4953/1714/5969
f 3959/499/4779 3958/495/4775 4844/1724/5970
f 4805/1716/5971 4928/1680/5937 5056/1681/5938
f 3905/498/4778 3906/497/4777 4847/1622/5882
f 4883/1719/5973 5011/1759/6008 5005/1720/5974
f 3931/494/4774 4842/1721/5981 4846/1712/5975
f 4830/1722/5976 4826/1686/5943 4954/1687/5944
f 3958/495/4775 3957/493/4773 4840/1730/5978
f 4884/1725/5979 4878/1674/5932 5006/1675/5933
f 3930/492/4772 4838/1727/5987 4842/1721/5981
f 4831/2045/5982 4959/1729/6006 4955/1695/5983
f 3957/493/4773 3956/491/4771 4836/1737/5984
f 4879/1731/5985 4885/1771/6019 5013/1732/5986
f 3929/490/4770 4834/1733/5993 4838/1727/5987
f 4828/1705/5961 4956/1704/5960 4960/1734/5988
f 3956/491/4771 3955/1736/4769 4832/2039/5990
f 4880/1693/5949 5008/1692/5948 5014/1738/5991
f 3928/488/4768 4830/1740/5998 4834/1733/5993
f 4833/1741/4842 4961/1769/6017 4957/1742/5994
f 3955/489/4769 3954/487/4767 4828/1749/5995
f 4881/1744/5996 4887/1783/6031 5015/1745/5997
f 3927/486/4766 4826/1746/6004 4830/1740/5998
f 4834/1747/5999 4830/1722/5976 4958/1723/5977
f 3954/487/4767 3953/485/4765 4824/1757/6001
f 4882/1711/5967 5010/1710/5966 5016/1750/6002
f 3926/484/4764 4822/1752/6009 4826/1746/6004
f 4831/1753/5982 4835/1781/6028 4963/1754/6005
f 3952/483/4763 4820/1756/6012 4824/1757/6001
f 4889/1758/6007 5017/1974/6226 5011/1759/6008
f 3925/482/4762 4818/1760/6015 4822/1752/6009
f 4832/1761/5989 4960/2035/5988 4964/1762/6010
f 3951/481/4761 4816/1764/6018 4820/1756/6012
f 4890/1765/6013 4884/1725/5979 5012/1726/5980
f 3924/480/4760 4814/1767/6021 4818/1760/6015
f 4837/1768/6016 4965/1975/6227 4961/1769/6017
f 3950/478/4759 4812/1770/6024 4816/1764/6018
f 4885/1771/6019 4891/1970/6222 5019/1772/6020
f 3923/479/4758 4810/1773/6027 4814/1767/6021
f 4838/1774/6022 4834/1747/5999 4962/1748/6000
f 3949/476/4757 4808/1776/6030 4812/1770/6024
f 4886/1739/5992 5014/1738/5991 5020/1777/6025
f 3922/475/4756 4804/1779/6033 4810/1780/6027
f 4835/1781/6028 4839/1971/6223 4967/1782/6029
f 3948/474/4755 4805/1578/5839 4808/1776/6030
f 4887/1783/6031 4893/1965/6217 5021/1784/6032
f 3921/473/4754 4801/1582/5844 4804/1779/6033
f 4836/1763/6011 4964/1762/6010 4968/1785/6034
f 5032/1787/6036 5160/1979/6360 5166/1788/6037
f 4987/1790/6039 5115/1841/6089 5109/1791/6040
f 4929/1698/5954 5057/1794/6402 5060/1795/6042
f 5033/1796/6044 4976/1924/6174 5104/1797/6045
f 4988/1799/6047 4982/1922/6172 5110/1800/6048
f 4934/1804/6050 4935/1802/6085 5063/1838/6051
f 4975/1807/6053 5034/1805/6193 5162/1978/6054
f 4983/1808/6056 4989/1848/6097 5117/1809/6057
f 4933/1717/6059 5061/1812/6399 5064/1813/6060
f 5039/1814/6062 5167/1843/6091 5163/1815/6063
f 4990/1819/6065 4984/1817/6187 5112/2006/6066
f 4931/1822/6068 4937/1820/6093 5065/2034/6069
f 5036/1912/6071 5164/1824/6352 5168/1825/6072
f 4985/1826/6074 4991/1581/5842 5119/1827/6075
f 4932/1793/6043 5060/1795/6042 5066/1830/6077
f 5037/1831/6079 5041/1852/6100 5169/1832/6080
f 4992/1836/6082 4986/1834/6179 5114/2005/6083
f 4935/1802/6085 4939/1837/6104 5067/1856/6086
f 5038/1789/6038 5166/1788/6037 5170/1839/6087
f 4993/1604/5864 5121/1865/6115 5115/1841/6089
f 4936/1811/6061 5064/1813/6060 5068/1842/6090
f 5043/1588/5850 5171/1861/6110 5167/1843/6091
f 4994/1616/5875 4988/1799/6047 5116/1801/6049
f 4937/1846/6093 4941/1596/5857 5069/1863/6094
f 5040/1823/6073 5168/1825/6072 5172/1847/6095
f 4989/1848/6097 4995/1629/5889 5123/1849/6098
f 4942/1608/5868 4938/1897/6078 5066/1850/6077
f 5041/1852/6100 5045/1613/5872 5173/1853/6101
f 4996/1855/6102 4990/1819/6065 5118/1818/6067
f 4939/1837/6104 4943/1620/5879 5071/1869/6105
f 5042/1840/6088 5170/1839/6087 5174/1857/6106
f 4991/1581/5842 4997/1580/5841 5125/1859/6108
f 4940/1584/5846 5068/1842/6090 5072/1860/6109
f 5047/1635/5895 5175/1873/6123 5171/1861/6110
f 4998/1592/5854 4992/1836/6082 5120/1835/6084
f 4941/1596/5857 4945/1642/5901 5073/1875/6112
f 5044/1600/6096 5172/1847/6095 5176/1864/6113
f 4999/1666/5924 5127/1883/6134 5121/1865/6115
f 4946/1609/5869 4942/1608/5868 5070/1851/6099
f 5045/1613/5872 5049/1612/5871 5177/1867/6117
f 5000/1617/5876 4994/1616/5875 5122/1844/6092
f 4943/1620/5879 4947/1660/5918 5075/1881/6119
f 5046/1858/6107 5174/1857/6106 5178/1870/6120
f 4995/1629/5889 5001/1628/5888 5129/1871/6121
f 4944/1585/5847 5072/1860/6109 5076/1872/6122
f 5051/1672/5930 5179/1885/6136 5175/1873/6123
f 5002/1638/5898 4996/1855/6102 5124/1854/6103
f 4949/1678/5935 5077/1887/6138 5073/1875/6112
f 5048/1601/6114 5176/1864/6113 5180/1876/6125
f 4997/1580/5841 5003/1648/5907 5131/1877/6127
f 4950/1651/6128 4946/1609/5869 5074/1866/6116
f 5049/1612/5871 5053/1654/5912 5181/1879/6130
f 5004/1656/5914 4998/1592/5854 5126/1862/6111
f 4947/1660/5918 4951/1696/5952 5079/2033/6132
f 5050/1624/5884 5178/1870/6120 5182/1882/6133
f 5005/1720/5974 5133/2003/6398 5127/1883/6134
f 4948/1632/5892 5076/1872/6122 5080/1884/6135
f 5055/1708/5964 5183/1977/6400 5179/1885/6136
f 5006/1675/5933 5000/1617/5876 5128/1868/6118
f 4953/1714/5969 5081/2031/6333 5077/1887/6138
f 5052/1645/6126 5180/1876/6125 5184/1888/6139
f 5001/1628/5888 5007/1684/5941 5135/1889/6141
f 4954/1687/6142 4950/1651/6128 5078/1878/6129
f 5053/1654/5912 4930/1690/5946 5058/1891/6144
f 4914/1892/6145 5042/1840/6088 5046/1858/6107
f 4815/1621/5880 4943/1620/5879 4939/1837/6104
f 4862/1894/6147 4990/1819/6065 4996/1855/6102
f 4913/1895/6148 4917/1611/4926 5045/1613/5872
f 4814/1896/6149 4810/2040/6161 4938/1897/6078
f 4861/1898/6150 4867/1627/5887 4995/1629/5889
f 4916/1899/6151 4912/1911/6163 5040/1823/6152
f 4813/1597/4823 4941/1596/5857 4937/1846/6093
f 4866/1901/6153 4860/1921/6171 4988/1799/6047
f 4915/1589/5851 5043/1588/5850 5039/1814/6062
f 4812/1903/6155 4808/1917/6167 4936/1811/6061
f 4865/1605/5865 4993/1604/5864 4987/1790/6039
f 4910/1905/6157 5038/1789/6038 5042/1840/6088
f 4811/1893/6146 4939/1837/6104 4935/1802/6085
f 4858/1907/6159 4986/1834/6179 4992/1836/6082
f 4909/1908/6160 4913/1895/6148 5041/1852/6100
f 4810/1909/6161 4804/1925/6175 4932/1793/6043
f 4857/1910/6162 4863/1579/5840 4991/1581/5842
f 4912/1911/6163 4908/1934/6184 5036/1912/6164
f 4803/1914/4748 4809/1913/4819 4937/1820/6093
f 4856/1915/6165 4984/1817/6187 4990/1819/6065
f 4911/1902/6154 5039/1814/6062 5035/1816/6064
f 4808/1917/6167 4805/1716/5971 4933/1717/5972
f 4855/1918/6168 4861/1898/6150 4989/1848/6097
f 4906/1919/6169 5034/1805/6193 4975/1807/6053
f 4807/1906/6158 4935/1802/6085 4934/1804/6050
f 4860/1921/6171 4854/1942/6194 4982/1922/6172
f 4905/1923/6173 4848/1960/6212 4976/1924/6174
f 4801/1699/5955 4929/1698/5954 4932/1793/6043
f 4859/1904/6156 4987/1790/6039 4981/1792/6041
f 4904/1927/6177 5032/1787/6036 5038/1789/6038
f 4802/1928/4938 4803/1914/4748 4931/1822/6068
f 4852/1929/6178 4980/1950/6202 4986/1834/6179
f 4903/1930/6180 4909/1908/6160 5037/1831/6079
f 4851/1932/6182 4857/1910/6162 4985/1826/6074
f 4908/1934/6184 4902/1955/6207 5030/1935/6185
f 4850/1936/6186 4978/1957/6209 4984/1817/6187
f 4907/1916/6166 5035/1816/6064 5029/1937/6188
f 4849/1939/6190 4855/1918/6168 4983/1808/6056
f 4900/1941/6192 5028/1962/6214 5034/1805/6193
f 4854/1942/6194 4846/1963/6215 4974/1943/6195
f 4899/1944/6196 4905/1923/6173 5033/1796/6044
f 4853/1926/6176 4981/1792/6041 4973/1946/6198
f 4898/1948/6200 5026/1968/6220 5032/1787/6036
f 4844/1949/6201 4972/1969/6221 4980/1950/6202
f 4897/1951/6203 4903/1930/6180 5031/1931/6181
f 4843/1953/6205 4851/1932/6182 4979/1933/6183
f 4902/1955/6207 4896/1972/6224 5024/1956/6208
f 4847/1920/6170 4975/1807/6053 4978/1957/6209
f 4901/1938/6189 5029/1937/6188 5023/1958/6210
f 4848/1960/6212 4849/1939/6190 4977/1940/6191
f 4894/1961/6213 5022/1976/6228 5028/1962/6214
f 4846/1963/6215 4842/1973/6225 4970/1964/6216
f 4893/1965/6217 4899/1944/6196 5027/1945/6197
f 4845/1947/6199 4973/1946/6198 4969/1966/6218
f 4892/1778/6026 5020/1777/6025 5026/1968/6220
f 4840/1786/6035 4968/1785/6034 4972/1969/6221
f 4891/1970/6222 4897/1951/6203 5025/1952/6204
f 4839/1971/6223 4843/1953/6205 4971/1954/6206
f 4896/1972/6224 4890/1765/6013 5018/1766/6014
f 4842/1973/6225 4838/1774/6022 4966/1775/6023
f 4895/1959/6211 5023/1958/6210 5017/1974/6226
f 4841/1967/6219 4969/1966/6218 4965/1975/6227
f 4888/1751/6003 5016/1750/6002 5022/1976/6228
f 5184/1888/6229 5183/1977/6234 5062/1803/6230
f 5057/1794/6232 5182/1882/6235 5181/1879/6130
f 5180/1876/6233 5179/1885/6237 5183/1977/6234
f 5182/1882/6235 5178/1870/6238 5177/1867/6117
f 5176/1864/6236 5175/1873/6240 5179/1885/6237
f 5178/1870/6238 5174/1857/6241 5173/1853/6101
f 5172/1847/6239 5171/1861/6244 5175/1873/6240
f 5174/1857/6241 5170/1839/6245 5169/1832/6242
f 5168/1825/6243 5167/1843/6248 5171/1861/6244
f 5170/1839/6245 5166/1788/6252 5165/1833/6246
f 5164/1824/6247 5163/1815/6255 5167/1843/6248
f 5103/1806/6249 5162/1978/6256 5161/1798/6250
f 5166/1788/6252 5160/1979/6258 5159/1983/6253
f 5158/1984/6254 5157/1980/6261 5163/1815/6255
f 5162/1978/6256 5156/1981/6262 5155/1987/6257
f 5160/1979/6258 5154/1982/6264 5153/1989/6259
f 5152/1990/6260 5151/1985/6267 5157/1980/6261
f 5156/1981/6262 5150/1986/6268 5149/1993/6263
f 5154/1982/6264 5148/1988/6270 5147/1995/6265
f 5146/1996/6266 5145/1991/6273 5151/1985/6267
f 5150/1986/6268 5144/1992/6274 5143/1999/6269
f 5148/1988/6270 5142/1994/6276 5141/2001/6271
f 5140/2002/6272 5139/1997/6279 5145/1991/6273
f 5144/1992/6274 5138/1998/6280 5137/2004/6275
f 5142/1994/6276 5136/2000/6282 5135/1889/6277
f 5134/1886/6278 5133/2003/6285 5139/1997/6279
f 5138/1998/6280 5132/1880/6286 5131/1877/6281
f 5136/2000/6282 5130/1874/6288 5129/1871/6283
f 5128/1868/6284 5127/1883/6291 5133/2003/6285
f 5132/1880/6286 5126/1862/6292 5125/1859/6287
f 5130/1874/6288 5124/1854/6294 5123/1849/6289
f 5122/1844/6290 5121/1865/6297 5127/1883/6291
f 5126/1862/6292 5120/1835/6298 5119/1827/6293
f 5124/1854/6294 5118/1818/6300 5117/1809/6295
f 5116/1801/6296 5115/1841/6303 5121/1865/6297
f 5120/1835/6298 5114/2005/6304 5113/1828/6299
f 5118/1818/6300 5112/2006/6306 5111/1810/6301
f 5110/1800/6302 5109/1791/6309 5115/1841/6303
f 5114/2005/6304 5108/2007/6310 5107/2011/6305
f 5112/2006/6306 5106/2008/6312 5105/2012/6307
f 5102/2013/6308 5101/2009/6314 5109/1791/6309
f 5108/2007/6310 5100/2010/6315 5099/2016/6311
f 5106/2008/6312 5103/1806/6249 5104/1797/6251
f 5098/2017/6313 5097/2014/6318 5101/2009/6314
f 5100/2010/6315 5096/2015/6319 5095/2020/6316
f 5094/2021/6317 5093/2018/6322 5097/2014/6318
f 5096/2015/6319 5092/2019/6324 5091/2024/6320
f 5090/2025/6321 5089/2022/6326 5093/2018/6322
f 5088/2023/6323 5087/2036/6328 5091/2024/6320
f 5086/2030/6325 5085/2026/6330 5089/2022/6326
f 5084/2027/6327 5083/2032/6332 5087/2028/6328
f 5082/1890/6329 5081/2031/6333 5085/2026/6330
f 5080/1884/6331 5079/2033/6335 5083/2032/6332
f 5082/1890/6329 5078/1878/6336 5077/1887/6138
f 5076/1872/6334 5075/1881/6338 5079/2033/6335
f 5078/1878/6336 5074/1866/6339 5073/1875/6112
f 5072/1860/6337 5071/1869/6341 5075/1881/6338
f 5074/1866/6339 5070/1851/6342 5069/1863/6094
f 5068/1842/6340 5067/1856/6344 5071/1869/6341
f 5070/1851/6342 5066/1850/6345 5065/1845/6069
f 5064/1813/6343 5063/1838/6346 5067/1856/6344
f 5066/1830/6345 5060/1795/6347 5059/1821/6070
f 5061/1812/6231 5062/1803/6230 5063/1838/6346
f 5060/1795/6347 5057/1794/6232 5058/1891/6144
f 4930/1690/5946 4931/1822/6068 5059/1821/6070
f 4986/1834/6179 4980/1950/6202 5108/2007/6348
f 5031/1931/6181 5037/1831/6079 5165/1833/6081
f 4979/1933/6183 4985/1826/6074 5113/1828/6076
f 5030/1935/6351 5158/1984/6365 5164/1824/6352
f 4984/1817/6187 4978/1957/6209 5106/2008/6353
f 5035/1816/6064 5163/1815/6063 5157/1980/6354
f 4977/1940/6191 4983/1808/6056 5111/1810/6058
f 5034/1805/6193 5028/1962/6214 5156/1981/6356
f 4982/1922/6172 4974/1943/6195 5102/2013/6357
f 5027/1945/6197 5033/1796/6044 5161/1798/6046
f 4981/1792/6041 5109/1791/6040 5101/2009/6359
f 5026/1968/6220 5154/1982/6371 5160/1979/6360
f 4980/1950/6202 4972/1969/6221 5100/2010/6361
f 5025/1952/6204 5031/1931/6181 5159/1983/6349
f 4971/1954/6206 4979/1933/6183 5107/2011/6350
f 5024/1956/6364 5152/1990/6376 5158/1984/6365
f 4978/1957/6209 4975/1807/6053 5103/1806/6055
f 5029/1937/6188 5157/1980/6354 5151/1985/6366
f 4976/1924/6174 4977/1940/6191 5105/2012/6355
f 5028/1962/6214 5022/1976/6228 5150/1986/6367
f 4974/1943/6195 4970/1964/6216 5098/2017/6368
f 5021/1784/6032 5027/1945/6197 5155/1987/6358
f 4973/1946/6198 5101/2009/6359 5097/2014/6370
f 5020/1777/6025 5148/1988/6383 5154/1982/6371
f 4972/1969/6221 4968/1785/6034 5096/2015/6372
f 5019/1772/6020 5025/1952/6204 5153/1989/6362
f 4967/1782/6029 4971/1954/6206 5099/2016/6363
f 5018/1766/6375 5146/1996/6387 5152/1990/6376
f 4970/1964/6216 4966/1775/6023 5094/2021/6377
f 5023/1958/6210 5151/1985/6366 5145/1991/6378
f 4969/1966/6218 5097/2014/6370 5093/2018/6322
f 5022/1976/6228 5016/1750/6002 5144/1992/6379
f 4968/1785/6034 4964/1762/6010 5092/2019/6380
f 5015/1745/5997 5021/1784/6032 5149/1993/6369
f 4963/1754/6005 4967/1782/6029 5095/2020/6374
f 5014/1738/5991 5142/1994/6393 5148/1988/6383
f 4966/1775/6023 4962/1748/6000 5090/2025/6384
f 5013/1732/5986 5019/1772/6020 5147/1995/6373
f 4965/1975/6227 5093/2018/6322 5089/2022/6326
f 5012/1726/6386 5140/2002/6396 5146/1996/6387
f 4960/2035/5988 5088/2023/6394 5092/2019/6380
f 5017/1974/6226 5145/1991/6378 5139/1997/6388
f 4959/1755/6006 4963/1754/6005 5091/2024/6382
f 5016/1750/6002 5010/1710/5966 5138/1998/6390
f 4962/1748/6000 4958/1723/6397 5086/2030/6391
f 5009/1702/5958 5015/1745/5997 5143/1999/6381
f 4961/1769/6017 5089/2022/6326 5085/2026/6330
f 5008/1692/5948 5136/2000/6403 5142/1994/6393
f 4956/1704/5960 5084/2027/6401 5088/2029/6394
f 5007/1684/5941 5013/1732/5986 5141/2001/6385
f 4955/1695/5983 4959/1729/6006 5087/2028/6389
f 5012/1726/6386 5006/1675/5933 5134/1886/6137
f 4958/1723/6397 4954/1687/6142 5082/1890/6143
f 5011/1759/6008 5139/1997/6388 5133/2003/6398
f 5056/1681/6140 5184/1888/6139 5061/1812/6399
f 4957/1742/5994 5085/2026/6330 5081/2031/6333
f 5010/1710/5966 5004/1656/5914 5132/1880/6131
f 4934/1804/6050 5062/1803/6052 5183/1977/6400
f 4952/1669/5927 5080/1884/6135 5084/2027/6401
f 5009/1702/5958 5137/2004/6392 5131/1877/6127
f 5054/1662/5920 5182/1882/6133 5057/1794/6402
f 4951/1696/5952 4955/1695/5983 5083/2032/6395
f 5002/1638/5898 5130/1874/6124 5136/2000/6403
